.f	ʔɛf
.fj	ʔɛfi
.j	aj
.j	t
.j	ɾ
.j	ʔ
.j	ʔi
.jn	ʔin
.k	k
.k	ʔɛk
.kj	ʔki
.kj	ʔɛki
.kw	ku
.kw	ʔkuː
.kꜣ	ʔkɑ
.n	ʔɛn
.nj	ʔɛni
.nw	ʔnuː
.s	ʔɛs
.sj	ʔɛsi
.sn	ʔsɛn
.snj	ʔsɛni
.st	ʔsɛt
.sw	ʔsuː
.t	ʔɛt
.tj	ʔti
.tjwn	ʔtiuːn
.tjwnj	ʔtiuːni
.tn	ʔtɛn
.tnj	ʔtɛni
.tw	ʔtuː
.twn	ʔtuːn
.ty	ʔtiː
.w	ʔuː
.wj	ʔuːi
.wjn	ʔuːin
.wn	ʔuːn
.wy	ʔuːiː
.y	ʔiː
.ḫr	ʔxɛr
.ṯ	c
.ṯ	t
.ṯ	ʔ
.ṯ	ʔɛt͡ʃ
.ṯn	ʔt͡ʃɛn
.ṯnj	ʔt͡ʃɛni
bbr	bɛbɛr
bbwt	bɛbuːt
bdt	bɛdɛt
bdš	bɛdɛʃ
bgs	bɛɡɛs
bjk	bik
bjn	baːjin
bjn	baːʔən
bjn	bin
bjn	βoːʔən
bjnt	bajnVt
bjnt	bajnVʔ
bjnt	binɛt
bjnt	βajnə
bjrwnygꜣt	biruːniːɡɑt
bjrwnygꜣt	βəɾəniːkə
bjt	bijat
bjt	bijaʔ
bjt	bit
bjt	βəjaʔ
bjtj	bijatVj
bjtj	biti
bjtj	βəjatə
bjꜣ	biɑ
bjꜣt	biɑt
bjꜣyt	biɑiːt
bkꜣ	bɛkɑ
bn	bɛn
bnbnt	bɛnbɛnɛt
bnr	binij
bnr	biniɾ
bnr	bɛnɛr
bnr	βəneʔ
bntj	bɛnti
bntwt	bɛntuːt
bnw	bɛnuː
bnš	bɛnɛʃ
bs	bɛs
btj	bɛti
btꜣ	bɛtɑ
bw	buː
bwt	buːt
bwtj	buːti
bzj	bɛzi
bšj	bɛʃi
bšṯ	bɛʃɛt͡ʃ
bḥdt	bɛħdɛt
bḥn	bɛħɛn
bḥs	bɛħɛs
bḥz	bɛħɛz
bḫnt	bɛxnɛt
bṯ	bɛt͡ʃ
bẖbẖ	bɛçbɛç
bꜣ	bɑ
bꜣbꜣrw	bɑbɑruː
bꜣgj	biʀkʼit
bꜣgj	biʀkʼiʔ
bꜣgj	biːkʼaʔ
bꜣgj	bɑɡi
bꜣgj	βiːkʼə
bꜣgsw	bɑɡsuː
bꜣj	bɑi
bꜣjr	bɑir
bꜣjr	βøʔɾə
bꜣk	baːʀak
bꜣk	baːʔək
bꜣk	bɑk
bꜣk	βoːʔək
bꜣkt	baʀkat
bꜣkt	baʀkaʔ
bꜣkt	baːkaʔ
bꜣkt	bɑkɛt
bꜣkt	βoːkə
bꜣkw	baʀkaw
bꜣkw	baːkəʔ
bꜣkw	bɑkuː
bꜣkw	βoːk
bꜣkꜣ	bɑkɑ
bꜣs	bɑs
bꜣst	bɑsɛt
bꜣstt	buʀistit
bꜣstt	buʀistiʔ
bꜣstt	bɑstɛt
bꜣstt	ʔuβestə
bꜣt	baːʀat
bꜣt	baːʀaʔ
bꜣt	bɑt
bꜣt	βoːʔə
bꜣw	bɑuː
bꜣḥ	bɑħ
bꜣẖ	bɑç
bꜣẖw	baʀçaw
bꜣẖw	baːçəʔ
bꜣẖw	bɑçuː
bꜣẖw	βoːç
bꜥr	bɑːr
bꜥḥ	bɑːħ
bꜥḥj	biʕħit
bꜥḥj	biʕħiʔ
bꜥḥj	bɑːħi
bꜥḥj	βeʕħə
db	dɛb
db	tʼep
db	tʼib
dbn	dɛbɛn
dbn	tʼiːban
dbn	tʼiːβən
dbnt	dɛbnɛt
dbḥ	dɛbɛħ
ddw	dɛduː
dgj	dɛɡi
dgm	dɛɡɛm
dgm	tʼeːkʼəm
dgm	tʼuːkʼVm
dgꜣj	dɛɡɑi
dhnt	dɛhnɛt
dj	di
djnw	dinuː
djw	diuː
djw	tʼiːjaw
djw	tʼiːw
djw	tʼiːwəʔ
dm	dɛm
dmj	dɛmi
dmj	tʼiːmij
dmj	tʼiːmiʔ
dmj	tʼiːmə
dmḏ	dɛmɛd͡ʒ
dmḏj	dɛmɛd͡ʒi
dmḏj	tʼaːmacʼ
dmḏj	tʼaːmatʼ
dmḏj	tʼemtʼə
dmḏj	tʼimcʼit
dmḏj	tʼimtʼiʔ
dmḏj	tʼoːmətʼ
dmꜣt	dɛmɑt
dn	dɛn
dnd	dɛnɛd
dng	dɛnɛɡ
dnjt	dɛnit
dnjt	tʼanjut
dnjt	tʼanjuʔ
dnjt	tʼanʔə
dns	dɛnɛs
dp	dɛp
dpt	dɛpɛt
dpt	tʼVːput
dpt	tʼVːpuʔ
dpt	tʼVːpə
dpt	tʼiːpVt
dpt	tʼiːpVʔ
dpt	tʼiːpə
dpy	dɛpiː
dqr	dɛkɛr
dr	dɛr
drp	dɛrɛp
ds	dɛs
dsj	dɛsi
dwn	duːn
dwn	tʼaːwan
dwn	tʼoːwən
dwꜣ	duːɑ
dwꜣt	duːɑt
dwꜣt	tʼeːʔə
dwꜣt	tʼuwʀat
dwꜣt	tʼuwʀaʔ
dwꜣt	tʼuːʔa
dwꜣtj	duːɑti
dwꜣw	duːɑuː
dyw	diːuː
dyw	tʼijjaw
dšr	dɛʃɛr
dšr	tʼaːɾiʃ
dšr	tʼaːʃiɾ
dšr	tʼeːʃə
dšr	tʼoːɾəʃ
dšr	tʼuːʃVɾ
dšr	tʼuːʃVʔ
dšrt	dɛʃrɛt
dšrt	tʼaʃɾat
dšrt	tʼaʃɾaʔ
dšrt	tʼaʃɾə
dḥr	dɛħɛr
dꜣ	dɑ
dꜣb	dɑb
dꜣdꜣ	dɑdɑ
dꜣr	dɑr
dꜣt	dɑt
fdq	fɛdɛk
fgn	fɛɡɛn
fk	fɛk
fn	fɛn
fnḏ	fɛnɛd͡ʒ
fnḫw	fɛnɛxuː
fnṯ	fent
fnṯ	fincuw
fnṯ	fintaʔ
fnṯ	fintuw
fnṯ	fɛnɛt͡ʃ
ftft	fɛtfɛt
fḫ	fɛx
fḫt	fɛxɛt
fꜣj	fɑi
gbb	kʼeːβ
gbb	kʼuːbab
gbb	ɡɛbɛb
gbtjw	ɡɛbtiuː
gbꜣ	ɡɛbɑ
gm	ɡɛm
gmgm	kʼamkʼam
gmgm	kʼamkʼəm
gmgm	ɡɛmɡɛm
gmj	kʼiːmit
gmj	kʼiːmiʔ
gmj	kʼiːmə
gmj	ɡɛmi
gmt	ɡɛmɛt
gmḥ	ɡɛmɛħ
gmḥt	ɡɛmħɛt
gnn	ɡɛnɛn
gnẖ	ɡɛnɛç
gp	kʼaːp
gp	kʼeːp
gp	kʼoːp
gp	kʼuːpaw
gp	ɡɛp
gr	kʼaːɾ
gr	kʼaːʔ
gr	kʼoːʔ
gr	ɡɛr
grg	kʼalkʼ
grg	kʼalkʼuw
grg	kʼalkʼəʔ
grg	ɡɛrɛɡ
grgt	kʼaɾuːkʼVt
grgt	kʼaɾuːkʼVʔ
grgt	kʼəɾeːkʼə
grgt	kʼəɾuːkʼaʔ
grgt	ɡɛrɡɛt
grt	ɡɛrɛt
grw	ɡɛruː
grḥ	kʼaːɾaħ
grḥ	kʼoːɾəħ
grḥ	ɡɛrɛħ
gs	ɡɛs
gstj	kʼast
gstj	kʼastVj
gstj	ɡɛsti
gsꜣ	ɡɛsɑ
gwš	ɡuːʃ
gḥs	kʼaħas
gḥs	kʼəħas
gḥs	ɡɛħɛs
gꜣbt	kʼaʀbat
gꜣbt	kʼaʀbaʔ
gꜣbt	kʼoːβə
gꜣbt	ɡɑbɛt
gꜣw	ɡɑuː
gꜣš	kʼeʃ
gꜣš	ɡɑʃ
h	hɛ
hb	hɛb
hbhb	hɛbhɛb
hbj	hibjaw
hbj	hijbaw
hbj	hiːbəʔ
hbj	hiːp
hbj	hɛbi
hbnj	hɛbni
hh	hɛh
hj	hej
hj	hi
hj	hij
hkr	hɛkɛr
hmhmt	hɛmhɛmɛt
hmy	hɛmiː
hn	hɛn
hndwꜣy	hɛnduːɑiː
hnn	hɛnɛn
hnw	hiːn
hnw	hiːnaw
hnw	hiːnəʔ
hnw	hɛnuː
hp	hɛp
hp	ħep
hp	ħip
hrm	hɛrɛm
hrw	haɾuwwaw
hrw	haɾwuw
hrw	haʔw
hrw	haʔwuw
hrw	haʔwəʔ
hrw	həɾuwwəʔ
hrw	həɾøww
hrw	hɛruː
hy	hiː
hꜣ	hɑ
hꜣb	hɑb
hꜣj	heʔjaʔ
hꜣj	heʔjə
hꜣj	hiʀjit
hꜣj	hiʀjiʔ
hꜣj	hɑi
hꜣkr	hɑkɛr
hꜣw	hɑuː
j	i
j.	i
jb	ib
jb	jib
jb	ʔep
jbhyt	ibhiːt
jbj	ibi
jbj	jiːbit
jbj	jiːbiʔ
jbj	ʔiːβə
jbr	ibɛr
jbt	ibɛt
jbt	jiːbat
jbt	jiːbaʔ
jbt	ʔiːβə
jbḥ	ibɛħ
jbṯt	ibt͡ʃɛt
jbꜣ	ibɑ
jd	id
jdb	idɛb
jdbwj	idɛbuːi
jdj	idi
jdmj	idmi
jdmj	jVtʼuːmVj
jdmj	ʔətʼeːm
jdr	idɛr
jdt	idɛt
jdt	jaːtʼat
jdt	jaːtʼaʔ
jdt	ʔoːtʼə
jdw	iduː
jdwmꜥ	iduːmɑː
jdyt	idiːt
jdḥw	idħuː
jf	if
jfd	ifɛd
jfdnw	ifɛdnuː
jfdw	ifɛduː
jfdw	jaftʼaw
jfdw	ʔəftʼaw
jgrt	iɡrɛt
jhm	ihɛm
jj	iʔi
jj.tj	iʔiʔti
jjwj	iʔiuːi
jkm	ikɛm
jkn	ikɛn
jky	ikiː
jm	im
jmj	imi
jmj	jamij
jmj	jiːmit
jmj	jiːmiʔ
jmj	ʔiːmaʔ
jmj	ʔiːmə
jmj	ʔəmeʔ
jmjtw	imituː
jmn	imɛn
jmn	jamaːnuw
jmn	jamiːnij
jmn	ʔamaːnəʔ
jmn	ʔamiːn
jmn	ʔamoːn
jmnt	imɛnɛt
jmnt	jamaːnut
jmnt	jamnat
jmnt	jamnaʔ
jmnt	jamnə
jmntj	imɛnti
jmntj	jamintij
jmntj	ʔəment
jmntt	imɛnɛtɛt
jmntt	jamintit
jmntt	jamintiʔ
jmntt	ʔamentə
jmr	imɛr
jmstj	imsɛti
jmw	imuː
jmwr	imuːr
jmy	imiː
jmḏr	imd͡ʒɛr
jmḥt	imħɛt
jmꜣ	imɑ
jmꜣt	imɑt
jmꜣḫ	imɑx
jmꜣḫw	imɑxuː
jn	in
jnb	inɛb
jnbt	inbɛt
jnd	inɛd
jnj	ini
jnj	jiːnit
jnj	jiːniʔ
jnj	ʔiːnə
jnjwbꜣ	iniuːbɑ
jnk	inɛk
jnk	janak
jnk	ʔanak
jnm	inɛm
jnn	inɛn
jnn	janan
jnn	ʔanan
jnpw	inɛpuː
jnpw	janaːpaw
jnpw	ʔanaːpəʔ
jnpw	ʔanoːp
jnpwt	inpuːɛt
jnq	inɛk
jnr	inɛr
jnr	jaːnaɾ
jnr	jaːnaʔ
jnr	ʔoːnə
jnst	insɛt
jnswj	insuːi
jnt	inɛt
jntjrwywꜣšꜣ	intiruːiːuːɑʃɑ
jnw	inuː
jnḥ	inɛħ
jnꜥ	inɑː
jp	ip
jpf	ipɛf
jpn	ipɛn
jpt	ipɛt
jpt	ʔapat
jptf	iptɛf
jptn	iptɛn
jptw	iptuː
jpw	ipuː
jpwj	ipuːi
jpḥ	ipɛħ
jqdw	ikɛduː
jqr	ikɛr
jqr	jaːqʼaɾ
jqr	jaːqʼaʔ
jqr	jaːqʼiɾ
jqr	jaːqʼiʔ
jqr	joːqʼə
jqḥw	ikɛħuː
jr	ir
jrj	iri
jrj	jiːɾit
jrj	jiːɾiʔ
jrj	ʔiːɾaʔ
jrj	ʔiːɾə
jrm	irɛm
jrp	irɛp
jrp	juːɾap
jrp	ʔeːɾəp
jrsjrnꜣt	irsirɛnɑt
jrt	irɛt
jrt	jiːɾat
jrt	jiːɾaʔ
jrt	ʔiːɾə
jrtjw	irtiuː
jrw	iruː
jrwrꜣ	iruːrɑ
jry	iriː
jrṯt	irt͡ʃɛt
jrṯt	jVɾaːcat
jrṯt	jVɾaːtaʔ
jrṯt	ʔəɾoːtə
js	is
jspt	ispɛt
jspt	jispat
jspt	jispaʔ
jspt	ʔespaʔ
jspt	ʔespə
jsqꜣrnj	iskɑrɛni
jsqꜣrwnj	iskɑruːni
jsr	isɛr
jsry	isriː
jst	isɛt
jsw	isuː
jsw	jiːsVw
jsw	ʔiːs
jsw	ʔiːsəʔ
jswr	isuːr
jsṯ	isɛt͡ʃ
jt	it
jt	jatjaw
jt	jaʔtə
jt	jaʔtəʔ
jt	jaːtij
jt	jaːtəʔ
jt	joːt
jtj	iti
jtmw	itɛmuː
jtn	itɛn
jtn	jaːtin
jtn	jaːtəj
jtn	joːtəj
jtnw	itɛnuː
jtrt	itrɛt
jtrw	itɛruː
jtrw	jatɾaw
jtrw	jaʔɾ
jtrw	jaʔɾaw
jty	itiː
jtḥ	itɛħ
jw	iuː
jwd	iuːd
jwdnb	iuːdnɛb
jwf	iuːf
jwf	jawfaːwaw
jwf	juwfuw
jwf	ʔafoːj
jwf	ʔaʔfaːjəʔ
jwf	ʔuʔfəʔ
jwf	ʔøʔf
jwh	iuːh
jwj	iuːi
jwjt	iuːit
jwjw	iuːiuː
jwms	iuːmɛs
jwn	iuːn
jwn	jawin
jwn	ʔawen
jwn	ʔawin
jwnj	iuːni
jwnt	iuːnɛt
jwntj	iuːnɛti
jwnw	iuːnuː
jwnw	jaːnaw
jwnw	ʔaːnəʔ
jwnw	ʔoːnə
jwnyt	iuːniːt
jwr	iuːr
jwrꜣḥy	iuːrɑħiː
jwsw	iuːsuː
jwt	iuːt
jwtj	iuːti
jwtt	iuːtɛt
jwwj	iuːʔuːi
jwyt	iuːiːt
jwḥ	iuːħ
jwꜣ	iuːɑ
jwꜥ	iuːɑː
jwꜥt	iuːɑːt
jwꜥw	iuːɑːuː
jwꜥw	jawʕ
jwꜥw	jawʕaw
jwꜥw	jawʕəʔ
jyt	iʔiːt
jz	iz
jzft	izfɛt
jzft	jazaːfat
jzft	ʔasaːfaʔ
jzft	ʔasoːfə
jzftj	izfɛti
jzkn	izkɛn
jzr	izɛr
jzr	jasɾVw
jzr	jazɾVw
jzr	ʔasɾ
jzwt	izuːt
jšdt	iʃɛdɛt
jšst	iʃɛsɛt
jšš	iʃɛʃ
jḥ	iħ
jḥ	jaħij
jḥ	jaħiww
jḥ	ʔəħeww
jḥ	ʔəħeʔ
jḥw	iħuː
jḥw	jaħaːwaw
jḥw	ʔəħoːw
jḫ	ix
jḫ	juχ
jḫ	ʔuχ
jḫ	ʔøχ
jḫmt	ixmɛt
jḫt	ixɛt
jḫḫw	ixɛxuː
jṯj	it͡ʃi
jṯꜣ	it͡ʃɑ
jꜣbj	iɑbi
jꜣbt	iɑbɛt
jꜣbt	jaʀbat
jꜣbt	jaʀbaʔ
jꜣbt	joːβə
jꜣbtj	iɑbti
jꜣbtj	jaʀibtij
jꜣbtj	ʔəjeβt
jꜣbtt	iɑbɛtɛt
jꜣdw	iɑduː
jꜣjw	iɑiuː
jꜣkb	iɑkɛb
jꜣkbyt	iɑkɛbiːt
jꜣmw	iɑmuː
jꜣq	iɑk
jꜣqt	iɑkɛt
jꜣqt	juʀqʼat
jꜣqt	juʀqʼaʔ
jꜣqt	ʔeːqʼə
jꜣqt	ʔuːqʼaʔ
jꜣr	iɑr
jꜣrrt	iɑrɛrɛt
jꜣrrt	jaʀlaljat
jꜣrrt	jaʀlaljaʔ
jꜣrrt	ʔalalʔə
jꜣrw	iɑruː
jꜣs	iɑs
jꜣt	iɑt
jꜣtjw	iɑtiuː
jꜣtt	iɑtɛt
jꜣw	iɑuː
jꜣw	jaʀaw
jꜣw	ʔəʔaw
jꜣwj	iɑuːi
jꜣwt	iɑuːt
jꜣš	iɑʃ
jꜣḫmjnš	iɑxminɛʃ
jꜣḫw	iɑxuː
jꜣḫw	jaʀχaw
jꜣḫw	joːχ
jꜣꜣ	iɑʔɑ
jꜣꜣt	iɑʔɑt
jꜣꜣyt	iɑʔɑiːt
jꜣꜥ	iɑʔɑː
jꜥb	iɑːb
jꜥf	iɑːf
jꜥj	iɑːi
jꜥn	iɑːn
jꜥn	jaʕin
jꜥn	ʔaʕen
jꜥnt	iɑːnɛt
jꜥnw	iɑːnuː
jꜥr	iɑːr
jꜥrt	iɑːrɛt
jꜥḥ	iɑːħ
jꜥḥ	jajħuw
jꜥḥ	jaʔħ
jꜥḥ	jaʔħəʔ
jꜥḥ	jaʕħuw
jꜥꜣ	iɑːʔɑ
kbn	kaban
kbn	kəβan
kbn	kɛbɛn
kf	kɛf
kfj	kɛfi
kftjw	kɛftiuː
kftyw	kɛftiːuː
kfꜣ	kɛfɑ
kj	ki
kkw	kɛkuː
km	kaːm
km	keːm
km	koːm
km	kuːmaw
km	kɛm
kmbjṯt	kɛmbit͡ʃɛt
kmm	kɛmɛm
kmt	keːmə
kmt	kuːmat
kmt	kuːmaʔ
kmt	kɛmɛt
kmyt	kɛmiːt
kns	kɛnɛs
knꜥnw	kɛnɑːnuː
krtj	kɛrti
ksj	kɛsi
ksw	kɛsuː
ktt	katat
ktt	kataʔ
ktt	kətaʔ
ktt	kɛtɛt
kw	kuː
ky	kiː
kš	kɛʃ
kꜣ	kaʀ
kꜣ	kaʔ
kꜣ	kuʀ
kꜣ	kuʔ
kꜣ	køʔ
kꜣ	kɑ
kꜣhs	kɑhɛs
kꜣj	kɑi
kꜣkꜣ	kɑkɑ
kꜣm	kaʀm
kꜣm	kaʀnVw
kꜣm	koːm
kꜣm	kɑm
kꜣmn	kɑmɛn
kꜣmw	kaʀmiw
kꜣmw	kaʀmiwwaw
kꜣmw	kɑmuː
kꜣmw	kəmeʔ
kꜣmw	kəmeʔw
kꜣnꜥnꜥ	kɑnɑːnɑː
kꜣp	kaːʀap
kꜣp	koːʔəp
kꜣp	kɑp
kꜣpt	kɑpɛt
kꜣpw	kɑpuː
kꜣr	kɑr
kꜣry	kɑriː
kꜣs	kɑs
kꜣt	kɑt
kꜣw	kɑuː
kꜣwtj	kɑuːti
kꜣš	kɑʃ
kꜣštꜣ	kɑʃtɑ
m	ma
m	mə
m	m̩
m	ɛm
mds	mɛdɛs
mdt	maːtʼat
mdt	maːtʼaʔ
mdt	moːtʼə
mdt	mətʼət
mdt	mɛdɛt
mdw	matʼuww
mdw	maːtʼaw
mdw	moːtʼ
mdw	mətʼøww
mdw	mɛduː
mdwj	metʼwə
mdwj	mitʼwit
mdwj	mitʼwiʔ
mdwj	mɛduːi
mfkꜣt	mafakʀat
mfkꜣt	mafakʀaʔ
mfkꜣt	məfaʔkə
mfkꜣt	mɛfkɑt
mhj	mɛhi
mj	mi
mjgꜣdn	miɡɑdɛn
mjktj	mikti
mjn	min
mjnb	minɛb
mjnj	meʔnaʔ
mjnj	meʔnə
mjnj	mijnit
mjnj	mijniʔ
mjnj	mini
mjnt	minɛt
mjt	mit
mjtj	miti
mjtt	mitɛt
mjtw	mituː
mjw	miuː
mjw	miʀjuw
mjwj	miuːi
mjzt	mizɛt
mjḫꜣt	maχʀaːjit
mjḫꜣt	maχʀaːjiʔ
mjḫꜣt	mixɑt
mjḫꜣt	məχoːʔ
mjḫꜣt	məχʔaːʔəʔ
mkj	mɛki
mkt	mɛkɛt
mm	mɛm
mmj	mɛmi
mn	maːn
mn	moːn
mn	mɛn
mnhz	manhas
mnhz	manhaz
mnhz	manhəs
mnhz	mɛnhɛz
mnj	manij
mnj	məneʔ
mnj	mɛni
mnjt	mɛnit
mnjw	mɛniuː
mnmn	mɛnmɛn
mnmnt	mɛnmɛnɛt
mnt	maːnat
mnt	maːnaʔ
mnt	moːnə
mnt	mɛnɛt
mnty	mVnaːtij
mnty	mənoːtə
mnty	mɛntiː
mnw	mɛnuː
mnwt	mɛnuːt
mnyt	mɛniːt
mnḏ	manacʼ
mnḏ	manatʼ
mnḏ	mənatʼ
mnḏ	mɛnɛd͡ʒ
mnḏm	mɛnd͡ʒɛm
mnḏr	mɛnd͡ʒɛr
mnḏt	mɛnd͡ʒɛt
mnḥ	mɛnɛħ
mnḥtj	mɛnħɛti
mnḫ	mɛnɛx
mnḫt	mawnaːχit
mnḫt	mawnaːχiʔ
mnḫt	mənoːχə
mnḫt	mɛnxɛt
mnṯw	montuː
mnṯw	mɛnt͡ʃuː
mnꜥt	mɛnɑːt
mr	maɾ
mr	maʔ
mr	maːɾ
mr	meʔ
mr	miʔ
mr	moːɾ
mr	mɛr
mrj	mejʔə
mrj	mijjiʔ
mrj	miɾjit
mrj	mɛri
mrkbt	mɛrkɛbɛt
mrrt	mɛrɛrɛt
mrt	mɛrɛt
mrw	meːɾ
mrw	muːɾaw
mrw	mɛruː
mrwryt	mɛruːriːt
mrwt	mɛruːt
mry	mɛriː
mryt	maɾaːjat
mryt	maɾaːjaʔ
mryt	məɾoːʔə
mryt	mɛriːt
mrḥt	mVɾiħjat
mrḥt	mVɾiħjaʔ
mrḥt	məɾeħʔə
mrḥt	mɛrħɛt
ms	mes
ms	mis
ms	mɛs
msdmt	mistʼuːmit
msdmt	mistʼuːmiʔ
msdmt	məstʼeːmə
msdmt	mɛsdɛmɛt
msdw	mascʼiw
msdw	mastʼ
msdw	mastʼiw
msdw	mɛsɛduː
msj	miːsit
msj	miːsiʔ
msj	miːsə
msj	mɛsi
msjꜣt	masjaːʀit
msjꜣt	masjaːʀiʔ
msjꜣt	məsoːʔ
msjꜣt	məsʔaːʔəʔ
msjꜣt	mɛsiɑt
msktt	mɛsɛktɛt
mskꜣ	mɛskɑ
msn	mɛsɛn
msqt	masqʼaːɾit
msqt	masqʼaːɾiʔ
msqt	məsqʼaːɾaʔ
msqt	məsqʼoːɾə
msqt	mɛskɛt
mswt	misjaːwat
mswt	misjaːwaʔ
mswt	məsoːwə
mswt	mɛsuːt
msyt	mɛsiːt
msḏj	mestʼə
msḏj	miscʼit
msḏj	mistʼiʔ
msḏj	mɛsɛd͡ʒi
msḏr	mest͡ʃaʔ
msḏr	mest͡ʃʼə
msḏr	miscʼiɾ
msḏr	mist͡ʃʼiʔ
msḏr	mɛsd͡ʒɛr
msḥ	mɛsɛħ
msḫn	mesχən
msḫn	misχin
msḫn	mɛsxɛn
msḫtyw	mɛsxɛtiːuː
msꜣḏt	maswiʀcʼit
msꜣḏt	maswiʀtʼiʔ
msꜣḏt	məswiːtʼə
msꜣḏt	mɛsɑd͡ʒɛt
mt	mɛt
mtj	mɛti
mtr	mɛtɛr
mtrt	meʔɾə
mtrt	mitɾat
mtrt	miʔɾaʔ
mtrt	mɛtrɛt
mtt	meːtə
mtt	muːtat
mtt	mɛtɛt
mtw	mɛtuː
mtwt	mɛtuːt
mw	maw
mw	muː
mwjbw	muːibuː
mwt	maːwat
mwt	maːwaʔ
mwt	meʔwə
mwt	miʔwat
mwt	miʔwaʔ
mwt	moːw
mwt	muːt
mww	muːʔuː
my	miː
mz	mɛz
mzwr	mɛzuːr
mzwt	mɛzuːt
mzḥ	mVsaħ
mzḥ	mVzaħ
mzḥ	məsaħ
mzḥ	mɛzɛħ
mšrw	mɛʃruː
mšw	mɛʃuː
mšꜥ	maʃʕaj
mšꜥ	maʕʃə
mšꜥ	mɛʃɑː
mḏrj	metʼɾaʔ
mḏrj	metʼɾə
mḏrj	micʼɾit
mḏrj	mitʼɾiʔ
mḏrj	mɛd͡ʒɛri
mḏt	mɛd͡ʒɛt
mḏw	meːtʼ
mḏw	muːcʼaw
mḏw	muːtʼaw
mḏw	muːtʼəʔ
mḏw	mɛd͡ʒuː
mḏwtj	mucʼawaːtaj
mḏwtj	mut͡ʃʼawaːtaj
mḏwtj	mət͡ʃʼəwaːtəʔ
mḏwtj	mət͡ʃʼəwoːt
mḏwtj	mɛd͡ʒuːti
mḏḥ	mɛd͡ʒɛħ
mḏꜣt	mɛd͡ʒɑt
mḏꜣy	mɛd͡ʒɑiː
mḥ	mɛħ
mḥj	mɛħi
mḥn	mɛħɛn
mḥsḥs	maħasħas
mḥsḥs	məħasħəs
mḥsḥs	mɛħɛsħɛs
mḥt	mɛħɛt
mḥtj	mɛħti
mḥtjw	mɛħtiuː
mḥtt	mɛħtɛt
mḥw	mɛħuː
mḥyt	maħiːjVt
mḥyt	maħiːjVʔ
mḥyt	maħuːjVt
mḥyt	maħuːjVʔ
mḥyt	məħeːʔ
mḥyt	məħeːʔəʔ
mḥyt	məħuːʔəʔ
mḥyt	mɛħiːt
mḫꜣt	mɛxɑt
mṯn	mɛt͡ʃɛn
mṯwn	macwan
mṯwn	maʔwan
mṯwn	maʔwən
mṯwn	mɛt͡ʃuːn
mẖ	mɛç
mẖnt	maçnaːjit
mẖnt	maçnaːjiʔ
mẖnt	məçnoːʔ
mẖnt	mɛçnɛt
mẖr	mɛçɛr
mẖtw	mɛçtuː
mẖꜥqt	maçʕaːqʼit
mẖꜥqt	maçʕaːqʼiʔ
mẖꜥqt	məçʕoːqʼə
mẖꜥqt	mɛçɑːkɛt
mꜣ	mɑ
mꜣj	maːjəʔ
mꜣj	maːʀij
mꜣj	moːj
mꜣj	mɑi
mꜣnw	mɑnuː
mꜣqt	majʀaːqʼit
mꜣqt	majʀaːqʼiʔ
mꜣqt	moːqʼə
mꜣqt	mɑkɛt
mꜣqt	məʔaːqʼaʔ
mꜣqꜣrꜣ	mɛkɛr
mꜣr	møʔ
mꜣr	mɑr
mꜣt	maːʀit
mꜣt	maːʀiʔ
mꜣt	maːʔəʔ
mꜣt	moːʔ
mꜣt	mɑt
mꜣtt	mɑtɛt
mꜣwj	miʀwit
mꜣwj	miʀwiʔ
mꜣwj	miːwə
mꜣwj	mɑuːi
mꜣwt	maʀwat
mꜣwt	maʀwaʔ
mꜣwt	moːwə
mꜣwt	mɑuːt
mꜣy	mɑiː
mꜣṯ	mɑt͡ʃ
mꜣẖ	mɑç
mꜣꜣ	mɑʔɑ
mꜣꜥ	maːʀaʕ
mꜣꜥ	moːʔəʕ
mꜣꜥ	mɑʔɑː
mꜣꜥt	meːʕə
mꜣꜥt	muʀʕat
mꜣꜥt	muʀʕaʔ
mꜣꜥt	muːʕaʔ
mꜣꜥt	mɑʔɑːt
mꜣꜥtj	mɑʔɑːti
mꜣꜥw	mɑʔɑːuː
mꜥbꜣ	maʕbaʀ
mꜥbꜣ	mɑːbɑ
mꜥkꜣ	mɑːkɑ
mꜥnḏt	mVʕnicʼwVt
mꜥnḏt	mVʕnitʼwVʔ
mꜥnḏt	mɑːnd͡ʒɛt
mꜥnḏt	məʕnetʼwaʔ
mꜥnḏt	məʕnetʼwə
mꜥq	mɑːk
mꜥr	mɑːr
mꜥḥꜥt	majħiʕwaʔ
mꜥḥꜥt	maʕħiʕwat
mꜥḥꜥt	mɑːħɑːt
mꜥḥꜥt	məħeʕwə
n	ne
n	ni
n	ɛn
nb	naβʔə
nb	nep
nb	neːβ
nb	nib
nb	niːbuw
nb	nɛb
nbj	nɛbi
nbnb	nɛbnɛb
nbs	nɛbɛs
nbt	niːbat
nbt	niːbaʔ
nbt	niːβə
nbt	nɛbɛt
nbtj	nɛbti
nbw	naːbaw
nbw	noːβ
nbw	nɛbuː
nf	nɛf
nfj	nɛfi
nfr	naːfiɾ
nfr	naːfiʔ
nfr	naːfə
nfr	noːfə
nfr	nɛfɛr
nfrt	nafɾat
nfrt	nafɾaʔ
nfrt	nafɾə
nfrt	nɛfɛrɛt
nfrtj	nɛfɛrti
nfrw	nafɾaw
nfrw	nɛfɛruː
nfrwt	nɛfruːt
nfꜣ	nɛfɑ
ngꜣw	nɛɡɑuː
nhj	nɛhi
nhm	nɛhɛm
nhmhm	nɛhɛmhɛm
nhp	naːhap
nhp	noːhəp
nhp	nɛhɛp
nht	naːhat
nht	naːhaʔ
nht	noːhə
nht	nɛhɛt
nhw	nɛhuː
nhzj	nehsə
nhzj	nihsiʔ
nhzj	nihzit
nhzj	nɛhzi
nhꜣy	nɛhɑiː
nj	ni
nj	nij
nj	nəʔ
njk	nik
njs	nis
njtjt	nitit
njw	niuː
njꜣj	niɑi
nk	nɛk
nkt	nukut
nkt	nukuʔ
nkt	nəkøʔ
nkt	nɛkɛt
nkw	nɛkuː
nmj	nɛmi
nmnm	nɛmnɛm
nms	nɛmɛs
nmsw	nɛmsuː
nmt	nɛmɛt
nmtj	nɛmti
nmtt	nɛmtɛt
nmw	nɛmuː
nmḥ	nɛmɛħ
nmꜣrṯ	nɛmɑrɛt͡ʃ
nmꜥ	nɛmɑː
nn	nɛn
nnj	nɛni
nnw	naːnaw
nnw	noːn
nnw	nɛnuː
nnšm	j
nnšm	n
nnšm	najʃ
nnšm	nanʃVm
nnšm	nanʃVw
nnšm	nɛnʃɛm
npnpt	nɛpnɛpɛt
npꜣw	nɛpɑuː
nqdd	nɛkdɛd
nqꜥ	nɛkɑː
nqꜥwt	nɛkɑːuːt
nrj	nɛri
nrt	naːɾat
nrt	naːɾaʔ
nrt	noːɾə
nrt	nɛrɛt
nrw	nɛruː
ns	les
ns	lis
ns	nɛs
nsrt	nasɾat
nsrt	nasɾaʔ
nsrt	nasɾə
nsrt	nɛsrɛt
nst	nɛsɛt
nswt	nijsiːwat
nswt	nisiːwaʔ
nswt	nɛsuːt
nswt	ʔənsiːʔ
nswt	ʔənsiːʔəʔ
nswtyw	nɛsuːtiːuː
nsyt	nɛsiːt
nt	nɛt
ntb	nɛtɛb
ntf	nVtaf
ntf	nətaf
ntf	nɛtɛf
ntf	ɛntɛf
ntj	nɛti
ntj	ɛnti
ntk	nVtak
ntk	nətak
ntk	nɛtɛk
ntk	ɛntɛk
nts	nVtas
nts	nətas
nts	nɛtɛs
nts	ɛntɛs
ntsn	nɛtɛsɛn
ntsn	ɛntɛsɛn
ntsnj	nɛtɛsɛni
ntsnj	ɛntɛsɛni
ntt	nɛtɛt
ntt	ɛntɛt
nttn	nɛtɛtɛn
nttn	ɛntɛtɛn
ntw	nətaw
ntw	nɛtuː
ntw	ɛntuː
ntṯ	nVtaʔ
ntṯ	nətaʔ
ntṯ	nɛtɛt͡ʃ
ntṯ	ɛntɛt͡ʃ
ntṯn	nVtaːcan
ntṯn	nVtaːtan
ntṯn	nətoːtən
ntṯn	nɛtɛt͡ʃɛn
ntṯn	ɛntɛt͡ʃɛn
nw	nuwwuw
nw	nuː
nw	nøww
nwd	nuːd
nwdt	nuːdɛt
nwdw	nuːduː
nwj	nuːi
nwt	neːʔə
nwt	nuːt
nwt	nuːʔat
nwt	nuːʔaʔ
nwtj	nuːti
nwtkꜣrṯ	nuːtkɑrɛt͡ʃ
nwtwt	nuːtuːt
nwy	nuːiː
nwyt	nuːiːt
nwḥ	nuːħ
nwḫ	nuːx
nyny	niːniː
nznzn	nɛzɛnzɛn
nš	nɛʃ
nšm	nɛʃɛm
nšmt	nɛʃmɛt
nšnj	nɛʃni
nšp	nɛʃɛp
nšt	nɛʃɛt
nḏ	nɛd͡ʒ
nḏdnḏd	nɛd͡ʒɛdnɛd͡ʒɛd
nḏm	naːcʼam
nḏm	naːcʼim
nḏm	naːtʼam
nḏm	naːtʼim
nḏm	noːtʼəm
nḏm	nɛd͡ʒɛm
nḏnḏ	nɛd͡ʒnɛd͡ʒ
nḏr	nɛd͡ʒɛr
nḏrj	nɛd͡ʒɛri
nḏs	naːcʼas
nḏs	naːtʼas
nḏs	noːtʼəs
nḏs	nɛd͡ʒɛs
nḏt	nɛd͡ʒɛt
nḏyt	nɛd͡ʒiːt
nḏꜣ	nɛd͡ʒɑ
nḏꜣw	nɛd͡ʒɑuː
nḏꜣḏꜣ	nɛd͡ʒɑd͡ʒɑ
nḥ	nɛħ
nḥbt	nɛħbɛt
nḥd	nɛħɛd
nḥm	naːħam
nḥm	noːħəm
nḥm	nɛħɛm
nḥmn	nɛħmɛn
nḥr	nɛħɛr
nḥrj	nɛħri
nḥrw	nɛħɛruː
nḥsj	nɛħsi
nḥtj	neħtə
nḥtj	niħtit
nḥtj	niħtiʔ
nḥtj	nɛħɛti
nḥḏt	nutʃʼħaʔ
nḥḏt	nuħcʼat
nḥḏt	nuħtʃʼaʔ
nḥḏt	nøtʃʼħə
nḥḏt	nøħtʃʼə
nḥḏt	nɛħd͡ʒɛt
nḥḥ	neʔħəħ
nḥḥ	nijħaħ
nḥḥ	nɛħɛħ
nḫ	nɛx
nḫbt	nɛxbɛt
nḫbḫb	nɛxɛbxɛb
nḫj	nɛxi
nḫn	nɛxɛn
nḫnt	nɛxnɛt
nḫnw	nɛxɛnuː
nḫt	nɛxɛt
nḫwt	nɛxuːt
nḫꜣw	nɛxɑuː
nḫꜣḫꜣ	nɛxɑxɑ
nṯr	naːcaɾ
nṯr	naːtaʔ
nṯr	noːtə
nṯr	nɛt͡ʃɛr
nṯrj	nucɾij
nṯrj	nucɾit
nṯrj	nutɾij
nṯrj	nutɾiʔ
nṯrj	nətɾeʔ
nṯrj	nɛt͡ʃri
nṯrj	nɛt͡ʃɛri
nṯrt	nacaːɾat
nṯrt	nataːɾaʔ
nṯrt	nətoːɾə
nṯrt	nɛt͡ʃɛrɛt
nṯrtj	nɛt͡ʃɛrti
nṯrw	nacuːɾaw[1]
nṯrw	natuːɾaw
nṯrw	nəteːɾə
nṯrw	nɛt͡ʃɛruː
nṯryt	nɛt͡ʃriːt
nẖnm	nɛçnɛm
nẖs	nɛçɛs
nꜣ	niʀ
nꜣ	nɑ
nꜣ	nəʔ
nꜣj	nej
nꜣj	nɑi
nꜣy	nɑiː
nꜣyw	nɑiːuː
nꜣḏꜣ	nɑd͡ʒɑ
nꜣḏꜣrw	nɑd͡ʒɑruː
nꜥj	nɑːi
nꜥr	nɑːr
nꜥrt	nɑːrɛt
nꜥꜥ	nɑːʔɑː
p	pɛ
pds	pɛdɛs
pf	pɛf
pfꜣ	pɛfɑ
pgꜣ	pɛɡɑ
pj	pi
pn	pɛn
pnw	piːn
pnw	piːnaw
pnw	piːnəʔ
pnw	pɛnuː
pnꜥ	pɛnɑː
ppy	pɛpiː
pr	paːɾuw
pr	paːɾəʔ
pr	poːɾ
pr	pɛr
prj	piːɾaʔ
prj	piːɾit
prj	piːɾiʔ
prj	piːɾə
prj	pɛri
prt	paɾaːjit
prt	paɾaːjiʔ
prt	puɾut
prt	puɾuʔ
prt	pəɾaːʔəʔ
prt	pəɾoːʔ
prt	pəɾøʔ
prt	pɛrɛt
prwypwsꜣ	pɛruːiːpuːsɑ
psg	pɛsɛɡ
psj	piːsit
psj	piːsiʔ
psj	piːsə
psj	pɛsi
psmṯk	pɛsmɛt͡ʃɛk
psš	pɛsɛʃ
psšt	pɛsʃɛt
psštj	pɛsʃɛti
psḏ	pɛsɛd͡ʒ
psḏj	pestʼə
psḏj	piscʼit
psḏj	pistʼiʔ
psḏj	pɛsɛd͡ʒi
psḏjw	piscʼijjaw
psḏjw	pɛsɛd͡ʒiuː
psḏntjw	pɛsd͡ʒɛntiuː
psḏnw	pɛsɛd͡ʒnuː
psḏt	pisiːcʼat
psḏt	pisiːtʼaʔ
psḏt	pəsiːtʼə
psḏt	pɛsɛd͡ʒɛt
psḏw	pisiːcʼaw
psḏw	pisiːtʼaw
psḏw	pəsiːtʼ
psḏw	pəsiːtʼəʔ
psḏw	pɛsɛd͡ʒuː
pt	peʔ
pt	peːwə
pt	pit
pt	piʔ
pt	puːwat
pt	puːwaʔ
pt	pɛt
ptpt	pɛtpɛt
ptr	pɛtɛr
ptwꜣrwmys	pɛtuːɑruːmiːs
ptḥ	pitaħ
ptḥ	pətaħ
ptḥ	pɛtɛħ
pw	puː
pwnt	puːnɛt
pwntjw	puːntiuː
pwrꜣsꜣtj	puːrɑsɑti
pwy	puːiː
py	piː
pzn	pɛzɛn
pzḥ	paːsaħ
pzḥ	paːzaħ
pzḥ	poːsəħ
pzḥ	pɛzɛħ
pzḫ	paːsaχ
pzḫ	paːzaχ
pzḫ	poːsəχ
pzḫ	pɛzɛx
pšn	pɛʃɛn
pḏt	piːcʼat
pḏt	piːtʼaʔ
pḏt	piːtʼə
pḏt	pɛd͡ʒɛt
pḏtj	pɛd͡ʒɛti
pḥ	pɛħ
pḥrr	pɛħrɛr
pḥtj	peħtə
pḥtj	piħtaj
pḥtj	pɛħti
pḥwj	pɛħuːi
pẖr	pɛçɛr
pẖrt	pɛçrɛt
pꜣ	piʀ
pꜣ	pɑ
pꜣ	pə
pꜣ	pəʔ
pꜣj	pɑi
pꜣq	pɑk
pꜣqj	piʀqʼit
pꜣqj	piʀqʼiʔ
pꜣqj	piːqʼə
pꜣqj	pɑki
pꜣqt	pɑkɛt
pꜣw	pɑuː
pꜣwt	pɑuːt
pꜣwtj	pɑuːti
pꜣy	pɑiː
pꜣz	pɑz
pꜣḏ	pɑd͡ʒ
pꜣḫd	pɑxɛd
pꜥt	pɑːt
qbb	kɛbɛb
qbb	qʼabab
qbb	qʼəβap
qbw	kɛbuː
qbḥ	kɛbɛħ
qbḥw	kɛbɛħuː
qd	kɛd
qd	qʼaːtʼ
qd	qʼoːtʼ
qdd	kɛdɛd
qdj	kɛdi
qdj	qʼetʼʔə
qdj	qʼitʼjit
qdj	qʼitʼjiʔ
qdj	qʼitʼʔaʔ
qdnw	kɛdnuː
qdt	kɛdɛt
qdtt	kɛdtɛt
qdš	kɛdɛʃ
qdšw	kɛdʃuː
qjs	kis
qmꜣ	kɛmɑ
qnb	kɛnɛb
qnbt	kɛnbɛt
qnj	kɛni
qnj	qʼenjə
qnj	qʼinjit
qnj	qʼinjiʔ
qnjt	kɛnit
qnjw	kɛniuː
qnt	kɛnɛt
qnw	kɛnuː
qnyt	kɛniːt
qqtj	kɛkti
qrf	kɛrɛf
qrf	qʼaɾaf
qrf	qʼəɾaf
qrft	kɛrfɛt
qrr	kɛrɛr
qrrt	kɛrɛrɛt
qrs	kɛrɛs
qrs	qʼaːɾas
qrs	qʼaːʔs
qrs	qʼoːʔs
qrst	kɛrɛsɛt
qrsw	kɛrɛsuː
qrwjwꜣpꜣdrꜣ	kɛruːiuːɑpɑdrɑ
qs	kɛs
qs	qʼes
qs	qʼis
qsn	kɛsɛn
qsnt	kɛsɛnɛt
qysrs	kiːsrɛs
qꜣb	kɑb
qꜣbt	kɑbɛt
qꜣbt	qʼiʀbVt
qꜣbt	qʼiʀbVʔ
qꜣbt	qʼiːbaʔ
qꜣbt	qʼiːβə
qꜣdt	kɑdɛt
qꜣj	kɑi
qꜣqꜣw	kɑkɑuː
qꜣr	kɑr
qꜣs	kɑs
qꜣꜣ	kɑʔɑ
qꜣꜥ	kɑʔɑː
qꜥḥ	kɑːħ
r	ɛr
r	ɝ
r	ɾaʀ
r	ɾaʔ
r	ɾaːʀaw
r	ɾoːw
rbw	rɛbuː
rd	rɛd
rd	ɾatʼwaw
rd	ɾatʼʔ
rd	ɾaːtʼuw
rd	ɾetʼ
rd	ɾitʼ
rd	ɾoːtʼ
rhn	rɛhɛn
rhn	ɾaːhan
rhn	ɾehnə
rhn	ɾihnit
rhn	ɾihniʔ
rhn	ɾoːhən
rk	rɛk
rkḥ	rɛkɛħ
rkḥ	ɾaːkaħ
rkḥ	ɾoːkəħ
rm	rɛm
rmj	rɛmi
rmj	ɾiːma
rmj	ɾiːmit
rmj	ɾiːmiʔ
rmj	ɾiːmə
rmn	rɛmɛn
rmyt	ramiːjVt
rmyt	ramiːjVʔ
rmyt	rəmeːʔ
rmyt	rəmeːʔəʔ
rmyt	rɛmiːt
rmṯ	rɛmɛt͡ʃ
rmṯ	ɾaːmac
rmṯ	ɾaːmaʔ
rmṯ	ɾoːmə
rmṯt	rɛmɛt͡ʃɛt
rmṯt	ɾamcat
rmṯt	ɾamtaʔ
rmṯt	ɾamtə
rn	rɛn
rn	ɾen
rn	ɾin
rnn	rɛnɛn
rnp	rɛnɛp
rnpj	rɛnɛpi
rnpj	ɾenpaʔ
rnpj	ɾenpə
rnpj	ɾinpit
rnpj	ɾinpiʔ
rnpt	rɛnpɛt
rnpt	ɾanpat
rnpt	ɾanpawwat
rnpt	ɾanpawwaʔ
rnpt	ɾanpaʔ
rnpt	ɾanpə
rnpt	ɾənpawwə
rnpwt	rɛnpuːt
rnpwt	ɾinpiːwat
rqj	rɛki
rrj	rɛri
rrj	ɾiːɾ
rrj	ɾiːɾij
rrj	ɾiːɾəʔ
rs	rɛs
rsj	rɛsi
rsw	rɛsuː
rswt	rɛsuːt
rtḥ	rɛtɛħ
rtḥtj	rɛtħɛti
rwd	ruːd
rwj	ruːi
rwt	ruːt
rwḏ	ruːd͡ʒ
rwḏt	ruːd͡ʒɛt
rwḏt	ɾawcʼit
rwḏt	ɾawtʼaʔ
rwḏt	ɾawtʼiʔ
rwḏt	ɾawtʼə
rš	rɛʃ
ršrš	rɛʃrɛʃ
ršw	rɛʃuː
ršwt	rɛʃuːt
ršwt	ɾaʃwat
ršwt	ɾaʃwaʔ
ršwt	ɾaʃʔə
rḏj	rɛd͡ʒi
rḏj	tʼiːʔ
rḏj	ɾVcʼiːjit
rḏj	ɾVtʼiːjiʔ
rḏj	ɾətʼiːʔəʔ
rḏw	rɛd͡ʒuː
rḥw	rɛħuː
rḥwj	rɛħuːi
rḫ	rɛx
rḫs	rɛxɛs
rḫyt	rɛxiːt
rḫyt	ɾaχjat
rḫyt	ɾaχjaʔ
rḫyt	ɾaχʔə
rṯnw	rɛt͡ʃɛnuː
rꜣ	rɑ
rꜥ	rɑː
rꜥ	ɾeːʕ
rꜥ	ɾiːʕuw
rꜥ	ɾiːʕəʔ
s	sɛ
sbj	sɛbi
sbjw	sɛbiuː
sbk	sɛbɛk
sbn	sɛbɛn
sbnw	sɛbɛnuː
sbq	sɛbɛk
sbtj	sɛbti
sbḥ	sɛbɛħ
sbḫt	sɛbxɛt
sbꜣ	sabaʀ
sbꜣ	siːbaʀ
sbꜣ	siːbəʔ
sbꜣ	siːβ
sbꜣ	səβaʔ
sbꜣ	sɛbɑ
sbꜣgj	sɛbɑɡi
sbꜣqj	sɛbɑki
sbꜣtj	sɛbɑti
sbꜣyt	sabaʀjat
sbꜣyt	sabaʀjaʔ
sbꜣyt	səbaːʔəʔ
sbꜣyt	səβoːʔ
sbꜣyt	sɛbɑiːt
sd	saːtʼ
sd	setʼ
sd	sitʼ
sd	soːtʼ
sd	sɛd
sdb	sɛdɛb
sdm	sɛdɛm
sdmj	sɛdɛmi
sdwḫ	sɛduːx
sdyt	sɛdiːt
sdꜣ	sɛdɑ
sf	sef
sf	sif
sf	sɛf
sfkk	sɛfɛkɛk
sfsf	sɛfsɛf
sfḫ	sɛfɛx
sfḫjw	safχijjaw
sfḫjw	sɛfxiuː
sfḫnw	sɛfɛxnuː
sfḫw	safχaw
sfḫw	safχəʔ
sfḫw	saχf
sfḫw	sɛfɛxuː
sfḫḫ	sɛfɛxɛx
sfṯ	sɛfɛt͡ʃ
sgnn	sakʼnan
sgnn	saʔkʼən
sgnn	sɛɡɛnɛn
sgr	sɛɡɛr
shꜣj	sɛhɑi
sj	si
sjdj	sɛidi
sjhm	sɛihɛm
sjm	sim
sjn	sin
sjnj	sini
sjnw	sinuː
sjsjw	saɾsijjaw
sjsjw	sisiuː
sjsnw	sisnuː
sjsw	i
sjsw	sajsaw
sjsw	saɾsaw
sjsw	sisuː
sjsw	ʔəssaw
sjzj	sɛizi
sjꜣ	saːjaʀ
sjꜣ	saːʔəʔ
sjꜣ	siɑ
sjꜣ	soːʔ
sjꜣt	sɛiɑt
sjꜥr	siɑːr
sk	sɛk
skj	sɛki
skm	sɛkɛm
skn	sɛkɛn
sksj	sɛksi
sksk	sɛksɛk
skt	sɛkɛt
skꜣ	sɛkɑ
sm	sɛm
smdt	sɛmdɛt
smj	sɛmi
smn	simiːnit
smn	simiːniʔ
smn	səmiːnə
smn	sɛmɛn
smnmn	sɛmɛnmɛn
smnḫ	sɛmɛnɛx
smr	sɛmɛr
smsj	sɛmɛsi
smsm	sɛmsɛm
smsw	sɛmɛsuː
smw	siːm
smw	siːmiw
smw	siːməʔ
smw	sɛmuː
smwn	sɛmuːn
smḥ	sɛmɛħ
smḥj	sɛmħi
smḫ	sɛmɛx
smꜣ	sɛmɑ
smꜣwj	sɛmɑuːi
sn	san
sn	sanuːwaw
sn	səneːw
sn	sɛn
snb	sɛnɛb
snb.tj	sɛnɛbʔti
snbb	sɛnbɛb
snbj	sɛnbi
snd	sɛnɛd
snfj	sɛnɛfi
snfr	sɛnɛfɛr
snj	sɛni
snm	sɛnɛm
snmyt	sɛnmiːt
snnw	sɛnɛnuː
snq	saːnaqʼ
snq	soːnəqʼ
snq	sɛnɛk
snsn	sansan
snsn	sansən
snsn	sɛnsɛn
snt	saːnat
snt	saːnaʔ
snt	soːnə
snt	sɛnɛt
snwj	sinuwwaj
snwj	sənuwwəʔ
snwj	sənøww
snwj	sɛnuːi
snwtt	sɛnuːtɛt
snwḫ	sɛnuːx
snšmšm	sɛnɛʃɛmʃɛm
snḏ	sinicʼ
snḏ	sinitʼ
snḏ	sənetʼ
snḏ	sɛnɛd͡ʒ
snḏm	sɛnɛd͡ʒɛm
snḏw	sɛnɛd͡ʒuː
snḥ	sɛnɛħ
snḫbḫb	sɛnɛxɛbxɛb
snḫn	sɛnɛxɛn
snṯ	sɛnɛt͡ʃ
snṯr	sɛnɛt͡ʃɛr
spd	sɛpɛd
spdt	saptʼat
spdt	saptʼaʔ
spdt	saptʼə
spdt	sopdɛt
spdt	sɛpdɛt
spdt	sɛpɛdɛt
spdw	sɛpduː
spdḏ	saptʼacʼ
spdḏ	saptʼatʼ
spdḏ	saptʼaʔ
spdḏ	saptʼə
spdḏ	sɛpdɛd͡ʒ
spj	sɛpi
spr	sɛpɛr
sprw	sɛpɛruː
spt	saːpat
spt	saːpaʔ
spt	soːpə
spt	sɛpɛt
spḥ	sɛpɛħ
spꜣt	sɛpɑt
sqbb	sɛkɛbɛb
sqbbwj	sɛkɛbɛbuːi
sqbḥ	sɛkɛbɛħ
sqd	sɛkɛd
sqdj	sɛkɛdi
sqr	sɛkɛr
sqꜣj	sɛkɑi
sr	sɛr
srd	sɛrɛd
srf	sɛrɛf
srmj	sɛrɛmi
srt	sɛrɛt
srw	sɛruː
srwj	sɛruːi
srwḏ	sɛruːd͡ʒ
srwḫ	sɛruːx
srḫ	sɛrɛx
ssf	sɛsɛf
ssm	sɛsɛm
ssmt	sɛsɛmɛt
ssn	sɛsɛn
sspd	sɛsɛpɛd
ssḫ	sɛsɛx
ssꜣj	sɛsɑi
st	sɛt
stj	sɛti
stp	satpaw
stp	saːtap
stp	soːtəp
stp	sɛtɛp
stpt	sɛtɛpɛt
stt	sɛtɛt
stwt	sɛtuːt
stẖ	seːtəx
stẖ	suːtVç
stẖ	sɛtɛç
stẖj	sɛtçi
stꜣ	sɛtɑ
sw	su
sw	suw
sw	suː
swdfj	sɛwɛdɛfi
swn	suːn
swn	sɛwɛn
swnt	suːnɛt
swnw	suːnuː
swrd	sɛwɛrɛd
swsḫ	sɛwɛsɛx
swt	suːt
swḏ	sɛwɛd͡ʒ
swḏꜣ	sɛwɛd͡ʒɑ
swḥt	sawħVt
swḥt	sawħVʔ
swḥt	soːħə
swḥt	suːħɛt
swꜣj	seʔjaʔ
swꜣj	seʔjə
swꜣj	siwʀit
swꜣj	siwʀiʔ
swꜣj	suːɑi
swꜣḏ	sɛwɑd͡ʒ
swꜥb	sɛwɑːb
sš	sɛʃ
sšd	sɛʃɛd
sšm	sɛʃɛm
sšmj	sɛʃɛmi
sšmm	sɛʃɛmɛm
sšmw	sɛʃmuː
sšp	sɛʃɛp
sšpt	saʃaːpat
sšpt	sɛʃpɛt
sšpt	ʃaːpaʔ
sšpt	ʃoːpə
sšr	sɛʃɛr
sšrw	sɛʃruː
sštꜣ	sɛʃtɑ
sḏ	sɛd͡ʒ
sḏb	sɛd͡ʒɛb
sḏd	set͡ʃʼʔə
sḏd	sicʼtʼit
sḏd	sit͡ʃʼʔiʔ
sḏd	sɛd͡ʒɛd
sḏd	tʼ
sḏd	ʔ
sḏfꜣ	setʼfə
sḏfꜣ	setʼfəʔ
sḏfꜣ	sicʼfiʀ
sḏfꜣ	sitʼfiʀ
sḏfꜣ	sɛd͡ʒɛfɑ
sḏm	sacʼimna
sḏm	sacʼma
sḏm	sacʼmiw
sḏm	saːcʼam
sḏm	saːcʼim
sḏm	saːtʼam
sḏm	soːtʼəm
sḏm	sɛd͡ʒɛm
sḏmw	sɛd͡ʒɛmuː
sḏr	sɛd͡ʒɛr
sḏrt	sɛd͡ʒrɛt
sḏt	sɛd͡ʒɛt
sḏwj	sɛd͡ʒuːi
sḏꜣ	sɛd͡ʒɑ
sḥd	sɛħɛd
sḥqr	sɛħɛkɛr
sḥqꜣ	sɛħɛkɑ
sḥrj	sɛħɛri
sḥtm	sɛħɛtɛm
sḥtp	sɛħɛtɛp
sḥḏ	sɛħɛd͡ʒ
sḥḏw	seħtʼ
sḥḏw	siħcʼVw
sḥḏw	siħtʼVw
sḥḏw	sɛħd͡ʒuː
sḥꜣbj	sɛħɑbi
sḥꜣj	sɛħɑi
sḫd	sɛxɛd
sḫdḫd	sɛxɛdxɛd
sḫm	sɛxɛm
sḫmt	seχmə
sḫmt	siχmit
sḫmt	siχmiʔ
sḫmt	sɛxmɛt
sḫn	sɛxɛn
sḫntj	sɛxɛnɛti
sḫpj	sɛxɛpi
sḫpr	sɛxɛpɛr
sḫr	sɛxɛr
sḫry	sɛxriː
sḫt	saːχat
sḫt	saːχaʔ
sḫt	soːχə
sḫt	sɛxɛt
sḫtj	seχt
sḫtj	siχtVj
sḫtj	sɛxti
sḫw	sɛxuː
sḫꜣj	seχʔaʔ
sḫꜣj	seχʔə
sḫꜣj	siχʀit
sḫꜣj	siχʀiʔ
sḫꜣj	sɛxɑi
sḫꜣw	sɛxɑuː
sḫꜥj	sɛxɑːi
sṯ	sɛt͡ʃ
sṯjt	sɛt͡ʃit
sṯnj	sɛt͡ʃɛni
sṯt	sɛt͡ʃɛt
sṯzj	sɛt͡ʃɛzi
sṯzw	sɛt͡ʃɛzuː
sṯꜣ	sɛt͡ʃɑ
sṯꜣt	sɛt͡ʃɑt
sẖkr	sɛçkɛr
sẖr	sɛçɛr
sẖt	sɛçɛt
sꜣ	sɑ
sꜣbt	sɑbɛt
sꜣdjꜥmj	sɑdiɑːmi
sꜣgꜣ	sakʼ
sꜣgꜣ	sɛɡ
sꜣj	siːʀit
sꜣj	siːʀiʔ
sꜣj	siːʔa
sꜣj	siːʔə
sꜣj	sɑi
sꜣngꜣr	sɑnɡɑr
sꜣq	saːʀaqʼ
sꜣq	saːʔəqʼ
sꜣq	soːʔəqʼ
sꜣq	sɑk
sꜣrꜣqw	sɑrɑkuː
sꜣsꜣ	sɑsɑ
sꜣḥ	sɑħ
sꜣḫ	sɛɑx
sꜣḫꜣḫ	sɛɑxɑx
sꜣꜣ	sɑʔɑ
sꜥb	sɑːb
sꜥnj	sɛɑːni
sꜥnḫ	sɛɑːnx
sꜥq	sɛɑːk
sꜥr	sɛɑːr
sꜥsꜥ	sɑːsɑː
sꜥšꜣ	sɛɑːʃɑ
sꜥḥ	sɑːħ
sꜥḥꜥ	sɛɑːħɑː
sꜥꜣj	sɛɑːʔɑi
t	tɛ
tf	tef
tf	tif
tf	tɛf
tfn	tɛfɛn
tfnt	tɛfnɛt
tfnwt	tɛfnuːt
tfꜣ	tɛfɑ
thj	tɛhi
thm	tɛhɛm
thw	tɛhuː
tj	ti
tjkrṯ	tikrɛt͡ʃ
tjmsqw	timɛskuː
tjsw	tisuː
tjt	tit
tjtj	titi
tjw	tiuː
tjꜥꜣ	tiɑːʔɑ
tkk	tɛkɛk
tkn	tɛkɛn
tkꜣ	taːkaʀ
tkꜣ	taːkəʔ
tkꜣ	toːkə
tkꜣ	tɛkɑ
tkꜣw	tɛkɑuː
tm	jataːmuw
tm	tɛm
tm	ʔataːməʔ
tm	ʔatoːm
tmm	tɛmɛm
tmt	tɛmɛt
tmꜣ	tɛmɑ
tn	tɛn
tnj	tɛni
tnm	tɛnɛm
tnmw	tɛnɛmuː
tnw	tɛnuː
tnṯ	tɛnɛt͡ʃ
tp	cʼap
tp	tɛp
tp	tʼap
tpj	tapij
tpj	təpej
tpj	tɛpi
tpr	tɛpɛr
tpt	tɛpɛt
tr	tɛr
ttj	tatij
ttj	tɛti
tw	tuː
tw.j	tuːʔi
tw.k	tuːʔɛk
tw.n	tuːʔɛn
tw.t	tuːʔɛt
tw.tn	tuːʔtɛn
tw.tw	tuːʔtuː
twn	tuːn
twr	tuːr
twt	tawaːtij
twt	tuːt
twt	təwaːtəʔ
twt	təwoːt
twy	tuːiː
twꜣ	tuːɑ
twꜣwt	tuːɑuːt
tybꜣrys	tiːbɑriːs
tyts	tiːtɛs
tšꜣ	taːšaʀ
tšꜣ	toːšə
tšꜣ	tɛʃɑ
tḫj	tiːχit
tḫj	tiːχiʔ
tḫj	tiːχə
tḫj	tɛxi
tḫn	tɛxɛn
tꜣ	taʀ
tꜣ	taʔ
tꜣ	tiʀ
tꜣ	tɑ
tꜣ	tə
tꜣ	təʔ
tꜣhꜣrqꜣ	tɑhɑrkɑ
tꜣj	tɑi
tꜣw	taʀwaw
tꜣw	toːw
tꜣw	tɑuː
tꜣwj	taʀwVj
tꜣwj	taːwəʔ
tꜣwj	toːw
tꜣwj	tɑuːi
tꜣy	tɑiː
tꜣš	taʀaʃ
tꜣš	tɑʃ
tꜣš	təʔaʃ
w	uː
wbd	wɛbɛd
wbn	wɛbɛn
wbnt	wɛbnɛt
wbnw	wɛbɛnuː
wbḫ	wabaχ
wbḫ	wəβaχ
wbḫ	wɛbɛx
wbꜣ	wɛbɑ
wbꜣyt	wɛbɑiːt
wdfj	wetʼfə
wdfj	witʼfit
wdfj	witʼfiʔ
wdfj	wɛdɛfi
wdj	wɛdi
wdn	wɛdɛn
wdpw	wɛdpuː
wdḥw	wɛdɛħuː
wfj	wɛfi
wfꜣ	waːfVʀ
wfꜣ	waːfəʔ
wfꜣ	woːfə
wfꜣ	wɛfɑ
wgg	wɛɡɛɡ
wj	wi
wjn	win
wjꜣ	wiɑ
wmt	wɛmɛt
wmwt	wɛmuːt
wn	wan
wn	wɛn
wnb	wɛnɛb
wngbw	wɛnɛɡbuː
wnj	wɛni
wnjs	wanjas
wnjs	wɛnis
wnm	waːnam
wnm	woːnəm
wnm	wɛnɛm
wnmj	wɛnmi
wnmt	wɛnmɛt
wnmw	wɛnɛmuː
wnn	wanan
wnn	wənan
wnn	wɛnɛn
wnnt	wɛnɛnɛt
wnt	wɛnɛt
wnwn	wɛnuːn
wnwt	wVnaːwat
wnwt	wVnaːwaʔ
wnwt	wənoːwə
wnwt	wɛnuːt
wnḏw	wɛnd͡ʒuː
wnḏwt	wɛnɛd͡ʒuːt
wnḫwj	wɛnɛxuːi
wpj	wɛpi
wprt	wɛprɛt
wps	wɛpɛs
wpt	wɛpɛt
wpw	wɛpuː
wpwt	wapwut
wpwt	wapwuʔ
wpwt	wapwə
wpwt	wɛpuːt
wpwtj	wapwutjVw
wpwtj	wapwuːtij
wpwtj	wəpweːt
wpwtj	wəpwøtj
wpwtj	wɛpuːti
wr	weːɾ
wr	wuːɾaw
wr	wɛr
wrr	waɾaɾ
wrr	waɾaʔ
wrr	wəɾaʔ
wrr	wɛrɛr
wrrt	wVɾiɾjVt
wrrt	wVɾiʔjVʔ
wrrt	wəɾeʔjə
wrrt	wɛrɛrɛt
wrryt	wɛrɛriːt
wrs	wɛrɛs
wrt	weːɾə
wrt	wuːɾat
wrt	wuːɾaʔ
wrt	wɛrɛt
wrš	wɛrɛʃ
wršy	wɛrʃiː
wrḏ	wɛrɛd͡ʒ
wrḥ	wɛrɛħ
ws	wɛs
wsjr	wasjiːɾit
wsjr	wasjiːɾiʔ
wsjr	wəsiːɾə
wsjr	wəsʔiːɾaʔ
wsjr	wɛsir
wsn	wɛsɛn
wspjsyns	wɛspisiːnɛs
wsr	wɛsɛr
wsrt	wɛsrɛt
wsrw	wɛsɛruː
wsḫ	wɛsɛx
wsḫt	wesχə
wsḫt	wisχat
wsḫt	wisχaʔ
wsḫt	wɛsxɛt
wsṯn	wɛst͡ʃɛn
wt	wɛt
wtḫ	wɛtɛx
wtṯ	wɛtɛt͡ʃ
wzf	waːsaf
wzf	waːzaf
wzf	woːsəf
wzf	wɛzɛf
wzfw	wɛzɛfuː
wzš	wɛzɛʃ
wš	wɛʃ
wšb	waːʃab
wšb	woːʃəβ
wšb	wɛʃɛb
wšd	waːʃatʼ
wšd	woːʃətʼ
wšd	wɛʃɛd
wšr	wɛʃɛr
wšš	wɛʃɛʃ
wḏ	wɛd͡ʒ
wḏb	waːcʼab
wḏb	waːtʼab
wḏb	woːtʼəb
wḏb	wɛd͡ʒɛb
wḏj	wɛd͡ʒi
wḏt	wɛd͡ʒɛt
wḏyt	wɛd͡ʒiːt
wḏꜣ	wɛd͡ʒɑ
wḏꜣt	wɛd͡ʒɑt
wḏꜥ	waːcʼaʕ
wḏꜥ	waːt͡ʃʼaʕ
wḏꜥ	waːt͡ʃʼəʕ
wḏꜥ	woːt͡ʃʼəʕ
wḏꜥ	wɛd͡ʒɑː
wḥm	wɛħɛm
wḥmt	wɛħmɛt
wḥmyt	wɛħmiːt
wḥyt	wɛħiːt
wḥꜣ	wɛħɑ
wḥꜣt	waħʀat
wḥꜣt	waħʀaʔ
wḥꜣt	waħʔə
wḥꜣt	wɛħɑt
wḥꜥ	wɛħɑː
wḫd	wɛxɛd
wḫdt	wɛxdɛt
wḫdw	wɛxɛduː
wḫt	waχiːʀat
wḫt	waχiːʀaʔ
wḫt	wəχeːʔə
wḫt	wəχiːʔa
wḫt	wɛxɛt
wḫꜣ	wiːχ
wḫꜣ	wiːχiʀ
wḫꜣ	wiːχəʔ
wḫꜣ	wɛxɑ
wṯz	wɛt͡ʃɛz
wꜣ	wɑ
wꜣb	wɑb
wꜣg	wɑɡ
wꜣj	wɑi
wꜣjwrjy	wɑiuːriʔiː
wꜣs	wɑs
wꜣsj	wɑsi
wꜣst	wɑsɛt
wꜣsꜣrkn	wɑsɑrkɛn
wꜣt	wɑt
wꜣw	wɑuː
wꜣwꜣt	wɑuːɑt
wꜣyšꜣtjsꜣpy	wɑiːʃɑtisɑpiː
wꜣḏ	waːʀicʼ
wꜣḏ	waːʀitʼ
wꜣḏ	woːʔətʼ
wꜣḏ	wɑd͡ʒ
wꜣḏt	wɑd͡ʒɛt
wꜣḏw	wɑd͡ʒuː
wꜣḥ	waːʀaħ
wꜣḥ	woːʔəħ
wꜣḥ	wɑħ
wꜣḥyt	wɑħiːt
wꜣḫj	wɑxi
wꜥ	wuʕʕuw
wꜥ	wuʕʕəʔ
wꜥ	wøʕʕ
wꜥ	wɑː
wꜥ	wəʕ
wꜥb	waʕab
wꜥb	weːʕəp
wꜥb	wiːʕab
wꜥb	wɑːb
wꜥb	wəʕap
wꜥbt	wɑːbɛt
wꜥf	wɑːf
wꜥj	wiʕjit
wꜥj	wɑːi
wꜥr	wɑːr
wꜥrt	wɑːrɛt
wꜥtj	wuʕtij
wꜥtj	wɑːti
wꜥtj	wəʕteʔ
wꜥw	weːʕə
wꜥw	wiːʕiw
wꜥw	wiːʕəʔ
wꜥw	wɑːuː
wꜥḥ	wɑːħ
wꜥꜣ	wiʕiʀ
wꜥꜣ	wɑːʔɑ
wꜥꜣ	wəʕej
wꜥꜥw	wɑːʔɑːuː
ym	iːm
ypw	iːpuː
yrdwnꜣ	iːrduːnɑ
ysrjꜣr	iːsriɑr
ywnj	iːuːni
yḥ	iːħ
yꜣ	iːɑ
z	seːw
z	suʀ
z	suʀwaw
z	suʔ
z	suːwəʔ
z	søʔ
z	zuʀ
z	zuʀwaw
z	zɑ
z	zɛ
zbj	zɛbi
zbn	zɛbɛn
zbṯ	zɛbɛt͡ʃ
zfn	zɛfɛn
zft	seːfə
zft	siːfaʔ
zft	ziːfat
zft	zɛfɛt
zfṯ	saːfaʔ
zfṯ	soːfə
zfṯ	zaːfac
zfṯ	zɛfɛt͡ʃ
zfṯyw	zɛft͡ʃiːuː
zj	zi
zjn	zin
zjnw	sejn
zjnw	sijnVw
zjnw	zijnVw
zjnw	zinuː
zkr	saːkaʔ
zkr	soːkə
zkr	zaːkaɾ
zkr	zɛkɛr
zmyt	zɛmiːt
zmꜣ	samaʀ
zmꜣ	səmoː
zmꜣ	zamaʀ
zmꜣ	zɛmɑ
zmꜣyt	zɛmɑiːt
zn	zɛn
znb	zɛnɛb
znbt	zɛnbɛt
znf	sinaf
znf	sənaf
znf	zinaf
znf	zɛnɛf
znj	siːniʔ
znj	siːnə
znj	ziːnit
znj	zɛni
znt	zɛnɛt
znḥm	sunħuːmVw
znḥm	sənħeːm
znḥm	zunħuːmVw
znḥm	zɛnħɛm
zp	sap
zp	zap
zp	zɛp
zpj	zɛpi
zpt	zɛpɛt
zpꜣ	zɛpɑ
zr	zɛr
zt	suʔ
zt	søʔ
zt	zut
zt	zɛt
zwn	zuːn
zwr	saːwaj
zwr	saːwəʔ
zwr	soːw
zwr	zaːwaɾ
zwr	zuːr
zwt	zuːt
zy	ziː
zšj	zɛʃi
zšn	saːʃan
zšn	soːʃən
zšn	zaʃaːʃan
zšn	zɛʃɛn
zšy	zɛʃiː
zšꜣ	zɛʃɑ
zḥ	zɛħ
zḫj	zɛxi
zḫn	zɛxɛn
zḫz	zɛxɛz
zẖj	zɛçi
zẖꜣ	siçiʀ
zẖꜣ	səçej
zẖꜣ	ziçiʀ
zẖꜣ	zɛçɑ
zẖꜣw	saç
zẖꜣw	saçʀaw
zẖꜣw	saçʀaːwaw
zẖꜣw	saçʔəʔ
zẖꜣw	səçoːj
zẖꜣw	səçʔaːjəʔ
zẖꜣw	zaçʀaw
zẖꜣw	zaçʀaːwaw
zẖꜣw	zɛçɑuː
zꜣ	siːʀ
zꜣ	siːʔ
zꜣ	ziːʀ
zꜣ	zɑ
zꜣb	siːʀib
zꜣb	siːʔəβ
zꜣb	ziːʀib
zꜣb	zɑb
zꜣt	siːʀuʔ
zꜣt	siːʔaʔ
zꜣt	siːʔə
zꜣt	ziːʀut
zꜣt	zɑt
zꜣw	zɑuː
zꜣwtj	sVʀjawtVj
zꜣwtj	səjawt
zꜣwtj	səʔjawtəʔ
zꜣwtj	zVʀjawtVj
zꜣwtj	zɑuːti
zꜣy	zɑiː
zꜣṯ	zɑt͡ʃ
zꜣṯw	zɑt͡ʃuː
š	ʃɛ
šbn	ʃɛbɛn
šbw	ʃɛbuː
šdj	ʃɛdi
šdw	ʃɛduː
šfd	ʃɛfɛd
šfdw	ʃɛfɛduː
šfj	ʃɛfi
šftw	ʃɛftuː
šfw	ʃɛfuː
šfyt	ʃɛfiːt
šmj	ʃijjVʔ
šmj	ʃimjVt
šmj	ʃə
šmj	ʃɛmi
šmm	ʃɛmɛm
šmmt	ʃɛmɛmɛt
šms	ʃemsə
šms	ʃimsij
šms	ʃɛmɛs
šmsw	ʃɛmsuː
šmswt	ʃɛmsuːt
šmt	ʃɛmɛt
šmw	ʃaːmaw
šmw	ʃoːm
šmw	ʃɛmuː
šmꜥ	ʃɛmɑː
šmꜥw	ʃɛmɑːuː
šmꜥyt	ʃɛmɑːiːt
šn	ʃeːnə
šn	ʃuːnVj
šn	ʃuːnəʔ
šn	ʃɛn
šnbt	ʃɛnbɛt
šnft	j
šnft	n
šnft	ʃenfə
šnft	ʃinfVt
šnft	ʃinfVʔ
šnft	ʃɛnfɛt
šnj	ʃiːnit
šnj	ʃiːniʔ
šnj	ʃiːnə
šnj	ʃɛni
šns	ʃɛnɛs
šntt	ʃɛntɛt
šnw	ʃVnuw
šnw	ʃənøʔ
šnw	ʃɛnuː
šnwt	ʃɛnuːt
šnḏwt	ʃɛnd͡ʒuːt
šnṯ	ʃɛnɛt͡ʃ
šnꜥtj	ʃɛnɑːti
šnꜥw	ʃɛnɑːuː
šps	ʃɛpɛs
špsj	ʃepsaʔ
špsj	ʃepsə
špsj	ʃipsit
špsj	ʃipsiʔ
špsj	ʃɛpɛsi
špss	ʃɛpsɛs
špssw	ʃɛpsɛsuː
špst	ʃɛpsɛt
špꜣ	ʃɛpɑ
šr	ʃeːɾə
šr	ʃuːɾij
šr	ʃuːɾəʔ
šr	ʃɛr
šrr	ʃaɾaɾ
šrr	ʃaɾaʔ
šrr	ʃəɾaʔ
šrr	ʃɛrɛr
šrt	ʃɛrɛt
šs	ʃɛs
šsm	ʃɛsɛm
šsp	ʃɛsɛp
šspw	ʃɛspuː
šsr	ʃɛsɛr
šsꜣ	ʃɛsɑ
šsꜣw	ʃɛsɑuː
št	ʃeʔ
št	ʃit
št	ʃiʔ
št	ʃɛt
štj	ʃɛti
štw	ʃɛtuː
štyw	ʃɛtiːuː
štꜣ	ʃɛtɑ
štꜣw	ʃɛtɑuː
šw	ʃuː
šwj	ʃuːi
šwt	ʃuːt
šwꜣw	ʃuːɑuː
šzp	ʃaːp
šzp	ʃaːzap
šzp	ʃoːp
šzp	ʃɛzɛp
šzpt	ʃɛzpɛt
ššy	ʃɛʃiː
šꜣ	ʃɑ
šꜣbw	ʃɑbuː
šꜣbꜣkꜣ	ʃɑbɑkɑ
šꜣbꜣtꜣkꜣ	ʃɑbɑtɑkɑ
šꜣd	ʃɑd
šꜣq	ʃɑk
šꜣqb	ʃɑkɛb
šꜣqw	ʃɑkuː
šꜣs	ʃɑs
šꜣsw	ʃɑsuː
šꜣwꜣbtj	ʃɑuːɑbti
šꜣšꜣnq	ʃɑʃɑnɛk
šꜣꜥ	ʃaʀaʕ
šꜣꜥ	ʃaʕ
šꜣꜥ	ʃɑʔɑː
šꜣꜥ	ʃəʔaʕ
šꜥ	ʃɑː
šꜥd	ʃɑːd
šꜥt	ʃɑːt
šꜥwt	ʃɑːuːt
šꜥy	ʃaːʕVj
šꜥy	ʃoːʕəʔ
šꜥy	ʃɑːiː
ḏbt	cʼaːbVt
ḏbt	d͡ʒɛbɛt
ḏbt	tʼaːbVʔ
ḏbt	tʼoːβə
ḏbꜣ	d͡ʒɛbɑ
ḏbꜣt	d͡ʒɛbɑt
ḏbꜣw	d͡ʒɛbɑuː
ḏbꜥ	cʼabaʕ
ḏbꜥ	cʼaːbaʕ
ḏbꜥ	cʼuːbaʕ
ḏbꜥ	d͡ʒɛbɑː
ḏbꜥ	tʼabaʕ
ḏbꜥ	tʼeːβəʕ
ḏbꜥ	tʼuːbaʕ
ḏbꜥ	tʼəβaʕ
ḏbꜥw	d͡ʒɛbɑːuː
ḏbꜥwt	d͡ʒɛbɑːuːt
ḏd	cʼaːtʼ
ḏd	cʼitʼnu
ḏd	d͡ʒɛd
ḏd	t
ḏd	tʼ
ḏd	t͡ʃʼaːʔ
ḏd	t͡ʃʼoːʔ
ḏd	ʔ
ḏdb	d͡ʒɛdɛb
ḏdft	d͡ʒɛdfɛt
ḏdj	d͡ʒɛdi
ḏdw	d͡ʒɛduː
ḏdꜣ	d͡ʒɛdɑ
ḏfd	d͡ʒɛfɛd
ḏfḏ	d͡ʒɛfɛd͡ʒ
ḏfꜣ	d͡ʒɛfɑ
ḏmꜥ	cʼaːmiʕ
ḏmꜥ	d͡ʒɛmɑː
ḏmꜥ	t͡ʃʼaːmiʕ
ḏmꜥ	t͡ʃʼoːməʕ
ḏnb	d͡ʒɛnɛb
ḏnd	d͡ʒɛnɛd
ḏnjt	d͡ʒɛnit
ḏnnt	d͡ʒɛnɛnɛt
ḏnḥ	d͡ʒɛnɛħ
ḏr	d͡ʒɛr
ḏrj	d͡ʒɛri
ḏrt	cʼaːɾat
ḏrt	d͡ʒɛrɛt
ḏrt	tʼaːɾaʔ
ḏrt	tʼoːɾə
ḏrtj	d͡ʒɛrti
ḏrtjw	d͡ʒɛrtiuː
ḏrw	d͡ʒɛruː
ḏryt	d͡ʒɛriːt
ḏs	d͡ʒɛs
ḏs.f	d͡ʒɛsʔɛf
ḏs.j	d͡ʒɛsʔi
ḏs.k	d͡ʒɛsʔɛk
ḏs.s	d͡ʒɛsʔɛs
ḏsr	d͡ʒɛsɛr
ḏsrt	d͡ʒɛsrɛt
ḏt	d͡ʒɛt
ḏw	cʼaw
ḏw	d͡ʒuː
ḏw	tʼaw
ḏwj	d͡ʒuːi
ḏwjw	d͡ʒuːiuː
ḏws	d͡ʒuːs
ḏwt	d͡ʒuːt
ḏḥwtj	cʼVħawtij
ḏḥwtj	d͡ʒɛħuːti
ḏḥwtj	tʼVħawtij
ḏḥwtj	tʼəħawt
ḏḥwtj	tʼəħawtəʔ
ḏḥwtt	cʼaħawtat
ḏḥwtt	d͡ʒɛħuːtɛt
ḏḥwtt	tʼaħawtaʔ
ḏḥwtt	tʼəħawtə
ḏḥꜥ	d͡ʒɛħɑː
ḏꜣ	d͡ʒɑ
ḏꜣdw	d͡ʒɑduː
ḏꜣf	d͡ʒɑf
ḏꜣhꜣ	d͡ʒɑhɑ
ḏꜣj	d͡ʒɑi
ḏꜣjs	d͡ʒɑis
ḏꜣr	d͡ʒɑr
ḏꜣt	d͡ʒɑt
ḏꜣtt	d͡ʒɑtɛt
ḏꜣyt	d͡ʒɑiːt
ḏꜣyw	d͡ʒɑiːuː
ḏꜣḏꜣ	cʼaʀcʼaʀ
ḏꜣḏꜣ	d͡ʒɑd͡ʒɑ
ḏꜣḏꜣ	t͡ʃʼaʀt͡ʃʼaʀ
ḏꜣḏꜣ	t͡ʃʼaːt͡ʃʼəʔ
ḏꜣḏꜣ	t͡ʃʼoːt͡ʃʼ
ḏꜣḏꜣt	d͡ʒɑd͡ʒɑt
ḏꜣḏꜣw	d͡ʒɑd͡ʒɑuː
ḏꜥ	d͡ʒɑː
ḏꜥm	d͡ʒɑːm
ḏꜥnt	cʼuʕnat
ḏꜥnt	d͡ʒɑːnɛt
ḏꜥnt	t͡ʃʼuʕnaʔ
ḏꜥnt	t͡ʃʼøʕnə
ḏꜥr	d͡ʒɑːr
ḥbnnwt	ħɛbnɛnuːt
ḥbs	ħabas
ḥbs	ħəβas
ḥbs	ħɛbɛs
ḥbsw	ħɛbɛsuː
ḥbsyt	ħɛbsiːt
ḥbw	ħɛbuː
ḥbꜣbꜣ	ħɛbɑbɑ
ḥfn	ħɛfɛn
ḥfꜣt	ħafaːʀat
ḥfꜣt	ħafaːʀaʔ
ḥfꜣt	ħəfaːʔaʔ
ḥfꜣt	ħəfoːʔə
ḥfꜣt	ħɛfɑt
ḥfꜣw	ħaf
ḥfꜣw	ħafʀaw
ḥfꜣw	ħafʀaːwaw
ḥfꜣw	ħafʔəʔ
ḥfꜣw	ħəfoːj
ḥfꜣw	ħəfʔaːjəʔ
ḥfꜣw	ħɛfɑuː
ḥjp	ħip
ḥjpt	ħipɛt
ḥkn	ħɛkɛn
ḥknw	ħɛkɛnuː
ḥkꜣ	ħɛkɑ
ḥm	ħɛm
ḥmj	ħɛmi
ḥmsj	ħemsaʔ
ḥmsj	ħemsə
ḥmsj	ħimsit
ḥmsj	ħimsiʔ
ḥmsj	ħɛmɛsi
ḥmt	ħijamwat
ḥmt	ħijamwaʔ
ḥmt	ħiːmat
ḥmt	ħiːmaʔ
ḥmt	ħiːmə
ḥmt	ħəjamwə
ḥmt	ħɛmɛt
ḥmw	ħimiw
ḥmw	ħəmeʔ
ḥmw	ħɛmuː
ḥmwt	ħɛmuːt
ḥmww	ħɛmuːʔuː
ḥmy	ħɛmiː
ḥmꜣt	ħɛmɑt
ḥn	ħɛn
ḥnj	ħɛni
ḥnk	ħɛnɛk
ḥnkt	ħɛnkɛt
ḥnkyt	ħɛnkiːt
ḥnmmt	ħɛnmɛmɛt
ḥnmnm	ħɛnɛmnɛm
ḥnn	ħɛnɛn
ḥnqt	ħɛnkɛt
ḥns	ħɛnɛs
ḥnt	ħɛnɛt
ḥnw	ħənew
ḥnw	ħɛnuː
ḥnwt	ħɛnuːt
ḥnꜥ	ħɛnɑː
ḥnꜥj	ħɛnɑːi
ḥnꜥw	ħɛnɑːuː
ḥp	ħujpVw
ḥp	ħøʔp
ḥp	ħɛp
ḥpt	ħɛpɛt
ḥpy	ħɛpiː
ḥqr	ħaqʼaɾ
ḥqr	ħaqʼaʔ
ḥqr	ħəqʼaʔ
ḥqr	ħɛkɛr
ḥqt	ħɛkɛt
ḥqꜣ	ħɛkɑ
ḥqꜣt	ħɛkɑt
ḥr	ħaɾ
ḥr	ħaʔ
ḥr	ħaːɾuw
ḥr	ħaːɾəʔ
ḥr	ħoːɾə
ḥr	ħɛr
ḥrj	ħaɾij
ḥrj	ħəɾej
ḥrj	ħɛri
ḥrrt	ħaɾuːɾat
ḥrrt	ħaɾuːɾaʔ
ḥrrt	ħəɾeːɾə
ḥrrt	ħɛrɛrɛt
ḥrt	ħɛrɛt
ḥs	ħɛs
ḥsb	ħɛsɛb
ḥsbwt	ħɛsbuːt
ḥsj	ħɛsi
ḥsq	ħɛsɛk
ḥtj	ħɛti
ḥtm	ħɛtɛm
ḥtp	ħaːtip
ḥtp	ħotɛp
ḥtp	ħoːtəp
ḥtp	ħɛtɛp
ḥtpt	ħɛtɛpɛt
ḥtpw	ħatpaw
ḥtpw	ħaʔp
ḥtpw	ħaʔpaw
ḥtpw	ħɛtɛpuː
ḥtpwt	ħɛtɛpuːt
ḥtrj	ħɛtri
ḥtrw	ħɛtɛruː
ḥts	ħɛtɛs
ḥtt	ħɛtɛt
ḥtyt	ħɛtiːt
ḥw	ħuː
ḥwj	ħuːi
ḥwn	ħuːn
ḥwnt	ħuːnɛt
ḥwrw	ħuːruː
ḥwt	ħawə
ḥwt	ħaːwit
ḥwt	ħaːwiʔ
ḥwt	ħoːwə
ḥwt	ħuːt
ḥwt	ħəwə
ḥww	ħuːʔuː
ḥwꜣ	ħaːwaʀ
ḥwꜣ	ħaːwəʔ
ḥwꜣ	ħoːw
ḥwꜣ	ħuːɑ
ḥwꜣꜣt	ħuːɑʔɑt
ḥwꜥ	ħuːɑː
ḥz.tj	ħɛzʔti
ḥzj	ħɛzi
ḥzmn	ħɛzmɛn
ḥzp	ħɛzɛp
ḥzt	ħɛzɛt
ḥzy	ħɛziː
ḥzꜣ	ħɛzɑ
ḥzꜣt	ħɛzɑt
ḥḏ	ħaːcʼ
ḥḏ	ħaːtʼ
ḥḏ	ħetʼ
ḥḏ	ħeːtʼ
ḥḏ	ħicʼ
ḥḏ	ħitʼ
ḥḏ	ħoːtʼ
ḥḏ	ħuːcʼaw
ḥḏ	ħuːtʼaw
ḥḏ	ħɛd͡ʒ
ḥḏj	ħɛd͡ʒi
ḥḏt	ħecʼjə
ḥḏt	ħucʼjat
ḥḏt	ħucʼjaʔ
ḥḏt	ħɛd͡ʒɛt
ḥḏw	ħɛd͡ʒuː
ḥḥ	ħaħ
ḥḥ	ħɛħ
ḥḥj	ħɛħi
ḥḥw	ħɛħuː
ḥṯṯt	ħaccat
ḥṯṯt	ħaʔt͡ʃaʔ
ḥṯṯt	ħəʔt͡ʃaʔ
ḥṯṯt	ħɛt͡ʃɛt͡ʃɛt
ḥꜣ	ħɑ
ḥꜣb	ħap
ḥꜣb	ħaʀab
ḥꜣb	ħɑb
ḥꜣb	ħəʔab
ḥꜣbj	ħiʀbit
ḥꜣbj	ħiʀbiʔ
ḥꜣbj	ħiːbaʔ
ḥꜣbj	ħiːβə
ḥꜣbj	ħɑbi
ḥꜣj	ħɑi
ḥꜣm	ħɑm
ḥꜣp	ħɑp
ḥꜣq	ħɑk
ḥꜣt	ħeːʔə
ḥꜣt	ħuːʀit
ḥꜣt	ħuːʀiʔ
ḥꜣt	ħɑt
ḥꜣtj	ħeːt
ḥꜣtj	ħuʀiːtij
ḥꜣtj	ħɑti
ḥꜣtt	ħɑtɛt
ḥꜣw	ħɑuː
ḥꜣyt	ħɑiːt
ḥꜣḥꜣ	ħɑħɑ
ḥꜥb	ħɑːb
ḥꜥj	ħɑːi
ḥꜥpj	ħɑːpi
ḥꜥt	ħɑːt
ḥꜥw	ħɑːuː
ḥꜥḏꜣ	ħɑːd͡ʒɑ
ḥꜥꜥwt	ħɑːʔɑːuːt
ḫ	xɛ
ḫbj	xɛbi
ḫbs	xɛbɛs
ḫbzt	xɛbzɛt
ḫbzwt	xɛbzuːt
ḫbꜣ	xɛbɑ
ḫdj	xɛdi
ḫdj	χiːtʼit
ḫdj	χiːtʼiʔ
ḫdj	χiːtʼə
ḫft	xɛfɛt
ḫftj	xɛfti
ḫftt	xɛfɛtɛt
ḫftw	xɛfɛtuː
ḫfꜣꜣt	xɛfɑʔɑt
ḫfꜥ	xɛfɑː
ḫm	xɛm
ḫm	χaːm
ḫm	χoːm
ḫmnjw	xɛmniuː
ḫmnjw	χamnijjaw
ḫmnnw	xɛmɛnnuː
ḫmnw	xɛmɛnuː
ḫmnw	χamaːnaw
ḫmnw	χəmaːnəʔ
ḫmnw	χəmoːn
ḫmnyw	xɛmɛniːuː
ḫmt	xɛmɛt
ḫmtnw	xɛmɛtnuː
ḫmtw	xɛmɛtuː
ḫmtw	χamt
ḫmtw	χamtaw
ḫmtw	χamtəʔ
ḫmw	xɛmuː
ḫmꜥt	xɛmɑːt
ḫn	xɛn
ḫnd	xɛnɛd
ḫndw	xɛnduː
ḫnfw	xɛnɛfuː
ḫnj	xɛni
ḫnm	xɛnɛm
ḫnms	xɛnmɛs
ḫnmt	xɛnmɛt
ḫnmw	xɛnɛmuː
ḫnp	xɛnɛp
ḫnr	xɛnɛr
ḫnrt	xɛnrɛt
ḫnrtt	xɛnrɛtɛt
ḫnsw	xɛnsuː
ḫnsw	χans
ḫnsw	χansVw
ḫnsw	χansəʔ
ḫnt	xɛnɛt
ḫntj	xɛnti
ḫntj	xɛnɛti
ḫntj	χentə
ḫntj	χintit
ḫntj	χintiʔ
ḫntw	xɛnɛtuː
ḫntyt	xɛntiːt
ḫntš	xɛntɛʃ
ḫnws	xɛnuːs
ḫpj	xɛpi
ḫpr	xɛpɛr
ḫpr	χaːpaɾ
ḫpr	χaːpaʔ
ḫpr	χoːpə
ḫprj	xɛpri
ḫprr	xɛprɛr
ḫprw	xɛpɛruː
ḫprw	χupiɾwaw
ḫprw	χupɾaw
ḫprw	χøpɾ
ḫprw	χəpeʔɾ
ḫprš	xɛprɛʃ
ḫpš	xopɛʃ
ḫpš	xɛpɛʃ
ḫpš	χaːpVʃ
ḫpš	χoːpəʃ
ḫr	xɛr
ḫrj	xɛri
ḫrp	xɛrɛp
ḫrpw	xɛrpuː
ḫrs	xɛrɛs
ḫrt	xɛrɛt
ḫrw	xɛruː
ḫrw	χaɾaw
ḫrw	χəɾaw
ḫrw.fj	xɛruːʔfi
ḫrwy	xɛruːiː
ḫrwyw	xɛruːiːuː
ḫryt	xɛriːt
ḫsbd	xɛsbɛd
ḫsbḏ	xɛsbɛd͡ʒ
ḫsf	xɛsɛf
ḫsfj	xɛsfi
ḫsr	xɛsɛr
ḫt	xɛt
ḫt	χeʔ
ḫt	χit
ḫt	χiʔ
ḫtj	xɛti
ḫtj	χiːtaʔ
ḫtj	χiːtit
ḫtj	χiːtiʔ
ḫtj	χiːtə
ḫtm	xɛtɛm
ḫtḫt	xɛtxɛt
ḫtꜣ	xɛtɑ
ḫw	xuː
ḫwd	xuːd
ḫwj	xuːi
ḫwzj	xuːzi
ḫwzj	χiwzit
ḫšꜣyꜣrwšꜣ	xɛʃɑiːɑruːʃɑ
ḫḫ	xɛx
ḫꜣ	xɑ
ḫꜣ	χaʀ
ḫꜣ	χaʔ
ḫꜣb	xɑb
ḫꜣbꜣbꜣšꜣ	xɑbɑbɑʃɑ
ḫꜣj	xɑi
ḫꜣjw	xɑiuː
ḫꜣm	xɑm
ḫꜣrw	xɑruː
ḫꜣrw	χuɾɾaw
ḫꜣrw	χøɾɾ
ḫꜣst	xɑsɛt
ḫꜣstjw	xɑstiuː
ḫꜣt	xɑt
ḫꜣtb	xɑtɛb
ḫꜣwj	xɑuːi
ḫꜣwt	xɑuːt
ḫꜣy	xɑiː
ḫꜣyt	xɑiːt
ḫꜣz	xɑz
ḫꜣḫ	xɑx
ḫꜣḫꜣ	xɑxɑ
ḫꜣꜥ	xɑʔɑː
ḫꜣꜥ	χaːʀaʕ
ḫꜣꜥ	χoːʔəʕ
ḫꜥj	xɑːi
ḫꜥj	χaʕja
ḫꜥj	χeʕjə
ḫꜥj	χiʕjit
ḫꜥj	χiʕjiʔ
ḫꜥw	xɑːuː
ṯb	t͡ʃɛb
ṯbwt	t͡ʃɛbuːt
ṯm	t͡ʃɛm
ṯms	t͡ʃɛmɛs
ṯmt	t͡ʃɛmɛt
ṯmḥ	t͡ʃɛmɛħ
ṯmꜣ	t͡ʃɛmɑ
ṯn	t͡ʃɛn
ṯnj	caːnaj
ṯnj	taːnaj
ṯnj	toːn
ṯnj	t͡ʃɛni
ṯnm	t͡ʃɛnɛm
ṯnw	t͡ʃɛnuː
ṯnwt	t͡ʃɛnuːt
ṯnḥr	t͡ʃɛnħɛr
ṯnṯꜣt	t͡ʃɛnt͡ʃɑt
ṯpḥt	t͡ʃɛpħɛt
ṯrm	t͡ʃɛrɛm
ṯrp	t͡ʃɛrɛp
ṯrt	caːɾat
ṯrt	taːɾaʔ
ṯrt	toːɾə
ṯrt	t͡ʃɛrɛt
ṯw	t͡ʃuː
ṯwfj	t͡ʃawf
ṯwfj	t͡ʃuːfi
ṯwn	t͡ʃuːn
ṯwt	t͡ʃuːt
ṯz	ciːzuw
ṯz	t͡ʃiːsuw
ṯz	t͡ʃiːsə
ṯz	t͡ʃɛz
ṯzj	t͡ʃɛzi
ṯzm	t͡ʃɛzɛm
ṯzt	t͡ʃɛzɛt
ṯztj	t͡ʃɛzti
ṯš	t͡ʃɛʃ
ṯḥn	t͡ʃɛħɛn
ṯḥnt	t͡ʃɛħnɛt
ṯḥnw	t͡ʃɛħɛnuː
ṯḥw	t͡ʃɛħuː
ṯꜣ	t͡ʃɑ
ṯꜣj	ciʀjit
ṯꜣj	t͡ʃiʀjiʔ
ṯꜣj	t͡ʃiːʔaʔ
ṯꜣj	t͡ʃiːʔə
ṯꜣj	t͡ʃɑi
ṯꜣm	t͡ʃɑm
ṯꜣr	t͡ʃɑr
ṯꜣtj	t͡ʃɑti
ṯꜣtt	t͡ʃɑtɛt
ṯꜣw	ciʀwit
ṯꜣw	cuʀwuw
ṯꜣw	teːw
ṯꜣw	tuʀwuw
ṯꜣw	t͡ʃiʀwiʔ
ṯꜣw	t͡ʃiːwə
ṯꜣw	t͡ʃɑuː
ṯꜣy	t͡ʃɑiː
ẖdb	çaːtʼab
ẖdb	çoːtʼəβ
ẖdb	çɛdɛb
ẖkr	çɛkɛr
ẖkrw	çɛkɛruː
ẖn	çɛn
ẖnj	çɛni
ẖnm	çɛnɛm
ẖnmt	çanmaʔ
ẖnmt	çanmə
ẖnmt	çɛnmɛt
ẖnmw	çanaːmaw
ẖnmw	çənoːm
ẖnmw	çɛnmuː
ẖnn	çɛnɛn
ẖnnw	çɛnɛnuː
ẖntj	çɛnti
ẖnw	çaːnaw
ẖnw	çaːnəʔ
ẖnw	çoːn
ẖnw	çɛnuː
ẖnyt	çɛniːt
ẖpꜣ	çaplaw
ẖpꜣ	çəple
ẖpꜣ	çɛpɑ
ẖpꜣw	çɛpɑuː
ẖr	çuɾ
ẖr	çuʔ
ẖr	çøʔ
ẖr	çɛr
ẖrd	çaɾatʼ
ẖrd	çəɾatʼ
ẖrd	çɛrɛd
ẖrdw	çɛrɛduː
ẖrj	çuɾij
ẖrj	çəɾej
ẖrj	çɛri
ẖrt	çuɾit
ẖrt	çuɾiʔ
ẖrt	çəɾeʔ
ẖrt	çɛrɛt
ẖrw	çɛruː
ẖrwj	çɛruːi
ẖt	çeːwə
ẖt	çuːwat
ẖt	çuːwaʔ
ẖt	çɛt
ẖzj	çɛzi
ẖꜣr	çɑr
ẖꜣrt	çɑrɛt
ẖꜣt	çɑt
ẖꜣyt	çɑiːt
ẖꜥm	çɑːm
ẖꜥq	çɑːk
ꜣ	ɑ
ꜣb	ɑb
ꜣbb	ɑbɛb
ꜣbb	ʔəβaβ
ꜣbd	ɑbɛd
ꜣbd	ʀabatʼ
ꜣbd	ʀabutʼw
ꜣbd	ʀabuːtʼaw
ꜣbd	ʔəβatʼ
ꜣbd	ʔəβeːtʼ
ꜣbd	ʔəβøtʼʔ
ꜣbj	ɑbi
ꜣbnjnj	ɑbnini
ꜣbnn	ɑbnɛn
ꜣbt	ɑbɛt
ꜣbw	jeːβ
ꜣbw	juːbəʔ
ꜣbw	ɑbuː
ꜣbw	ʀaːbaw
ꜣbw	ʀuːbaw
ꜣbw	ʔaːbəʔ
ꜣbw	ʔoːβ
ꜣbwt	ɑbuːt
ꜣby	ɑbiː
ꜣbyt	ɑbiːt
ꜣbḏw	ɑbɛd͡ʒuː
ꜣbḏw	ʀabaːcʼaw
ꜣbḏw	ʀabaːtʼaw
ꜣbḏw	ʔəβoːtʼ
ꜣbḫ	ɑbɛx
ꜣbḫt	ɑbxɛt
ꜣbꜣb	ɑbɑb
ꜣd	ɑd
ꜣd	ʀaːtʼ
ꜣd	ʔaːtʼ
ꜣd	ʔoːtʼ
ꜣdt	ɑdɛt
ꜣdw	ɑduː
ꜣdw	ʀaːtʼaw
ꜣdw	ʔaːtʼəʔ
ꜣdw	ʔoːtʼ
ꜣf	ɑf
ꜣfj	ɑfi
ꜣfjw	ɑfiuː
ꜣfr	ɑfɛr
ꜣfꜣf	ɑfɑf
ꜣfꜥ	ɑfɑː
ꜣhd	ɑhɛd
ꜣhmt	ɑhmɛt
ꜣhw	ɑhuː
ꜣj	ɑi
ꜣjs	ɑis
ꜣjwj	ɑiuːi
ꜣk	ɑk
ꜣkr	ɑkɛr
ꜣm	ɑm
ꜣmj	ɑmi
ꜣmm	ɑmɛm
ꜣmm	ʀamam
ꜣmm	ʔəmam
ꜣmmt	ɑmɛmɛt
ꜣmmw	ɑmɛmuː
ꜣms	ɑmɛs
ꜣmw	ɑmuː
ꜣmwt	ɑmuːt
ꜣmꜥ	ɑmɑː
ꜣmꜥt	ɑmɑːt
ꜣpd	ɑpɛd
ꜣpd	ʀaːpVtʼ
ꜣpd	ʔoːpətʼ
ꜣpdwt	ɑpduːt
ꜣpḥ	ɑpɛħ
ꜣpꜣrwywsꜣ	ɑpɑruːiːuːsɑ
ꜣq	ɑk
ꜣqw	ɑkuː
ꜣqḥw	ɑkɛħuː
ꜣr	ɑr
ꜣrwksjndrs	ɑruːksinɛdrɛs
ꜣrwtꜣḫšꜣšꜣs	ɑruːtɑxʃɑʃɑs
ꜣryt	ɑriːt
ꜣs	ɑs
ꜣsbyw	ɑsbiːuː
ꜣst	ɑsɛt
ꜣst	ʀuːsat
ꜣst	ʀuːsaʔ
ꜣst	ʔeːsə
ꜣst	ʔuːsaʔ
ꜣsḫ	ɑsɛx
ꜣt	ɑt
ꜣtf	ɑtɛf
ꜣtjwt	ɑtiuːt
ꜣtp	ɑtɛp
ꜣtpwt	ɑtpuːt
ꜣtyt	ɑtiːt
ꜣw	ɑuː
ꜣw	ʀaw
ꜣw	ʔaw
ꜣwj	ɑuːi
ꜣwj	ʀaːwaj
ꜣwj	ʔoːw
ꜣwr	ɑuːr
ꜣwsw	ɑuːsuː
ꜣwt	ɑuːt
ꜣwtqrtr	ɑuːtɛkrɛtɛr
ꜣwšꜣ	ɑuːʃɑ
ꜣwšꜣmm	ɑuːʃɑmɛm
ꜣwšꜣmm	ʔuʀuʃalimum
ꜣwḥ	ɑuːħ
ꜣwḫ	ɑuːx
ꜣyt	ɑiːt
ꜣz	ɑz
ꜣzb	ɑzɛb
ꜣzḫ	ɑzɛx
ꜣš	ɑʃ
ꜣšr	ɑʃɛr
ꜣšrt	ɑʃrɛt
ꜣḥ	ɑħ
ꜣḥt	ɑħɛt
ꜣḫ	ɑx
ꜣḫ	ʀaːχ
ꜣḫ	ʀiːχuw
ꜣḫ	ʔaːχ
ꜣḫ	ʔiːχ
ꜣḫ	ʔiːχəʔ
ꜣḫ	ʔoːχ
ꜣḫf	ɑxɛf
ꜣḫfḫf	ɑxɛfxɛf
ꜣḫt	ɑxɛt
ꜣḫtj	ɑxti
ꜣḫw	ɑxuː
ꜣḫw	ʀaːχaw
ꜣḫw	ʔaːχəʔ
ꜣḫw	ʔoːχ
ꜣḫyt	ɑxiːt
ꜣḫꜣḫ	ɑxɑx
ꜣṯj	ɑt͡ʃi
ꜣṯp	ɑt͡ʃɛp
ꜣṯp	ʀaːcap
ꜣṯp	ʀaːtap
ꜣṯp	ʔoːtəp
ꜣṯpw	ɑt͡ʃɛpuː
ꜣṯt	ɑt͡ʃɛt
ꜣṯwt	ɑt͡ʃuːt
ꜣṯyt	ɑt͡ʃiːt
ꜣẖꜥ	ɑçɑː
ꜣẖꜥt	ɑçɑːt
ꜣꜣ	ɑʔɑ
ꜣꜣt	ɑʔɑt
ꜣꜣtꜣ	ɑʔɑtɑ
ꜣꜥbt	ɑʔɑːbɛt
ꜣꜥfj	ɑʔɑːfi
ꜣꜥw	ɑʔɑːuː
ꜣꜥz	ɑʔɑːz
ꜣꜥꜥ	ɑʔɑːʔɑː
ꜣꜥꜥbw	ɑʔɑːɑːbuː
ꜣꜥꜥnj	ɑʔɑːɑːni
ꜣꜥꜥt	ɑʔɑːɑːt
ꜣꜥꜥw	ɑʔɑːɑːuː
ꜣꜥꜥwj	ɑʔɑːɑːuːi
ꜥ	diːj
ꜥ	ɑː
ꜥ	ʕeːj
ꜥ	ʕiːj
ꜥb	ɑːb
ꜥbj	ɑːbi
ꜥbnḫ	ɑːbnɛx
ꜥbw	ɑːbuː
ꜥbw	ʕaːbaw
ꜥbw	ʕoːβ
ꜥbḫn	ɑːbxɛn
ꜥbꜣ	ɑːbɑ
ꜥbꜥb	ɑːbɑːb
ꜥf	ɑːf
ꜥff	ɑːfɛf
ꜥff	ʕuffVj
ꜥff	ʕøff
ꜥftj	ɑːfti
ꜥfḏt	ɑːfd͡ʒɛt
ꜥfꜣy	ɑːfɑiː
ꜥgt	ɑːɡɛt
ꜥkꜣ	ɑːkɑ
ꜥm	ɑːm
ꜥmm	ɑːmɛm
ꜥmr	ɑːmɛr
ꜥmꜥm	ɑːmɑːm
ꜥmꜥt	ɑːmɑːt
ꜥmꜥt	ʕamʕat
ꜥmꜥt	ʕamʕaʔ
ꜥmꜥt	ʕamʕə
ꜥmꜥꜣ	ɑːmɑːʔɑ
ꜥmꜥꜣt	ɑːmɑːʔɑɛt
ꜥn	ɑːn
ꜥnb	ɑːnɛb
ꜥnb	ʕVnaːbVw
ꜥnb	ʕanoːβə
ꜥnj	ɑːni
ꜥnn	ɑːnɛn
ꜥnn	ʕanan
ꜥnq	ɑːnɛk
ꜥnqt	ɑːnkɛt
ꜥnt	ɑːnɛt
ꜥntj	ɑːnti
ꜥntjt	ɑːntit
ꜥntjw	ɑːntiuː
ꜥnḏ	ɑːnɛd͡ʒ
ꜥnḏw	ɑːnd͡ʒuː
ꜥnḏw	ʕancʼawwuw
ꜥnḏw	ʕantʼawwuw
ꜥnḏw	ʕəntʼawwə
ꜥnḫ	ɑːnx
ꜥnḫ	ʕanaχ
ꜥnḫ	ʕaːnaχ
ꜥnḫ	ʕaːnəχ
ꜥnḫ	ʕoːnəχ
ꜥnḫ.tj	ɑːnxʔti
ꜥnḫwj	ɑːnxuːi
ꜥnꜥn	ɑːnɑːn
ꜥpj	ɑːpi
ꜥpr	ɑːpɛr
ꜥpšꜣy	ɑːpʃɑiː
ꜥq	ɑːk
ꜥq	ʕaːqʼ
ꜥq	ʕoːqʼ
ꜥqw	ɑːkuː
ꜥqw	ʕaqʼw
ꜥqw	ʕaqʼwuw
ꜥqyt	ɑːkiːt
ꜥqꜣ	ɑːkɑ
ꜥrf	ɑːrɛf
ꜥrq	ɑːrɛk
ꜥrq	ʕalaqʼ
ꜥrq	ʕalaːqʼaw
ꜥrq	ʕaloːqʼ
ꜥrq	ʕaːlaqʼ
ꜥrq	ʕoːləqʼ
ꜥrqy	ɑːrkiː
ꜥrrwt	ɑːrɛruːt
ꜥrt	ɑːrɛt
ꜥsṯjrṯt	ɑːst͡ʃirt͡ʃɛt
ꜥt	ɑːt
ꜥwt	ɑːuːt
ꜥwꜣ	ɑːuːɑ
ꜥwꜣj	ɑːuːɑi
ꜥwꜣy	ɑːuːɑiː
ꜥš	ɑːʃ
ꜥš	ʕaːʃ
ꜥš	ʕoːʃ
ꜥšm	ɑːʃɛm
ꜥšꜣ	ɑːʃɑ
ꜥšꜣ	ʕaʃej
ꜥšꜣ	ʕiʃiʀ
ꜥšꜣt	ɑːʃɑt
ꜥḏ	ɑːd͡ʒ
ꜥḏt	ɑːd͡ʒɛt
ꜥḥ	ɑːħ
ꜥḥꜣ	ɑːħɑ
ꜥḥꜣw	ɑːħɑuː
ꜥḥꜣwtj	ɑːħɑuːti
ꜥḥꜣwtj	ʕaħʀawtij
ꜥḥꜣwtj	ʕəħawt
ꜥḥꜥ	ɑːħɑː
ꜥḥꜥw	ɑːħɑːuː
ꜥḫm	ɑːxɛm
ꜥḫḫw	ɑːxɛxuː
ꜥẖj	ɑːçi
ꜥẖm	ɑːçɛm
ꜥẖm	ʕaçaːmaw
ꜥẖm	ʕaçoːm
ꜥꜣ	iʕaʀ
ꜥꜣ	ɑːʔɑ
ꜥꜣ	ʕaʀ
ꜥꜣ	ʕaʔ
ꜥꜣ	ʕoʔ
ꜥꜣb	ɑːʔɑb
ꜥꜣdt	ɑːʔɑdɛt
ꜥꜣg	ɑːʔɑɡ
ꜥꜣj	ɑːʔɑi
ꜥꜣj	ʕiʀjit
ꜥꜣj	ʕiʀjiʔ
ꜥꜣj	ʕiːʔə
ꜥꜣm	ɑːʔɑm
ꜥꜣmt	ɑːʔɑmɛt
ꜥꜣnbpꜣjr	ɑːʔɑnɛbpɑir
ꜥꜣpp	ɑːʔɑpɛp
ꜥꜣt	ɑːʔɑt
ꜥꜣw	ɑːʔɑuː
ꜥꜣꜥ	ɑːʔɑʔɑː
ꜥꜥb	ɑːʔɑːb
ꜥꜥft	ɑːʔɑːfɛt
ꜥꜥj	ɑːʔɑːi
ꜥꜥw	ɑːʔɑːuː
