ܐ	ʔ
ܐ	ʔɑlaf
ܐ	ʔɑlɛf
ܐܐܪ	ʔɑʔar
ܐܒܐ	ʔabbe
ܐܒܐ	ʔabbɑ
ܐܒܐ	ʔabbɑne
ܐܒܐ	ʔăvɑ
ܐܒܐ	ʔɛbbe
ܐܒܐ	ʔɛbbɑ
ܐܒܐ	ʔɛbbɑne
ܐܒܓܕ	ʔabɡad
ܐܒܕܢܐ	ʔabdɑnɑʔ
ܐܒܕܢܐ	ʔavdɑnɑʔ
ܐܒܗܐ	ʔăvɑhe
ܐܒܗܬܐ	ʔăvɑhɑθɑ
ܐܒܘܒܐ	ʔabbuve
ܐܒܘܒܐ	ʔabbuvɑ
ܐܒܝܕܘܬܐ	ʔăviðuθɑʔ
ܐܒܟܐ	ʔɑvakke
ܐܒܟܐ	ʔɑvakkɑ
ܐܒܠܐ	ʔabbɑlɑ
ܐܒܠܐ	ʔɛbbɑlɑ
ܐܒܠܐ	ʔɛbbəlɑ
ܐܒܠܐ	ʔɛvle
ܐܒܠܐ	ʔɛvlɑ
ܐܒܠܬܐ	ʔabbɑltɑ
ܐܒܠܬܐ	ʔabbɑlɑθɑ
ܐܒܠܬܐ	ʔɛbbaltɑ
ܐܒܠܬܐ	ʔɛbbɑltɑ
ܐܒܠܬܐ	ʔɛbbɑlɑθɑ
ܐܒܠܬܐ	ʔɛbbəlɑθɑ
ܐܒܢܐ	ʔabbɑne
ܐܒܢܐ	ʔavnɑ
ܐܒܢܐ	ʔawnɑ
ܐܒܢܐ	ʔɑbone
ܐܒܢܐ	ʔɑwno
ܐܒܢܐ	ʔɛbbɑne
ܐܒܢܐ	ʔɛbone
ܐܒܢܐ	ʔɪbbɑne
ܐܒܢܘܣܐ	ʔavnuse
ܐܒܢܘܣܐ	ʔavnusɑ
ܐܒܩܐ	ʔavqɑʔ
ܐܒܪܐ	ʔăvɑrɑ
ܐܒܪܐ	ʔɛvre
ܐܒܪܐ	ʔɛvrɑ
ܐܒܪܬܐ	ʔɑvartɑʔ
ܐܒܪܬܐ	ʔɑvrɑθɑʔ
ܐܒܪܬܐ	ʔɛvrɑθɑʔ
ܐܒܪܬܐ	ʔɛvrəθɑʔ
ܐܓܘܓܐ	ʔaɡɡoɣe
ܐܓܘܓܐ	ʔaɡɡoɣɑ
ܐܓܘܢܐ	ʔaɡɡoneʔ
ܐܓܘܢܐ	ʔaɡɡonɑʔ
ܐܓܘܢܝܣܛܐ	ʔaɡɡonistˤeʔ
ܐܓܘܢܝܣܛܐ	ʔaɡɡonistˤɑʔ
ܐܓܘܪܐ	ʔaɡɡureʔ
ܐܓܘܪܐ	ʔaɡɡurɑʔ
ܐܓܘܪܐ	ʔɑɣoreʔ
ܐܓܘܪܐ	ʔɑɣorɑʔ
ܐܓܘܪܣܐ	ʔaɡɡurseʔ
ܐܓܘܪܣܐ	ʔaɡɡursjɑneʔ
ܐܓܘܪܣܐ	ʔaɡɡursɑneʔ
ܐܓܘܪܣܐ	ʔaɡɡursɑʔ
ܐܓܘܪܣܐ	ʔɑɣorseʔ
ܐܓܘܪܣܐ	ʔɑɣorsjɑneʔ
ܐܓܘܪܣܐ	ʔɑɣorsɑneʔ
ܐܓܘܪܣܐ	ʔɑɣorsɑʔ
ܐܓܝܪܐ	ʔăɣiro
ܐܓܝܪܐ	ʔăɣirɑ
ܐܓܡܐ	ʔaɣmɑ
ܐܓܡܐ	ʔɑɣmɑ
ܐܓܡܐ	ʔɛɣmo
ܐܓܡܐ	ʔɛɣmɑ
ܐܓܢܐ	ʔaɡɡɑneʔ
ܐܓܢܐ	ʔaɡɡɑnɑʔ
ܐܓܪܐ	ʔaɣre
ܐܓܪܐ	ʔaɣrɑ
ܐܓܪܐ	ʔɛɡɡɑre
ܐܓܪܐ	ʔɛɡɡɑrɑ
ܐܓܪܬܐ	ʔɛɡɡarəθɑ
ܐܓܪܬܐ	ʔɛɡɡərɑθɑ
ܐܕܡܬܐ	ʔaddaməθɑʔ
ܐܕܡܬܐ	ʔaddɛməθɑʔ
ܐܕܡܬܐ	ʔaðməθɑʔ
ܐܕܡܬܐ	ʔɑðaməθɑʔ
ܐܕܢܐ	ʔɛðno
ܐܕܢܐ	ʔɛðnɑ
ܐܕܢܐ	ʔɪðnɑ
ܐܕܢܗܬܐ	ʔɛðnɑhɑθɑʔ
ܐܕܢܬܐ	ʔɛðnɑθɑʔ
ܐܕܪܐ	ʔɑðreʔ
ܐܕܪܐ	ʔɑðrɑʔ
ܐܕܪܐ	ʔɛddəreʔ
ܐܕܪܐ	ʔɛddərɑʔ
ܐܕܪܐ	ʔɛðreʔ
ܐܕܪܐ	ʔɛðrɑʔ
ܐܕܫܐ	ʔɑðʃeʔ
ܐܕܫܐ	ʔɑðʃɑʔ
ܐܘܓܐ	ʔawɡe
ܐܘܓܐ	ʔawɡɑ
ܐܘܓܐ	ʔoɣe
ܐܘܓܐ	ʔoɣɑ
ܐܘܕܐ	ʔuðeʔ
ܐܘܕܐ	ʔuðɑʔ
ܐܘܘܢܐ	ʔawwəwɑneʔ
ܐܘܘܢܐ	ʔawwəwɑnɑʔ
ܐܘܙܢܐ	ʔɑwzɑneʔ
ܐܘܙܢܐ	ʔɑwzɑnɑʔ
ܐܘܚܕܢܐ	ʔuħdɑneʔ
ܐܘܚܕܢܐ	ʔuħdɑnɑʔ
ܐܘܝܘܬܐ	ʔawjuθɑʔ
ܐܘܝܘܬܐ	ʔawjəwɑθɑʔ
ܐܘܟܠܐ	ʔuxlɑʔ
ܐܘܟܡܐ	ʔukkɑmeʔ
ܐܘܟܡܐ	ʔukkɑmɑʔ
ܐܘܟܪܝܣܛܝܐ	ʔɛwkaristˤijɑʔ
ܐܘܠܝܬܐ	ʔoliθɑʔ
ܐܘܠܝܬܐ	ʔoljɑθɑʔ
ܐܘܠܨܢܐ	ʔulsˤɑneʔ
ܐܘܠܨܢܐ	ʔulsˤɑnɑʔ
ܐܘܡܘܬܐ	ʔumwɑθɑʔ
ܐܘܡܢܐ	ʔummɑneʔ
ܐܘܡܢܐ	ʔummɑnɑʔ
ܐܘܡܢܘܬܐ	ʔummɑnuθɑʔ
ܐܘܡܢܘܬܐ	ʔummɑnwɑθɑʔ
ܐܘܡܬܐ	ʔumməθɑ
ܐܘܢܓܠܝܘܢ	ʔɛwwanɡallijon
ܐܘܢܓܠܝܘܢ	ʔɛwwanɡɛllijon
ܐܘܣܐ	ʔawwɑseʔ
ܐܘܣܐ	ʔawwɑsɑʔ
ܐܘܣܠܐ	ʔusalleʔ
ܐܘܣܠܐ	ʔusallɑʔ
ܐܘܦܢܐ	ʔofneʔ
ܐܘܦܢܐ	ʔofnɑʔ
ܐܘܦܢܐ	ʔufɑneʔ
ܐܘܦܢܐ	ʔufɑnɑʔ
ܐܘܦܥܐ	ʔufʕeʔ
ܐܘܦܥܐ	ʔufʕɑʔ
ܐܘܦܪܐ	ʔawpɑreʔ
ܐܘܦܪܐ	ʔawpɑrɑʔ
ܐܘܨܪܐ	ʔawsˤəreʔ
ܐܘܨܪܐ	ʔawsˤərɑʔ
ܐܘܩܝܢܐ	ʔɛwqineʔ
ܐܘܩܝܢܐ	ʔɛwqinɑʔ
ܐܘܩܝܢܘܣ	ʔoqejɑnos
ܐܘܪܒܛܐ	ʔorbitˤeʔ
ܐܘܪܒܛܐ	ʔorbitˤɑʔ
ܐܘܪܓܢܘܢ	ʔorɡɑnon
ܐܘܪܕܥܐ	ʔurdəʕeʔ
ܐܘܪܕܥܐ	ʔurdəʕɑʔ
ܐܘܪܘܣ	ʔɛwros
ܐܘܪܙܓܐ	ʔurzɑɣeʔ
ܐܘܪܙܓܐ	ʔurzɑɣɑʔ
ܐܘܪܚܐ	ʔurħɑʔ
ܐܘܪܝܐ	ʔorjɑʔ
ܐܘܪܝܙܘܢ	ʔorizon
ܐܘܪܝܬܐ	ʔoriθɑʔ
ܐܘܪܝܬܐ	ʔorjɑθɑʔ
ܐܘܪܝܬܐ	ʔorɑjtɑʔ
ܐܘܪܟܐ	ʔurkɑ
ܐܘܪܥܐ	ʔurʕeʔ
ܐܘܪܥܐ	ʔurʕɑʔ
ܐܘܪܩܥܬܐ	ruqʕe
ܐܘܪܩܥܬܐ	ʔurqaʕəθɑ
ܐܘܪܩܥܬܐ	ʔurqəʕɑθɑ
ܐܘܪܩܥܬܐ	ʔurqəʕəθɑ
ܐܘܪܫܠܡ	ʔurɪʃlem
ܐܘܫܢܐ	ʔuʃneʔ
ܐܘܫܢܐ	ʔuʃnɑʔ
ܐܘܫܥܢܐ	ʔoʃaʕne
ܐܘܫܥܢܐ	ʔoʃaʕnɑ
ܐܙܒܐ	ʔazbɑʔ
ܐܙܒܐ	ʔɛzbɑʔ
ܐܙܒܪܟܐ	ʔɛzbarkeʔ
ܐܙܒܪܟܐ	ʔɛzbarkɑʔ
ܐܙܒܪܟܐ	ʔɛzbɑrkeʔ
ܐܙܒܪܟܐ	ʔɛzbɑrkɑʔ
ܐܙܒܪܟܐ	ʔɛzəvɑrəxeʔ
ܐܙܒܪܟܐ	ʔɛzəvɑrəxɑʔ
ܐܙܓܐ	ʔazɡe
ܐܙܓܐ	ʔazɡɑ
ܐܙܠܐ	ʔɛzleʔ
ܐܙܠܐ	ʔɛzlɑʔ
ܐܚܐ	ʔăħe
ܐܚܐ	ʔăħɑ
ܐܚܕ	ʔɛ̆ħað
ܐܚܝܢܐ	ħjɑneʔ
ܐܚܝܢܐ	ħjɑnɑʔ
ܐܚܝܢܘܬܐ	ħjɑnuθɑʔ
ܐܚܝܢܘܬܐ	ħjɑnwɑθɑʔ
ܐܚܝܢܝܬܐ	ħjɑnjɑθɑʔ
ܐܚܝܢܬܐ	ħjɑnjɑθɑ
ܐܚܝܢܬܐ	ħjɑntɑ
ܐܚܝܢܬܐ	ħjɑnɑθɑ
ܐܚܫܡܝܬܐ	ʔaħʃɑmiθɑʔ
ܐܚܫܡܝܬܐ	ʔaħʃɑmjɑθɑʔ
ܐܛܪܘܓܐ	ʔatˤruɡɡe
ܐܛܪܘܓܐ	ʔatˤruɡɡɑ
ܐܝܕܐ	ʔejðeʔ
ܐܝܕܐ	ʔejðɑʔ
ܐܝܕܐ	ʔiðahhɑθɑʔ
ܐܝܕܐ	ʔiðajjɑʔ
ܐܝܕܐ	ʔiðawwɑθɑʔ
ܐܝܕܐ	ʔiðeʔ
ܐܝܕܐ	ʔiðɑʔ
ܐܝܙܓܕܐ	ʔizɡaddeʔ
ܐܝܙܓܕܐ	ʔizɡaddɑʔ
ܐܝܙܓܕܘܬܐ	ʔizɡadduθɑʔ
ܐܝܙܓܕܘܬܐ	ʔizɡaddəwɑθɑʔ
ܐܝܟ	ʔɑx
ܐܝܠ	ʔejl
ܐܝܠ	ʔəjɑl
ܐܝܠܐ	ʔajjɑle
ܐܝܠܐ	ʔajjɑlɑ
ܐܝܠܐ	ʔajle
ܐܝܠܐ	ʔajlɑ
ܐܝܠܐ	ʔijɑle
ܐܝܠܐ	ʔijɑlɑ
ܐܝܠܐ	ʔəjɑle
ܐܝܠܐ	ʔəjɑlɑ
ܐܝܠܢܐ	ʔilɑneʔ
ܐܝܠܢܐ	ʔilɑnɑʔ
ܐܝܠܬܐ	ʔajlɑθɑʔ
ܐܝܠܬܐ	ʔajləθɑʔ
ܐܝܠܬܐ	ʔillɑθɑʔ
ܐܝܠܬܐ	ʔiltɑʔ
ܐܝܡܡܐ	ʔimɑmawwɑθɑʔ
ܐܝܡܡܐ	ʔimɑmeʔ
ܐܝܡܡܐ	ʔimɑmɑʔ
ܐܝܣܘܢ	ʔijɑson
ܐܝܣܘܢ	ʔison
ܐܝܩܐ	ʔiqeʔ
ܐܝܩܘܢܐ	ʔiqoneʔ
ܐܝܩܘܢܐ	ʔiqonɑʔ
ܐܝܩܪܐ	ʔiqɑreʔ
ܐܝܩܪܐ	ʔiqɑrɑʔ
ܐܝܩܪܬܐ	ʔiqartɑʔ
ܐܝܫܠܐ	ʔiʃle
ܐܝܫܠܐ	ʔiʃlɑ
ܐܝܬܘܬܐ	ʔiθuθɑʔ
ܐܝܬܘܬܐ	ʔiθwɑθɑʔ
ܐܝܬܝܐ	ʔiθjeʔ
ܐܝܬܝܐ	ʔiθjɑʔ
ܐܟܕܝܐ	ʔakkəðɑjeʔ
ܐܟܕܝܐ	ʔakkəðɑjɑʔ
ܐܟܕܝܐ	ʔɛkkəðɑjeʔ
ܐܟܕܝܐ	ʔɛkkəðɑjɑʔ
ܐܟܕܢܐ	ʔɑxɛðne
ܐܟܕܢܐ	ʔɑxɛðnɑ
ܐܟܘܠܐ	ʔɑxoleʔ
ܐܟܘܠܐ	ʔɑxolɑʔ
ܐܟܠ	ʔɛ̆xal
ܐܟܠܐ	ʔakkɑleʔ
ܐܟܠܐ	ʔakkɑlɑʔ
ܐܟܠܐ	ʔaxleʔ
ܐܟܠܐ	ʔaxlɑʔ
ܐܟܠܐ	ʔɑxleʔ
ܐܟܠܐ	ʔɑxlɑʔ
ܐܟܠܘܣ	ʔɑxlos
ܐܟܠܢܐ	ʔaxlɑneʔ
ܐܟܠܢܐ	ʔaxlɑnɑʔ
ܐܟܠܢܐ	ʔɑxlɑneʔ
ܐܟܠܢܐ	ʔɑxlɑnɑʔ
ܐܟܣܢܝܐ	ʔaksənɑjeʔ
ܐܟܣܢܝܐ	ʔaksənɑjɑʔ
ܐܟܣܢܝܐ	ʔaksɛnjɑʔ
ܐܟܣܢܝܬܐ	ʔaksənɑjtɑʔ
ܐܟܣܢܝܬܐ	ʔaksənɑjɑθɑʔ
ܐܟܪܐ	ʔakkɑre
ܐܟܪܐ	ʔakkɑrɑ
ܐܠܒܘܫܐ	ʔalbuʃeʔ
ܐܠܒܘܫܐ	ʔalbuʃɑʔ
ܐܠܘܗܝܡ	ʔɛ̆lohim
ܐܠܝܬܐ	ʔaljɑθɑ
ܐܠܝܬܐ	ʔalliθɑ
ܐܠܝܬܐ	ʔallɑjtɑ
ܐܠܝܬܐ	ʔallɑjɑθɑ
ܐܠܝܬܐ	ʔɛljɑθɑ
ܐܠܝܬܐ	ʔɛlliθɑ
ܐܠܡܐ	ʔalmɑ
ܐܠܡܐ	ʔɛlmo
ܐܠܡܐ	ʔɛlmɑ
ܐܠܣ	ʔɑlɛs
ܐܠܥܐ	ʔɛlʕe
ܐܠܥܐ	ʔɛlʕɑ
ܐܠܦܐ	ʔalfɑʔ
ܐܠܦܐ	ʔalpɑʔ
ܐܠܦܐ	ʔaləfajjɑʔ
ܐܠܦܐ	ʔaləfeʔ
ܐܠܦܐ	ʔaləfɑjeʔ
ܐܠܦܐ	ʔɛlləfeʔ
ܐܠܦܐ	ʔɛlləfɑʔ
ܐܠܨܬܐ	ʔɑlsˤɑθɑʔ
ܐܠܨܬܐ	ʔɑlɛsˤtɑʔ
ܐܡ	ʔɛm
ܐܡܐ	ʔammeʔ
ܐܡܐ	ʔammɑʔ
ܐܡܐ	ʔemeʔ
ܐܡܐ	ʔemɑʔ
ܐܡܐ	ʔɑmeʔ
ܐܡܐ	ʔɑmɑʔ
ܐܡܐ	ʔɛmmɑʔ
ܐܡܒܘܢܐ	ʔamboneʔ
ܐܡܒܘܢܐ	ʔambonɑʔ
ܐܡܒܝܩܐ	ʔambiqe
ܐܡܒܝܩܐ	ʔambiqɑ
ܐܡܒܪ	ʔambar
ܐܡܒܪ	ʔambɑr
ܐܡܒܪܐ	ʔambɑreʔ
ܐܡܒܪܐ	ʔambɑrɑʔ
ܐܡܗܐ	ʔɛmmɑheʔ
ܐܡܗܬܐ	ʔamhɑθɑʔ
ܐܡܗܬܐ	ʔɛmhɑθɑʔ
ܐܡܘܡܐ	ʔammumeʔ
ܐܡܘܡܐ	ʔammumɑʔ
ܐܡܘܬܐ	ʔɛmwɑθɑʔ
ܐܡܘܬܣܛܘܣ	ʔammuθestˤos
ܐܡܘܬܣܛܘܣ	ʔammuθsətˤos
ܐܡܙܪܬܐ	ʔamzarteʔ
ܐܡܙܪܬܐ	ʔamzartɑʔ
ܐܡܝܐܢܛܘܢ	ʔammiʔantˤon
ܐܡܝܢ	ʔamiːn
ܐܡܝܢ	ʔammin
ܐܡܝܪ	ʔămir
ܐܡܝܪܐ	ʔămireʔ
ܐܡܝܪܐ	ʔămirɑneʔ
ܐܡܝܪܐ	ʔămirɑʔ
ܐܡܝܪܐ	ʔămirɑʔn
ܐܡܝܫܐ	ʔɑmiʃeʔ
ܐܡܝܫܐ	ʔɑmiʃɑʔ
ܐܡܠܐ	ʔɑmɛlleʔ
ܐܡܠܐ	ʔɑmɛllɑʔ
ܐܡܢܐ	ʔamneʔ
ܐܡܢܐ	ʔamnɑʔ
ܐܡܢܬ	ʔamnaθ
ܐܡܩܬܐ	ʔɑmaqəθɑʔ
ܐܡܩܬܐ	ʔɑmqɑθɑʔ
ܐܡܪ	ʔɛ̆mar
ܐܡܪܐ	ʔɛmreʔ
ܐܡܪܐ	ʔɛmrɑʔ
ܐܡܪܬܐ	ʔɛmmartɑʔ
ܐܡܪܬܐ	ʔɛmrɑθɑʔ
ܐܡܪܬܐ	ʔɛmrəθɑʔ
ܐܡܫܐ	ʔamʃeʔ
ܐܡܫܐ	ʔamʃɑʔ
ܐܡܬܐ	ʔamməθɑ
ܐܢܐ	ʔɛ̆nɑʔ
ܐܢܘܢ	ʔɛnnon
ܐܢܚܢܢ	ʔənaħnan
ܐܢܝܢ	ʔɛnnejn
ܐܢܟܐ	ʔɑnəxɑ
ܐܢܦܐ	ʔanpajjɑʔ
ܐܢܦܐ	ʔanpeʔ
ܐܢܦܐ	ʔanpɑʔ
ܐܢܦܘܪܐ	ʔannapporɑʔ
ܐܢܩܬܐ	ʔɛ̆nɑqɑθɑʔ
ܐܢܩܬܐ	ʔɛ̆nɑqəθɑʔ
ܐܢܫܐ	nɑʃɑ
ܐܢܬ	ʔat
ܐܢܬܘܢ	ʔatton
ܐܢܬܝ	ʔat
ܐܢܬܝܢ	ʔattejn
ܐܢܬܬܐ	ʔattəθɑʔ
ܐܢܬܬܐ	ʔaθtɑʔ
ܐܣܘܦܐ	ʔassofeʔ
ܐܣܘܦܐ	ʔassofɑʔ
ܐܣܘܪܐ	ʔăsureʔ
ܐܣܘܪܐ	ʔăsurɑʔ
ܐܣܛܘܐ	ʔɛstˤwaʔs
ܐܣܛܘܐ	ʔɛstˤweʔ
ܐܣܛܘܐ	ʔɛstˤwɑʔ
ܐܣܛܘܟܣܐ	ʔɛstˤukseʔ
ܐܣܛܘܟܣܐ	ʔɛstˤuksɑʔ
ܐܣܛܘܡܟܐ	ʔɛstˤomkeʔ
ܐܣܛܘܡܟܐ	ʔɛstˤomkɑʔ
ܐܣܛܘܡܟܐ	ʔɛstˤomxeʔ
ܐܣܛܘܡܟܐ	ʔɛstˤomxɑʔ
ܐܣܛܠܐ	ʔɛstˤəleʔ
ܐܣܛܠܐ	ʔɛstˤəlɑʔ
ܐܣܛܪܘܠܘܓܝܐ	ʔastˤəroloɣijɑʔ
ܐܣܛܪܘܢܘܡܝܐ	ʔastˤəronomijɑʔ
ܐܣܛܪܘܢܘܡܝܐ	ʔastˤəronomɑjeʔ
ܐܣܛܪܘܢܘܡܝܐ	ʔastˤəronomɑjɑʔ
ܐܣܛܪܘܢܘܡܝܐ	ʔɛstˤəronomijɑʔ
ܐܣܛܪܛ	ʔɛstˤərɑtˤ
ܐܣܛܪܛܝܐ	ʔɛstˤəratˤtˤijeʔ
ܐܣܛܪܛܝܐ	ʔɛstˤəratˤtˤijɑʔ
ܐܣܛܪܛܝܘܛܐ	ʔɛstˤəratˤjotˤe
ܐܣܛܪܛܝܘܛܐ	ʔɛstˤəratˤjotˤɑ
ܐܣܝܐ	ʔosjo
ܐܣܝܐ	ʔɑsijɑ
ܐܣܝܐ	ʔɑsjɑ
ܐܣܝܬܐ	ʔɑsiθɑ
ܐܣܝܬܐ	ʔɑsjɑθɑ
ܐܣܟܘܠܐ	ʔɛskolaʔs
ܐܣܟܘܠܐ	ʔɛskoleʔ
ܐܣܟܘܠܐ	ʔɛskolɑʔ
ܐܣܟܝܡܐ	ʔɛskejmeʔ
ܐܣܟܝܡܐ	ʔɛskejmɑʔ
ܐܣܦܘܓܐ	ʔɛspoɡɡeʔ
ܐܣܦܘܓܐ	ʔɛspoɡɡɑʔ
ܐܣܦܘܩܠܛܪܐ	ʔɛspuqlatˤre
ܐܣܦܘܩܠܛܪܐ	ʔɛspuqlatˤrɑ
ܐܣܦܘܩܠܛܪܐ	ʔɛspuqlɑtˤre
ܐܣܦܘܩܠܛܪܐ	ʔɛspuqlɑtˤrɑ
ܐܣܦܝܪܐ	ʔɛspejras
ܐܣܦܝܪܐ	ʔɛspejreʔ
ܐܣܦܝܪܐ	ʔɛspejrɑʔ
ܐܣܦܣ	ʔɛspɛs
ܐܣܦܪܓܠܐ	ʔɛsparɡəle
ܐܣܦܪܓܠܐ	ʔɛsparɡəlɑ
ܐܣܦܪܝܕܐ	ʔɛspəriðeʔ
ܐܣܦܪܝܕܐ	ʔɛspəriðɑʔ
ܐܣܦܪܝܣܐ	ʔɛspərajseʔ
ܐܣܦܪܝܣܐ	ʔɛspərajsɑʔ
ܐܣܦܪܝܣܐ	ʔɛspərejseʔ
ܐܣܦܪܝܣܐ	ʔɛspərejsɑʔ
ܐܣܦܪܣܐ	ʔɛspəreseʔ
ܐܣܦܪܣܐ	ʔɛspəresɑʔ
ܐܣܩܐ	ʔasɑqɑʔ
ܐܣܩܦܐ	ʔɛsqəfeʔ
ܐܣܩܦܐ	ʔɛsqəfɑʔ
ܐܣܩܦܬܐ	ʔɛsqafjɑθɑʔ
ܐܣܩܦܬܐ	ʔɛsqafwɑθɑʔ
ܐܣܩܦܬܐ	ʔɛsqafəθɑʔ
ܐܣܩܦܬܐ	ʔɛsqəfɑθɑʔ
ܐܣܪܐ	ʔassɑre
ܐܣܪܐ	ʔassɑrɑ
ܐܣܪܐ	ʔăsɑre
ܐܣܪܐ	ʔăsɑrɑ
ܐܣܪܐ	ʔɛ̆sɑre
ܐܣܪܐ	ʔɛ̆sɑrɑ
ܐܣܬܐ	ʔăsɛtteʔ
ܐܣܬܐ	ʔăsɛttɑʔ
ܐܣܬܐ	ʔɛssəθɑʔ
ܐܦܐ	ʔappe
ܐܦܕܢܐ	ʔɑppaðneʔ
ܐܦܕܢܐ	ʔɑppaðnɑʔ
ܐܦܘܕܐ	ʔăfuðe
ܐܦܘܕܐ	ʔăfuðɑ
ܐܦܘܬܐ	ʔappuθɑʔ
ܐܦܘܬܐ	ʔappəwɑθɑʔ
ܐܦܙܓܐ	ʔɑfazɡeʔ
ܐܦܙܓܐ	ʔɑfazɡɑʔ
ܐܦܙܓܐ	ʔɑfzəɣeʔ
ܐܦܙܓܐ	ʔɑfzəɣɑʔ
ܐܦܝܐ	ʔappajjɑʔ
ܐܦܝܐ	ʔappɑjeʔ
ܐܦܝܐ	ʔappɑjɑʔ
ܐܦܝܣܩܘܦܐ	ʔappisqoppeʔ
ܐܦܝܣܩܘܦܐ	ʔappisqoppɑʔ
ܐܦܝܣܩܘܦܐ	ʔɛppisqoppeʔ
ܐܦܝܣܩܘܦܐ	ʔɛppisqoppɑʔ
ܐܦܢ	ʔɑfɛn
ܐܦܥܐ	ʔafʕeʔ
ܐܦܥܐ	ʔafʕɑʔ
ܐܦܩܐ	ʔafqe
ܐܦܩܐ	ʔafqɑ
ܐܦܩܪܣܐ	ʔafqarse
ܐܦܩܪܣܐ	ʔafqarsɑ
ܐܦܩܪܣܐ	ʔafqərɑse
ܐܦܩܪܣܐ	ʔafqərɑsɑ
ܐܦܩܪܣܐ	ʔɑfqərɑse
ܐܦܩܪܣܐ	ʔɑfqərɑsɑ
ܐܦܪܘܕܝܛܐ	ʔafroðitˤe
ܐܦܪܝܡ	ʔafrejm
ܐܦܬܐ	ʔaftɑʔ
ܐܦܬܐ	ʔappəθɑʔ
ܐܨܘܬܐ	ʔɑsˤuθɑ
ܐܨܘܬܐ	ʔɑsˤəwɑθɑ
ܐܨܚܬܐ	ʔasˤaħħɑθɑʔ
ܐܨܚܬܐ	ʔasˤaħħəθɑʔ
ܐܨܪܐ	ʔasˤsˤɑreʔ
ܐܨܪܐ	ʔɛsˤsˤɑreʔ
ܐܩܘܢܐ	ʔaqquneʔ
ܐܩܘܢܐ	ʔaqqunɑʔ
ܐܩܠܝܕܐ	ʔaqliðeʔ
ܐܩܠܝܕܐ	ʔaqliðɑʔ
ܐܩܠܢܐ	ʔaqlɑne
ܐܩܠܢܐ	ʔaqlɑnɑ
ܐܩܡܐ	ʔaqmeʔ
ܐܩܡܐ	ʔaqmɑʔ
ܐܪܒܢܐ	ʔarbɑnɑ
ܐܪܒܢܐ	ʔɑrbono
ܐܪܒܥܒܫܒܐ	ʔarbaʕbəʃabbeʔ
ܐܪܒܥܒܫܒܐ	ʔarbaʕbəʃabbɑʔ
ܐܪܓܘܒܠܐ	ʔarɡuvleʔ
ܐܪܓܘܒܠܐ	ʔarɡuvlɑʔ
ܐܪܓܘܢܐ	ʔarɡəwɑne
ܐܪܓܘܢܐ	ʔarɡəwɑnɑ
ܐܪܕܘܦܝܐ	ʔardufjeʔ
ܐܪܕܘܦܝܐ	ʔardufjɑʔ
ܐܪܕܝܟܠܐ	ʔardejxleʔ
ܐܪܕܝܟܠܐ	ʔardejxlɑʔ
ܐܪܘܢܐ	ʔarwɑneʔ
ܐܪܘܢܐ	ʔarwɑnɑʔ
ܐܪܘܢܐ	ʔăroneʔ
ܐܪܘܢܐ	ʔăronɑʔ
ܐܪܘܢܐ	ʔɑroneʔ
ܐܪܘܢܐ	ʔɑronɑʔ
ܐܪܘܢܝܬܐ	ʔarwɑniθɑʔ
ܐܪܘܢܝܬܐ	ʔarwɑnjɑθɑʔ
ܐܪܙܐ	ʔarze
ܐܪܙܐ	ʔarzɑ
ܐܪܙܐ	ʔərɑze
ܐܪܙܐ	ʔərɑzɑ
ܐܪܙܦܬܐ	ʔarzaftɑʔ
ܐܪܙܦܬܐ	ʔarzəfɑθɑʔ
ܐܪܚܐ	ʔɑrħeʔ
ܐܪܚܐ	ʔɑrħɑʔ
ܐܪܝܐ	ʔarjɑ
ܐܪܝܘܬܐ	ʔarjawwɑθɑ
ܐܪܝܘܬܐ	ʔarjoθɑ
ܐܪܝܟܘܬܐ	ʔărixuθɑ
ܐܪܝܣ	ʔarris
ܐܪܡܠܐ	ʔarməleʔ
ܐܪܡܠܐ	ʔarməlɑʔ
ܐܪܡܠܬܐ	ʔarmaləθɑ
ܐܪܡܠܬܐ	ʔarməlɑθɑ
ܐܪܢܐ	ʔarneʔ
ܐܪܢܐ	ʔarnɑʔ
ܐܪܢܒܐ	ʔarnəve
ܐܪܢܒܐ	ʔarnəvɑ
ܐܪܢܓܐ	ʔarnɑɣeʔ
ܐܪܢܓܐ	ʔarnɑɣɑʔ
ܐܪܢܥܐ	ʔarnɑʕeʔ
ܐܪܢܥܐ	ʔarnɑʕɑʔ
ܐܪܣܢܝܩܘܢ	ʔarsɛnniqon
ܐܪܥܐ	ʔarʕɑʔ
ܐܪܥܬܐ	ʔarʕɑθɑʔ
ܐܪܫܟܝܬܐ	ʔarrɛʃəxɑjtɑʔ
ܐܪܫܟܝܬܐ	ʔarrɛʃəxɑjɑθɑʔ
ܐܪܫܟܝܬܐ	ʔɑrɛʃəxɑjtɑʔ
ܐܪܫܟܝܬܐ	ʔɑrɛʃəxɑjɑθɑʔ
ܐܫܝܡܘܢ	ʔăʃimon
ܐܫܝܬܐ	ʔɑʃiθɑ
ܐܫܝܬܐ	ʔɑʃjɑθɑ
ܐܫܝܬܐ	ʔɛʃjɑθɑ
ܐܫܟܦܐ	ʔɛʃkɑfe
ܐܫܟܦܐ	ʔɛʃkɑfɑ
ܐܫܟܪܐ	ʔɛʃkoro
ܐܫܟܪܐ	ʔɛʃkɑrɑ
ܐܫܟܪܐ	ʔɪʃkɑrɑ
ܐܫܟܪܥܐ	ʔɛʃkɑrʕeʔ
ܐܫܟܪܥܐ	ʔɛʃkɑrʕɑʔ
ܐܫܟܬܐ	ʔɛʃkeʔ
ܐܫܟܬܐ	ʔɛʃkɑθɑʔ
ܐܫܟܬܐ	ʔɛʃkəθɑʔ
ܐܫܦܐ	ʔaʃʃɑfeʔ
ܐܫܦܐ	ʔaʃʃɑfɑʔ
ܐܫܦܐ	ʔɛʃpeʔ
ܐܫܦܐ	ʔɛʃpɑʔ
ܐܫܬܐ	ʔɛʃtɑʔ
ܐܫܬܐ	ʔɛʃʃɑθɑʔ
ܐܫܬܩܕ	ʔɛʃtəqað
ܐܫܬܩܕܝ	ʔɛʃtəqað
ܐܬܐ	ʔɑθɑʔ
ܐܬܘܢܐ	ʔattuneʔ
ܐܬܘܢܐ	ʔattunɑʔ
ܐܬܘܬܐ	ʔɑθuθɑʔ
ܐܬܘܬܐ	ʔɑθwɑθɑʔ
ܐܬܠܝܐ	ʔaθlijɑ
ܐܬܠܝܐ	ʔɑθaljɑ
ܐܬܠܝܐ	ʔɑθɛljɑ
ܐܬܠܝܛܐ	ʔaθle̝tˤeʔ
ܐܬܠܝܛܐ	ʔaθle̝tˤɑʔ
ܐܬܢܐ	ʔaθɑnɑ
ܐܬܢܐ	ʔăθɑnɑ
ܐܬܢܐ	ʔɑθono
ܐܬܪܐ	ʔaθrawwɑθɑ
ܐܬܪܐ	ʔaθre
ܐܬܪܐ	ʔaθrɑ
ܐܬܪܘܬܐ	ʔaθrawwɑθɑʔ
ܒ	b
ܒ	bejθ
ܒ	v
ܒܐܘܐ	baʔweʔ
ܒܐܘܐ	baʔwɑʔ
ܒܐܪܐ	beʔrawwɑθɑʔ
ܒܐܪܐ	beʔreʔ
ܒܐܪܐ	beʔrɑʔ
ܒܐܪܐ	beʔrɑθɑʔ
ܒܒܐ	bobo
ܒܒܐ	bowo
ܒܒܐ	bɑbɑ
ܒܒܐ	bɑvɑ
ܒܒܐ	bɑwɑ
ܒܒܓܐ	babbaɡɡeʔ
ܒܒܓܐ	babbaɡɡɑʔ
ܒܒܓܐ	babbəɡeʔ
ܒܒܓܐ	babbəɡɑʔ
ܒܒܛܝܠܘܬܐ	bavətˤiluθɑʔ
ܒܒܥܘ	bəvɑʕu
ܒܒܬܐ	bowto
ܒܒܬܐ	bɑvtɑ
ܒܒܬܐ	bɑwtɑ
ܒܓܐ	bɑɣeʔ
ܒܓܐ	bɑɣɑʔ
ܒܓܕܟܦܬ	bəɣaðkəfɑθ
ܒܓܠܐ	baɣleʔ
ܒܓܠܐ	baɣlɑʔ
ܒܓܠܐ	bəɣɑleʔ
ܒܓܠܐ	bəɣɑlɑʔ
ܒܓܠܬܐ	baɣlɑθɑʔ
ܒܓܠܬܐ	baɣləθɑʔ
ܒܕܘܠ	bðol
ܒܕܘܠ	bðul
ܒܕܘܠ	bəðol
ܒܗܡܘܬ	behmoθ
ܒܗܪܐ	bahreʔ
ܒܗܪܐ	bahrɑʔ
ܒܗܬܬܐ	bɛhtɑθɑ
ܒܗܬܬܐ	bɛhtəθɑ
ܒܘܒܠܐ	buvlɑ
ܒܘܒܠܐ	buwlo
ܒܘܒܠܐ	buwlɑ
ܒܘܓܚܐ	buɡoħo
ܒܘܓܚܐ	buɡɡɑxɑ
ܒܘܓܚܐ	buɡɡɑħɑ
ܒܘܓܢܐ	buɡɡɑneʔ
ܒܘܓܢܐ	buɡɡɑnɑʔ
ܒܘܓܪܐ	buɡoro
ܒܘܓܪܐ	buɡɡɑrɑ
ܒܘܕܚܐ	buddɑħe
ܒܘܕܚܐ	buddɑħɑ
ܒܘܕܩܐ	buddɑqeʔ
ܒܘܕܩܐ	buddɑqɑʔ
ܒܘܙܚܐ	buzzɑħe
ܒܘܙܚܐ	buzzɑħɑ
ܒܘܙܝܩܐ	buziqeʔ
ܒܘܙܝܩܐ	buziqɑʔ
ܒܘܚܪܢܐ	buxrɑnɑ
ܒܘܚܪܢܐ	buħrono
ܒܘܚܪܢܐ	buħrɑnɑ
ܒܘܝܐܐ	bujjɑʔeʔ
ܒܘܝܐܐ	bujjɑʔɑʔ
ܒܘܟܢܐ	buxne
ܒܘܟܢܐ	buxnɑ
ܒܘܟܢܐ	buxɑne
ܒܘܟܢܐ	buxɑnɑ
ܒܘܟܪܐ	buxreʔ
ܒܘܟܪܐ	buxrɑʔ
ܒܘܡܐ	bumeʔ
ܒܘܡܐ	bumɑʔ
ܒܘܢܟܐ	bunəxe
ܒܘܢܟܐ	bunəxɑ
ܒܘܣܡܐ	bussɑmeʔ
ܒܘܣܡܐ	bussɑmɑʔ
ܒܘܣܬܢܐ	bustɑneʔ
ܒܘܣܬܢܐ	bustɑnɑʔ
ܒܘܨܐ	busˤɑʔ
ܒܘܪܐ	bureʔ
ܒܘܪܐ	burɑʔ
ܒܘܪܓܐ	burɡeʔ
ܒܘܪܓܐ	burɡɑʔ
ܒܘܪܟܐ	burkeʔ
ܒܘܪܟܐ	burkɑʔ
ܒܘܪܟܐ	burkɑθɑʔ
ܒܘܪܟܐ	burrɑxeʔ
ܒܘܪܟܐ	burrɑxɑʔ
ܒܘܪܟܐ	burəxɑʔ
ܒܘܪܟܬܐ	burkɑθɑʔ
ܒܘܪܣܝܐ	bursɑjeʔ
ܒܘܪܣܝܐ	bursɑjɑʔ
ܒܘܫܠܐ	buʃʃɑleʔ
ܒܘܫܠܐ	buʃʃɑlɑʔ
ܒܘܬܐ	bawteʔ
ܒܘܬܐ	bawtɑʔ
ܒܙܐ	bɑzeʔ
ܒܙܐ	bɑzɑʔ
ܒܙܐ	bɛzzeʔ
ܒܙܐ	bɛzzɑʔ
ܒܙܚܐ	bazzɑħe
ܒܙܚܐ	bazzɑħɑ
ܒܙܚܐ	bɛzħe
ܒܙܚܐ	bɛzħɑ
ܒܙܝܩܐ	bɑziqeʔ
ܒܙܝܩܐ	bɑziqɑʔ
ܒܙܥܐ	bɛzʕeʔ
ܒܙܥܐ	bɛzʕɑʔ
ܒܙܪܐ	bazreʔ
ܒܙܪܐ	bazrɑʔ
ܒܙܪܐ	bəzɑreʔ
ܒܙܪܐ	bəzɑrɑʔ
ܒܙܪܐ	bɛzzɑreʔ
ܒܙܪܐ	bɛzzɑrɑʔ
ܒܙܬܐ	bɛzzəθeʔ
ܒܙܬܐ	bɛzzəθɑʔ
ܒܚܕܐ	baħəðɑʔ
ܒܚܪܐ	baħreʔ
ܒܚܪܐ	baħrɑʔ
ܒܚܪܐ	baħħɑreʔ
ܒܚܪܐ	baħħɑrɑʔ
ܒܚܪܐ	bɑħreʔ
ܒܚܪܐ	bɑħrɑʔ
ܒܚܫܐ	bəħɑʃeʔ
ܒܚܫܐ	bəħɑʃɑʔ
ܒܚܫܐ	bɛħʃeʔ
ܒܚܫܐ	bɛħʃɑʔ
ܒܛܐ	batˤtˤeʔ
ܒܛܐ	batˤtˤɑʔ
ܒܛܐ	bɛtˤtˤeʔ
ܒܛܐ	bɛtˤtˤɑʔ
ܒܛܝܠܘܬܐ	bətˤiluθɑʔ
ܒܛܠܢܐ	bɛtˤlɑneʔ
ܒܛܠܢܐ	bɛtˤlɑnɑʔ
ܒܛܠܬܐ	batˤtˤɑltɑʔ
ܒܛܠܬܐ	batˤtˤɑlɑθɑʔ
ܒܛܡܬܐ	bɛtˤməθɑʔ
ܒܛܢܐ	batˤneʔ
ܒܛܢܐ	batˤnɑʔ
ܒܛܢܘܬܐ	batˤnuθɑʔ
ܒܝܒܐ	bivɑʔ
ܒܝܠܕܪܐ	bildɑreʔ
ܒܝܠܕܪܐ	bildɑrɑʔ
ܒܝܢܐ	bineʔ
ܒܝܢܐ	binɑʔ
ܒܝܣܬܐ	bisjɑθɑʔ
ܒܝܣܬܐ	bistɑʔ
ܒܝܣܬܐ	bisɑθɑʔ
ܒܝܥܬܐ	be̝ʕe
ܒܝܥܬܐ	be̝ʕɑθɑ
ܒܝܥܬܐ	be̝ʕəθɑ
ܒܝܪܬܐ	bajjɑrtɑʔ
ܒܝܪܬܐ	bajjɑrɑθɑʔ
ܒܝܪܬܐ	birtɑʔ
ܒܝܪܬܐ	birɑθɑʔ
ܒܝܫܬܐ	biʃtɑʔ
ܒܝܫܬܐ	biʃɑθɑʔ
ܒܝܬ	beθ
ܒܝܬ	be̝θ
ܒܝܬܐ	bajtɑʔ
ܒܝܬܘܢܐ	bajtoneʔ
ܒܝܬܘܢܐ	bajtonɑʔ
ܒܟܐ	bakkeʔ
ܒܟܐ	bakkɑʔ
ܒܟܐ	bəxɑʔ
ܒܟܝܪܝܐ	bxirojo
ܒܟܝܪܝܐ	bxirɑjɑ
ܒܟܝܪܝܐ	bəxirɑjɑ
ܒܟܢܫ	baxənɛʃ
ܒܠܘܛܐ	ballutˤeʔ
ܒܠܘܛܐ	ballutˤɑʔ
ܒܠܘܥܬܐ	bɑloʕjɑθɑ
ܒܠܘܥܬܐ	bɑloʕtɑ
ܒܠܘܥܬܐ	bɑloʕɑθɑ
ܒܠܥܐ	bəlɑʕeʔ
ܒܠܥܐ	bəlɑʕɑʔ
ܒܢܕܐ	bandas
ܒܢܕܐ	bande
ܒܢܕܐ	bandos
ܒܢܕܐ	bandɑ
ܒܢܕܐ	bɛndɑ
ܒܢܝܐ	bannɑjeʔ
ܒܢܝܐ	bannɑjɑʔ
ܒܢܝܐ	bənajjɑʔ
ܒܢܝܐ	bənɑjeʔ
ܒܢܝܐ	bənɑjɑʔ
ܒܢܝܢܐ	bɛnjɑneʔ
ܒܢܝܢܐ	bɛnjɑnɑʔ
ܒܢܬܐ	bənɑθɑʔ
ܒܣܕܝܐ	besɑðjɑ
ܒܣܕܝܐ	bɛsdojo
ܒܣܕܝܐ	bɛsdɑjɑ
ܒܣܕܝܐ	bɛsoðjo
ܒܣܕܝܐ	bɛssɑðjɑ
ܒܣܕܝܐ	bɪsdɑjɑ
ܒܣܕܝܐ	bɪssɑðjɑ
ܒܣܝܡܘܬܐ	bassimuθɑʔ
ܒܣܡܐ	bassɑmeʔ
ܒܣܡܐ	bassɑmɑʔ
ܒܣܡܐ	bəsɑmeʔ
ܒܣܡܐ	bəsɑmɑʔ
ܒܣܡܐ	bɛsmeʔ
ܒܣܡܐ	bɛsmoneʔ
ܒܣܡܐ	bɛsmɑneʔ
ܒܣܡܐ	bɛsmɑʔ
ܒܣܪܐ	bsoro
ܒܣܪܐ	bsɑrɑ
ܒܣܪܐ	bəsɑrɑ
ܒܣܪܐ	bɛsro
ܒܣܪܐ	bɛsrɑ
ܒܣܪܐ	bɪsrɑ
ܒܣܪܢܐ	bɛsrɑneʔ
ܒܣܬܪܐ	bɛstreʔ
ܒܣܬܪܐ	bɛstrɑʔ
ܒܥܘܐ	baʕweʔ
ܒܥܘܐ	baʕwɑʔ
ܒܥܘܛܐ	bɑʕotˤeʔ
ܒܥܘܛܐ	bɑʕotˤɑʔ
ܒܥܘܛܬܐ	bɑʕotˤtɑʔ
ܒܥܘܛܬܐ	bɑʕotˤɑθɑʔ
ܒܥܘܛܬܐ	bəʕutˤɑθɑʔ
ܒܥܘܛܬܐ	bəʕutˤəθɑʔ
ܒܥܘܬܐ	bɑʕuθɑʔ
ܒܥܘܬܐ	bɑʕwɑθɑʔ
ܒܥܝܪܐ	bəʕirɑʔ
ܒܥܠܐ	baʕleʔ
ܒܥܠܐ	baʕlɑʔ
ܒܥܠܕܒܒܐ	bəʕɛldəvɑveʔ
ܒܥܠܕܒܒܐ	bəʕɛldəvɑvɑʔ
ܒܨܘܝܐ	bɑsˤojeʔ
ܒܨܘܝܐ	bɑsˤojɑʔ
ܒܨܠܐ	bɛsˤleʔ
ܒܨܠܐ	bɛsˤlɑʔ
ܒܨܪܐ	bɑsˤrɑʔ
ܒܨܪܐ	bɛsˤreʔ
ܒܨܪܐ	bɛsˤrɑʔ
ܒܩܐ	bɑqeʔ
ܒܩܐ	bɑqɑʔ
ܒܩܠܐ	baqqɑleʔ
ܒܩܠܐ	baqqɑlɑʔ
ܒܩܪܐ	baqqɑre
ܒܩܪܐ	baqqɑrɑ
ܒܩܪܐ	baqre
ܒܩܪܐ	baqrɑ
ܒܩܪܐ	baqrɑθɑ
ܒܩܪܬܐ	baqrɑθɑʔ
ܒܪܐ	barreʔ
ܒܪܐ	barrɑʔ
ܒܪܐ	bərɑʔ
ܒܪܒܝܛܐ	barbitˤeʔ
ܒܪܒܝܛܐ	barbitˤɑʔ
ܒܪܒܪܝܐ	barbarrɑjeʔ
ܒܪܒܪܝܐ	barbarrɑjɑʔ
ܒܪܒܪܝܐ	barbərɑjeʔ
ܒܪܒܪܝܐ	barbərɑjɑʔ
ܒܪܕܐ	barəðɑʔ
ܒܪܕܐ	bɑrdɑʔ
ܒܪܘܝܐ	bɑrojeʔ
ܒܪܘܝܐ	bɑrojɑʔ
ܒܪܘܝܬܐ	bɑrojtɑʔ
ܒܪܘܝܬܐ	bɑrojɑθɑʔ
ܒܪܘܢܐ	bəronɑʔ
ܒܪܘܢܐ	bɛrroneʔ
ܒܪܘܢܐ	bɛrronɑʔ
ܒܪܘܬܐ	barroθɑ
ܒܪܘܬܐ	bərawwɑθɑ
ܒܪܘܬܐ	bəroθe
ܒܪܘܬܐ	bəroθɑ
ܒܪܘܬܐ	bəruθɑ
ܒܪܙܐ	barzeʔ
ܒܪܙܐ	barzɑʔ
ܒܪܝܬܐ	barriθɑʔ
ܒܪܝܬܐ	barrəjɑθɑʔ
ܒܪܝܬܐ	beriθɑʔ
ܒܪܝܬܐ	berəjɑθɑʔ
ܒܪܝܬܐ	bəriθɑʔ
ܒܪܝܬܐ	bərɑjtɑʔ
ܒܪܝܬܐ	bərɑjɑθɑʔ
ܒܪܝܬܐ	bɛrjɑθɑʔ
ܒܪܟܐ	bərɑxɑ
ܒܪܢܓ	barranɡ
ܒܪܩܐ	barqɑ
ܒܪܩܐ	barrɑqɑ
ܒܪܩܐ	borqo
ܒܪܩܐ	broqo
ܒܪܩܐ	brɑqɑ
ܒܪܩܐ	bɑroqo
ܒܪܩܐ	bɑrqo
ܒܪܩܐ	bɑrqɑ
ܒܪܩܐ	bərɑqɑ
ܒܪܩܩܐ	barqɑqeʔ
ܒܪܩܩܐ	barqɑqɑʔ
ܒܪܬܐ	barəθɑʔ
ܒܬܐ	bɑtteʔ
ܒܬܘܠܐ	bəθuleʔ
ܒܬܘܠܐ	bəθulɑʔ
ܒܬܘܠܘܬܐ	bəθuluθɑ
ܒܬܘܠܬܐ	bəθultɑ
ܒܬܘܠܬܐ	bəθulɑθɑ
ܓ	ɡ
ܓ	ɡɑmal
ܓ	ɣ
ܓܐܪܐ	ɡeʔreʔ
ܓܐܪܐ	ɡeʔrɑʔ
ܓܒܐ	ɡabɑ
ܓܒܐ	ɡəvɑ
ܓܒܝܐ	ɡabbɑje
ܓܒܝܐ	ɡabbɑjɑ
ܓܒܝܘܬܐ	ɡavjuθɑ
ܓܒܝܘܬܐ	ɡavjəwɑθɑ
ܓܒܝܢܐ	ɡəvine
ܓܒܝܢܐ	ɡəvinɑ
ܓܒܝܬܐ	ɡəviθɑʔ
ܓܒܝܬܐ	ɡɛvjɑθɑʔ
ܓܒܪܐ	ɡavre
ܓܒܪܐ	ɡavrɑ
ܓܒܪܘܬܐ	ɡavruθɑʔ
ܓܒܪܘܬܐ	ɡəvarwɑθɑʔ
ܓܒܬܐ	ɡəvɛttɑ
ܓܓܪܬܐ	ɡaɡɡarəθɑ
ܓܓܪܬܐ	ɡaɡɡərɑθɑ
ܓܕܐ	ɡaddeʔ
ܓܕܐ	ɡaddɑʔ
ܓܕܘܕܐ	ɡadduðe
ܓܕܘܕܐ	ɡadduðɑ
ܓܕܘܦܐ	ɡɑðofe
ܓܕܘܦܐ	ɡɑðofɑ
ܓܕܝܐ	ɡaðjɑ
ܓܕܝܐ	ɡəðajjɑ
ܓܕܝܐ	ɡəðɑje
ܓܕܝܐ	ɡəðɑjɑ
ܓܕܝܫܐ	ɡəðiʃe
ܓܕܝܫܐ	ɡəðiʃɑ
ܓܕܠܐ	ɡəðɑle
ܓܕܠܐ	ɡəðɑlɑ
ܓܕܡܐ	ɡəðɑme
ܓܕܡܐ	ɡəðɑmɑ
ܓܕܡܐ	ɡɛðme
ܓܕܡܐ	ɡɛðmɑ
ܓܕܢܦܐ	ɡəðɑnpe
ܓܕܢܦܐ	ɡəðɑnpɑ
ܓܕܪܐ	ɡəðɑre
ܓܕܪܐ	ɡəðɑrɑ
ܓܕܫܐ	ɡɛðʃeʔ
ܓܕܫܐ	ɡɛðʃɑʔ
ܓܗܐ	ɡɑhe
ܓܗܐ	ɡɑhɑ
ܓܗܐ	ɡəhɑ
ܓܘܐ	ɡawweʔ
ܓܘܐ	ɡawwɑʔ
ܓܘܒܐ	ɡubbe
ܓܘܒܐ	ɡubbɑ
ܓܘܒܐ	ɡuve
ܓܘܒܐ	ɡuvɑ
ܓܘܒܝܐ	ɡubbɑje
ܓܘܒܝܐ	ɡubbɑjɑ
ܓܘܓܝ	ɡəwɑɣaj
ܓܘܕܐ	ɡawdeʔ
ܓܘܕܐ	ɡawdɑʔ
ܓܘܕܐ	ɡuddeʔ
ܓܘܕܐ	ɡuddɑneʔ
ܓܘܕܐ	ɡuddɑʔ
ܓܘܕܦܐ	ɡuddɑfeʔ
ܓܘܕܦܐ	ɡuddɑfɑʔ
ܓܘܙܐ	ɡawze
ܓܘܙܐ	ɡawzɑ
ܓܘܙܥܐ	ɡuzʕe
ܓܘܙܥܐ	ɡuzʕɑ
ܓܘܚܟܐ	ɡuħkɑʔ
ܓܘܚܪܐ	ɡuħre
ܓܘܚܪܐ	ɡuħrɑ
ܓܘܝܐ	ɡawwɑjeʔ
ܓܘܝܐ	ɡawwɑjɑʔ
ܓܘܝܐ	ɡojeʔ
ܓܘܝܐ	ɡojɑʔ
ܓܘܝܐ	ɡəwɑjeʔ
ܓܘܝܐ	ɡəwɑjɑʔ
ܓܘܠܒܐ	ɡulbe
ܓܘܠܒܐ	ɡulbɑ
ܓܘܠܥܐ	ɡulʕeʔ
ܓܘܠܦܢܐ	ɡulpɑneʔ
ܓܘܠܦܢܐ	ɡulpɑnɑʔ
ܓܘܠܬܐ	ɡulləθɑʔ
ܓܘܡܐ	ɡume
ܓܘܡܐ	ɡumɑ
ܓܘܡܪܪܐ	ɡumrɑreʔ
ܓܘܡܪܪܐ	ɡumrɑrɑʔ
ܓܘܢܐ	ɡawnɑ
ܓܘܢܐ	ɡuno
ܓܘܢܐ	ɡunɑ
ܓܘܢܐ	ɡɑwno
ܓܘܢܐ	ɡɑwnɑ
ܓܘܢܘܬܐ	ɡawnawwɑθɑʔ
ܓܘܢܘܬܐ	ɡonawwɑθɑʔ
ܓܘܢܘܬܐ	ɡunawwɑθɑʔ
ܓܘܢܝܐ	ɡawwɑnɑjeʔ
ܓܘܢܝܐ	ɡawwɑnɑjɑʔ
ܓܘܢܝܐ	ɡonjɑʔ
ܓܘܢܝܐ	ɡunnɑjeʔ
ܓܘܢܝܐ	ɡunnɑjɑʔ
ܓܘܢܢܐ	ɡawnɑneʔ
ܓܘܣܐ	ɡawsɑ
ܓܘܣܐ	ɡɑwso
ܓܘܣܐ	ɡɑwsɑ
ܓܘܣܢܐ	ɡawsɑnɑ
ܓܘܣܢܐ	ɡɑwsono
ܓܘܣܢܐ	ɡɑwsɑnɑ
ܓܘܦܐ	ɡawpe
ܓܘܦܐ	ɡawpɑ
ܓܘܦܐ	ɡofe
ܓܘܦܐ	ɡofɑ
ܓܘܦܐ	ɡɑwpe
ܓܘܦܐ	ɡɑwpɑ
ܓܘܦܢܐ	ɡufne
ܓܘܪܐ	ɡawre
ܓܘܪܐ	ɡawrɑ
ܓܘܪܐ	ɡure
ܓܘܪܐ	ɡurɑ
ܓܘܪܒܐ	ɡurbe
ܓܘܪܒܐ	ɡurbɑ
ܓܘܪܢܐ	ɡurne
ܓܘܪܢܐ	ɡurnɑ
ܓܘܪܣܐ	ɡurrɑseʔ
ܓܘܪܣܐ	ɡurrɑsɑʔ
ܓܘܫܡܐ	ɡuʃme
ܓܘܫܡܐ	ɡuʃmɑ
ܓܙܐ	ɡazze
ܓܙܐ	ɡazzɑ
ܓܙܐ	ɡɑze
ܓܙܐ	ɡɑzɑ
ܓܙܐ	ɡɑzɑʔ
ܓܙܐ	ɡɛzze
ܓܙܐ	ɡɛzzɑ
ܓܙܒܪܐ	ɡezavreʔ
ܓܙܒܪܐ	ɡezavrɑʔ
ܓܙܘܪܬܐ	ɡəzurtɑʔ
ܓܙܘܪܬܐ	ɡəzurɑθɑʔ
ܓܙܡܐ	ɡəzɑmeʔ
ܓܙܡܐ	ɡəzɑmɑʔ
ܓܙܡܐ	ɡɛzmeʔ
ܓܙܡܐ	ɡɛzmɑʔ
ܓܙܪܐ	ɡazzɑre
ܓܙܪܐ	ɡazzɑrɑ
ܓܙܪܐ	ɡəzɑre
ܓܙܪܐ	ɡəzɑrɑ
ܓܙܪܐ	ɡɛzre
ܓܙܪܐ	ɡɛzrɑ
ܓܙܪܐ	ɡɛzzɑre
ܓܙܪܐ	ɡɛzzɑrɑ
ܓܙܪܬܐ	ɡɑzartɑ
ܓܙܪܬܐ	ɡɑzrɑθɑ
ܓܙܬܐ	ɡɛzzəθɑ
ܓܚܟ	ɡəħax
ܓܚܟ	ɡəħɛx
ܓܛܐ	ɡatˤtˤɑ
ܓܛܐ	ɡɑtˤo
ܓܛܐ	ɡɛtˤo
ܓܛܐ	ɡɛtˤtˤɑ
ܓܛܐ	ɡɪtˤtˤɑ
ܓܝܒܐ	ɡajbe
ܓܝܒܐ	ɡajbɑ
ܓܝܒܐ	ɡajəve
ܓܝܒܐ	ɡajəvɑ
ܓܝܓܠܐ	ɡiɣleʔ
ܓܝܓܠܐ	ɡiɣlɑʔ
ܓܝܕܐ	ɡəjɑðe
ܓܝܕܐ	ɡəjɑðɑ
ܓܝܗܢܐ	ɡejhannɑ
ܓܝܠܥܐ	ɡilʕeʔ
ܓܝܣܐ	ɡajjɑse
ܓܝܣܐ	ɡajjɑsɑ
ܓܝܣܐ	ɡajse
ܓܝܣܐ	ɡajsɑ
ܓܝܣܐ	ɡise
ܓܝܣܐ	ɡisɑ
ܓܝܪܐ	ɡajjɑre
ܓܝܪܐ	ɡajjɑrɑ
ܓܝܪܐ	ɡire
ܓܝܪܐ	ɡirɑ
ܓܠܕܐ	ɡɛldeʔ
ܓܠܕܐ	ɡɛldɑʔ
ܓܠܘܣܩܡܐ	ɡəlusqəmeʔ
ܓܠܘܣܩܡܐ	ɡəlusqəmɑʔ
ܓܠܘܬܐ	ɡɑluθɑʔ
ܓܠܝܕܐ	ɡəliðe
ܓܠܝܕܐ	ɡəliðɑ
ܓܠܝܢܐ	ɡɛljɑneʔ
ܓܠܝܢܐ	ɡɛljɑnɑʔ
ܓܠܠܐ	ɡalləleʔ
ܓܠܠܐ	ɡalləlɑʔ
ܓܠܠܐ	ɡəlɑleʔ
ܓܠܠܐ	ɡəlɑlɑʔ
ܓܠܡܐ	ɡalmeʔ
ܓܠܡܐ	ɡalmɑʔ
ܓܠܥܬܐ	ɡalʕɑθɑʔ
ܓܠܥܬܐ	ɡəlaʕtɑʔ
ܓܠܦܐ	ɡallɑfeʔ
ܓܠܦܐ	ɡallɑfɑʔ
ܓܠܦܐ	ɡəlɑfeʔ
ܓܠܦܐ	ɡəlɑfɑʔ
ܓܠܦܢܐ	ɡɛlpɑneʔ
ܓܠܦܢܐ	ɡɛlpɑnɑʔ
ܓܠܩܐ	ɡalqeʔ
ܓܠܩܐ	ɡalqɑʔ
ܓܡܐ	ɡɛmme
ܓܡܐ	ɡɛmmɑ
ܓܡܘܪܬܐ	ɡumre
ܓܡܘܪܬܐ	ɡəmurjɑθɑ
ܓܡܘܪܬܐ	ɡəmurtɑ
ܓܡܘܪܬܐ	ɡəmurɑθɑ
ܓܡܘܫܐ	ɡammoʃe
ܓܡܘܫܐ	ɡammoʃɑ
ܓܡܘܫܐ	ɡɑmoʃe
ܓܡܘܫܐ	ɡɑmoʃɑ
ܓܡܝܫܐ	ɡammiʃeʔ
ܓܡܝܫܐ	ɡammiʃɑʔ
ܓܡܠܐ	ɡamlawwɑθɑ
ܓܡܠܐ	ɡamle
ܓܡܠܐ	ɡamlɑ
ܓܡܠܐ	ɡamlɑne
ܓܡܠܐ	ɡammɑle
ܓܡܠܐ	ɡammɑlɑ
ܓܡܠܘܬܐ	ɡamlawwɑθɑʔ
ܓܡܠܢܐ	ɡamlɑneʔ
ܓܡܪܐ	ɡəmɑrɑʔ
ܓܢܒܐ	ɡannɑve
ܓܢܒܐ	ɡannɑvɑ
ܓܢܒܘܬܐ	ɡannɑvuθɑ
ܓܢܒܘܬܐ	ɡannɑvwɑθɑ
ܓܢܒܪܐ	ɡabbɑre
ܓܢܒܪܐ	ɡabbɑrɑ
ܓܢܒܬܐ	ɡannɑvtɑ
ܓܢܒܬܐ	ɡannɑvɑθɑ
ܓܢܘܡܐ	ɡənomeʔ
ܓܢܘܡܐ	ɡənomɑʔ
ܓܢܘܢܐ	ɡənoneʔ
ܓܢܘܢܐ	ɡənonɑʔ
ܓܢܣܐ	ɡɛnseʔ
ܓܢܣܐ	ɡɛnsɑneʔ
ܓܢܣܐ	ɡɛnsɑʔ
ܓܢܫܝܐ	ɡɛnnɛʃjeʔ
ܓܢܫܝܐ	ɡɛnnɛʃjɑʔ
ܓܢܬܐ	ɡannəθɑ
ܓܦܐ	ɡappeʔ
ܓܦܐ	ɡappɑʔ
ܓܦܐ	ɡɛppeʔ
ܓܦܐ	ɡɛppɑʔ
ܓܦܦܐ	ɡəfɑfeʔ
ܓܦܦܐ	ɡəfɑfɑʔ
ܓܦܪܐ	ɡɛppɑre
ܓܦܪܐ	ɡɛppɑrɑ
ܓܦܬܐ	ɡəfɛttɑ
ܓܨܐ	ɡasˤsˤɑʔ
ܓܨܐ	ɡɛsˤsˤɑʔ
ܓܪܒܐ	ɡarbɑ
ܓܪܒܐ	ɡarwɑ
ܓܪܒܐ	ɡarəvɑ
ܓܪܒܐ	ɡrowo
ܓܪܒܐ	ɡrɑwɑ
ܓܪܒܐ	ɡɑrbo
ܓܪܒܐ	ɡɑrwo
ܓܪܒܐ	ɡərɑvɑ
ܓܪܒܝܐ	ɡarbəjɑʔ
ܓܪܓܐ	ɡɑrɡeʔ
ܓܪܓܐ	ɡɑrɡɑʔ
ܓܪܓܐ	ɡɛrɡeʔ
ܓܪܓܐ	ɡɛrɡɑʔ
ܓܪܓܫܬܐ	ɡarɡəʃɑθɑ
ܓܪܓܫܬܐ	ɡarɡɛʃtɑ
ܓܪܕܐ	ɡardeʔ
ܓܪܕܐ	ɡardɑʔ
ܓܪܕܐ	ɡɑrdeʔ
ܓܪܕܐ	ɡɑrdɑʔ
ܓܪܕܐ	ɡərɑðeʔ
ܓܪܕܐ	ɡərɑðɑʔ
ܓܪܝܨܬܐ	ɡəriseʔ
ܓܪܝܨܬܐ	ɡərisˤtɑʔ
ܓܪܝܨܬܐ	ɡərisˤɑθɑʔ
ܓܪܡܐ	ɡarmeʔ
ܓܪܡܐ	ɡarmɑʔ
ܓܪܣܐ	ɡɑrseʔ
ܓܪܣܐ	ɡɑrsɑʔ
ܓܪܦܐ	ɡarpe
ܓܪܦܐ	ɡarpɑ
ܓܫܘܫܐ	ɡɑʃoʃe
ܓܫܘܫܐ	ɡɑʃoʃɑ
ܓܫܘܫܘܬܐ	ɡɑʃoʃuθɑ
ܓܫܪܐ	ɡɛʃre
ܓܫܪܐ	ɡɛʃrɑ
ܕ	d
ܕ	dɑlaθ
ܕ	ð
ܕܐܒܐ	deʔveʔ
ܕܐܒܐ	deʔvɑʔ
ܕܐܒܬܐ	deʔvtɑʔ
ܕܐܒܬܐ	deʔvɑθɑʔ
ܕܒܐ	dɛbbeʔ
ܕܒܐ	dɛbbɑʔ
ܕܒܒܐ	dabbɑve
ܕܒܒܐ	dabbɑvɑ
ܕܒܒܐ	dɛbbɑve
ܕܒܒܐ	dɛbbɑvɑ
ܕܒܘܪܐ	dɑvoreʔ
ܕܒܘܪܐ	dɑvorɑʔ
ܕܒܘܪܐ	dɛbboreʔ
ܕܒܘܪܐ	dɛbborɑʔ
ܕܒܘܪܬܐ	dɛbbortɑʔ
ܕܒܚܐ	dɛvħeʔ
ܕܒܚܐ	dɛvħɑʔ
ܕܒܝܚܘܬܐ	dəviħuθɑ
ܕܒܝܚܘܬܐ	dəviħwɑθɑ
ܕܒܝܩܐ	dabbiqeʔ
ܕܒܝܩܐ	dabbiqɑʔ
ܕܒܩܐ	dəvɑqeʔ
ܕܒܩܐ	dəvɑqɑʔ
ܕܒܩܐ	dɛvqeʔ
ܕܒܩܐ	dɛvqɑʔ
ܕܒܪܐ	davrɑʔ
ܕܒܪܐ	dəvɑrɑʔ
ܕܒܫܐ	dɛvʃɑ
ܕܒܫܐ	dɛwʃo
ܕܒܫܐ	dɪwʃɑ
ܕܒܫܬܐ	dabbɑʃtɑʔ
ܕܓܠ	daɡɡɑl
ܕܓܠ	daɡɡɛl
ܕܓܠܐ	daɡɡɑle
ܕܓܠܐ	daɡɡɑlɑ
ܕܓܢܐ	dəɣɑne
ܕܓܢܐ	dəɣɑnɑ
ܕܓܢܐ	dɛɣne
ܕܓܢܐ	dɛɣnɑ
ܕܕܐ	dɑðe
ܕܕܐ	dɑðɑ
ܕܕܐ	dɑðɑne
ܕܕܪܐ	daddɑreʔ
ܕܕܪܐ	daddɑrɑʔ
ܕܕܪܐ	daðreʔ
ܕܕܪܐ	daðrɑʔ
ܕܕܬܐ	dɑðtɑ
ܕܕܬܐ	dɑðɑθɑ
ܕܗܒܐ	dahhɑve
ܕܗܒܐ	dahhɑvɑ
ܕܗܒܐ	dahəve
ܕܗܒܐ	dahəvɑ
ܕܗܩܢܐ	dahqɑne
ܕܗܩܢܐ	dahqɑnɑ
ܕܘܒܩܐ	dubbɑqe
ܕܘܒܩܐ	dubbɑqɑ
ܕܘܒܪܐ	dubbɑreʔ
ܕܘܒܪܐ	dubbɑrɑʔ
ܕܘܓܐ	dawɡɑ
ܕܘܓܐ	duɡɡe
ܕܘܓܐ	duɡɡɑ
ܕܘܓܠܐ	duɡɡɑleʔ
ܕܘܓܠܐ	duɡɡɑlɑʔ
ܕܘܗܢܐ	duhhɑneʔ
ܕܘܗܢܐ	duhhɑnɑʔ
ܕܘܚܢܐ	duħnɑ
ܕܘܟܪܢܐ	duxrɑneʔ
ܕܘܟܪܢܐ	duxrɑnɑʔ
ܕܘܟܬܐ	dukkəθɑʔ
ܕܘܠܐ	dawleʔ
ܕܘܠܐ	dawlɑʔ
ܕܘܠܐ	dulleʔ
ܕܘܠܐ	dullɑʔ
ܕܘܠܒܐ	dulbeʔ
ܕܘܠܒܐ	dulbɑʔ
ܕܘܡܪܐ	dummɑrɑʔ
ܕܘܢܒܐ	dunbeʔ
ܕܘܢܒܐ	dunbɑʔ
ܕܘܢܒܐ	dunbɑθɑʔ
ܕܘܢܒܐ	dunbəjɑθɑʔ
ܕܘܥܬܐ	duʕteʔ
ܕܘܥܬܐ	duʕtɑʔ
ܕܘܪܐ	doreʔ
ܕܘܪܐ	dorɑʔ
ܕܘܪܐ	dureʔ
ܕܘܪܐ	durɑʔ
ܕܘܪܐ	dəwɑreʔ
ܕܘܪܐ	dəwɑrɑʔ
ܕܘܪܟܬܐ	durkɑθɑʔ
ܕܘܪܟܬܐ	durkəθɑʔ
ܕܘܪܩܝܢܐ	doraqqine
ܕܘܪܩܝܢܐ	doraqqinɑ
ܕܘܪܩܝܢܐ	durqine
ܕܘܪܩܝܢܐ	durqinɑ
ܕܘܪܫܐ	durrɑʃeʔ
ܕܘܪܫܐ	durrɑʃɑʔ
ܕܚܠ	dəħɛl
ܕܚܠܬܐ	dɛħlɑθɑ
ܕܚܠܬܐ	dɛħləθɑ
ܕܚܫܐ	daħʃeʔ
ܕܚܫܐ	daħʃɑʔ
ܕܝܘܐ	dajwe
ܕܝܘܐ	dajwɑ
ܕܝܘܩܐ	dɑjoqeʔ
ܕܝܘܩܐ	dɑjoqɑʔ
ܕܝܘܬܐ	dəjoθɑ
ܕܝܘܬܐ	dəjuθɑ
ܕܝܙܐ	dize
ܕܝܙܐ	dizɑ
ܕܝܠܝܘܬܐ	dilɑjuθɑ
ܕܝܠܝܘܬܐ	dilɑjwɑθɑ
ܕܝܢܐ	dajjɑneʔ
ܕܝܢܐ	dajjɑnɑʔ
ܕܝܢܐ	dineʔ
ܕܝܢܐ	dinɑʔ
ܕܝܢܪܐ	dejnɑreʔ
ܕܝܢܪܐ	dejnɑrɑʔ
ܕܝܪܐ	dajjɑreʔ
ܕܝܪܐ	dajjɑrɑʔ
ܕܝܪܐ	dajrawwɑθɑʔ
ܕܝܪܐ	dajreʔ
ܕܝܪܐ	dajrɑʔ
ܕܝܪܐ	dajrɑθɑʔ
ܕܟܪܐ	dɛxro
ܕܟܪܐ	dɛxrɑ
ܕܟܪܐ	dɪxrɑ
ܕܠܦܝܢܐ	dɛlpinas
ܕܠܦܝܢܐ	dɛlpine
ܕܠܦܝܢܐ	dɛlpinɑ
ܕܠܩܐ	dallɑqeʔ
ܕܠܩܐ	dallɑqɑʔ
ܕܠܩܐ	dalqeʔ
ܕܠܩܐ	dalqɑʔ
ܕܠܩܐ	dɛlqeʔ
ܕܠܩܐ	dɛlqɑʔ
ܕܡܐ	dəmɑʔ
ܕܡܘܬܐ	dəmuθɑ
ܕܡܘܬܐ	dɛmwɑθɑ
ܕܡܝܐ	dəmajjɑ
ܕܡܟ	dammɑx
ܕܡܟ	dəmɑx
ܕܡܟ	dəmɛx
ܕܡܟܐ	dammɑxeʔ
ܕܡܟܐ	dammɑxɑʔ
ܕܡܟܐ	dəmɑxɑʔ
ܕܡܥܬܐ	dɛmʕəθɑ
ܕܢܐ	danne
ܕܢܐ	dannɑ
ܕܢܐ	dannɑθɑ
ܕܢܚܐ	dɛnħɑ
ܕܢܬܐ	dannɑθɑʔ
ܕܦܐ	dappe
ܕܦܐ	dappɑ
ܕܦܢܐ	dafneʔ
ܕܦܢܐ	dafnɑʔ
ܕܦܢܐ	dafnɑθɑʔ
ܕܦܢܐ	dappannas
ܕܦܢܐ	dappanneʔ
ܕܦܢܐ	dufneʔ
ܕܦܪܢܐ	dafrɑneʔ
ܕܦܪܢܐ	dafrɑnɑʔ
ܕܩܘܩܐ	dɑqoqeʔ
ܕܩܘܩܐ	dɑqoqɑʔ
ܕܩܠܐ	dəqɑlɑʔ
ܕܩܠܐ	dɛqleʔ
ܕܩܠܐ	dɛqlɑʔ
ܕܩܢܐ	daqneʔ
ܕܩܢܐ	daqnɑʔ
ܕܩܩܐ	dəqɑqeʔ
ܕܩܩܐ	dəqɑqɑʔ
ܕܩܪܐ	dəqɑreʔ
ܕܩܪܐ	dəqɑrɑʔ
ܕܪܐ	darre
ܕܪܐ	darrɑ
ܕܪܐ	dɑre
ܕܪܐ	dɑrɑ
ܕܪܒܐ	darbe
ܕܪܒܐ	darbɑ
ܕܪܒܐ	dɛrbe
ܕܪܒܐ	dɛrbɑ
ܕܪܓܐ	darrɑɣɑ
ܕܪܓܐ	darɡɑ
ܕܪܓܐ	droɣo
ܕܪܓܐ	drɑɣɑ
ܕܪܓܐ	dɑroɣo
ܕܪܓܐ	dɑrɡo
ܕܪܓܐ	dərɑɣɑ
ܕܪܓܘܫܬܐ	darɡuʃjɑθɑ
ܕܪܓܘܫܬܐ	darɡuʃtɑ
ܕܪܓܘܫܬܐ	darɡuʃɑθɑ
ܕܪܕܐ	dardeʔ
ܕܪܕܐ	dardɑʔ
ܕܪܕܪܐ	dardəreʔ
ܕܪܕܪܐ	dardərɑʔ
ܕܪܡܐ	dərɑmeʔ
ܕܪܡܐ	dərɑmɑtˤɑʔ
ܕܪܡܐ	dərɑmɑʔ
ܕܪܡܛܐ	dərɑmɑtˤɑʔ
ܕܪܡܢܐ	darmɑneʔ
ܕܪܡܢܐ	darmɑnɑʔ
ܕܪܥܐ	dərɑʕeʔ
ܕܪܥܐ	dərɑʕɑʔ
ܕܪܩܘܢܐ	dərɑqoneʔ
ܕܪܩܘܢܐ	dərɑqonɑʔ
ܕܪܬܐ	dɑre
ܕܪܬܐ	dɑrtɑ
ܕܪܬܐ	dɑrɑθɑ
ܕܫܢܐ	daʃneʔ
ܕܫܢܐ	daʃnɑʔ
ܕܫܢܐ	dɑʃneʔ
ܕܫܢܐ	dɑʃnɑʔ
ܕܫܬܐ	daʃteʔ
ܕܫܬܐ	daʃtɑʔ
ܕܬܐ	datteʔ
ܕܬܐ	dattɑʔ
ܕܬܐ	dɑθeʔ
ܕܬܐ	dɑθɑʔ
ܗ	h
ܗ	heʔ
ܗܒܒܐ	habbɑveʔ
ܗܒܒܐ	habbɑvɑʔ
ܗܒܬܐ	habbəθɑʔ
ܗܓܝܢܐ	həɣine
ܗܓܝܢܐ	həɣinɑ
ܗܓܝܢܐ	hɛɣjɑne
ܗܓܝܢܐ	hɛɣjɑnɑ
ܗܓܡܘܢܐ	heɣmoneʔ
ܗܓܡܘܢܐ	heɣmonɑʔ
ܗܓܡܘܢܐ	hɛɣmoneʔ
ܗܓܡܘܢܐ	hɛɣmonɑʔ
ܗܕܐ	hɑðeʔ
ܗܕܐܝܠ	həðɑʔe̝l
ܗܕܡܐ	haddɑmeʔ
ܗܕܡܐ	haddɑmɑʔ
ܗܘ	haw
ܗܘ	hu
ܗܘ	hɑw
ܗܘܠܐ	hule
ܗܘܠܐ	hulɑ
ܗܘܢܐ	hawneʔ
ܗܘܢܐ	hawnɑʔ
ܗܘܦܪܟܝܐ	hupparkijɑʔ
ܗܘܬܐ	hawwe
ܗܘܬܐ	hawwɑθɑ
ܗܘܬܐ	hawwəθɑ
ܗܝ	hi
ܗܝ	hɑj
ܗܝܒܐ	hiveʔ
ܗܝܒܐ	hivɑʔ
ܗܝܟܠܐ	hajkəle
ܗܝܟܠܐ	hajkəlɑ
ܗܝܡܢܘܬܐ	hajmɑnuθɑʔ
ܗܝܡܢܘܬܐ	hajmɑnwɑθɑʔ
ܗܟܝܠ	hɑxejl
ܗܠܝܢ	hɑlejn
ܗܠܟ	hallɑx
ܗܠܟ	hallɛx
ܗܠܟ	həlɛx
ܗܠܟܐ	halkeʔ
ܗܠܟܐ	halkɑʔ
ܗܠܟܐ	hallɑxeʔ
ܗܠܟܐ	hallɑxɑʔ
ܗܠܟܐ	hɛlkeʔ
ܗܠܟܐ	hɛlkɑʔ
ܗܠܟܬܐ	halkɑθɑʔ
ܗܠܟܬܐ	hallɑxtɑʔ
ܗܠܟܬܐ	hallɑxɑθɑʔ
ܗܠܟܬܐ	həlaxəθɑʔ
ܗܠܟܬܐ	hɛlkəθɑʔ
ܗܠܟܬܐ	hɛllaxəθɑʔ
ܗܡܢ	hɑmɑn
ܗܡܢܝܟܐ	hamnixeʔ
ܗܡܢܝܟܐ	hamnixɑʔ
ܗܡܢܝܟܐ	hɛmnixeʔ
ܗܡܢܝܟܐ	hɛmnixɑʔ
ܗܢܐ	hɑnɑʔ
ܗܢܕܒܐ	hɛndəve
ܗܢܕܒܐ	hɛndəvɑ
ܗܢܘܢ	hɑnon
ܗܢܘܢ	hɛnnon
ܗܢܝܢ	hɑnejn
ܗܢܝܢ	hɛnjɑn
ܗܢܝܢ	hɛnnejn
ܗܢܝܢܐ	hɛnjɑneʔ
ܗܢܝܢܐ	hɛnjɑnɑʔ
ܗܪܓܐ	hɛrɡeʔ
ܗܪܓܐ	hɛrɡɑʔ
ܗܪܗܪܐ	harhɑreʔ
ܗܪܗܪܐ	harhɑrɑʔ
ܗܪܡܝܣ	hɛrmis
ܗܪܡܣܐ	hɛrmɑseʔ
ܗܪܡܣܐ	hɛrmɑsɑʔ
ܘ	o
ܘ	u
ܘ	w
ܘ	waw
ܘܙܐ	wazzeʔ
ܘܙܐ	wazzɑʔ
ܘܙܝܪܐ	wazzireʔ
ܘܙܝܪܐ	wazzirɑʔ
ܘܙܬܐ	wazzɑθɑ
ܘܙܬܐ	wazzəθɑ
ܘܝܠܐ	wejleʔ
ܘܝܠܐ	wejlɑʔ
ܘܝܠܐ	welas
ܘܝܩܝܦܕܝܐ	wiqifɛðjɑʔ
ܘܝܩܝܦܕܝܐ	wiqipɛdjɑʔ
ܘܠܝܬܐ	wɑliθɑ
ܘܠܝܬܐ	wɑljɑθɑ
ܘܣܐ	wasse
ܘܣܐ	wassɑ
ܘܥܕܐ	waʕdeʔ
ܘܥܕܐ	waʕdɑʔ
ܘܪܕܐ	warde
ܘܪܕܐ	wardɑ
ܘܪܙܐ	warzeʔ
ܘܪܙܐ	warzɑʔ
ܘܪܝܕܐ	warriðe
ܘܪܝܕܐ	warriðɑ
ܘܪܢܐ	warneʔ
ܘܪܢܐ	warnɑʔ
ܘܪܫܢܐ	warʃɑne
ܘܪܫܢܐ	warʃɑnɑ
ܙ	z
ܙ	zajn
ܙܒܕܐ	zɛvdeʔ
ܙܒܕܐ	zɛvdɑʔ
ܙܒܝܠܐ	zabbileʔ
ܙܒܝܠܐ	zabbilɑʔ
ܙܒܠܐ	zɛvleʔ
ܙܒܠܐ	zɛvlɑʔ
ܙܒܢܐ	zavneʔ
ܙܒܢܐ	zavnɑʔ
ܙܒܢܐ	zəvɑneʔ
ܙܒܢܐ	zəvɑnɑʔ
ܙܒܢܐ	zɛvneʔ
ܙܒܢܐ	zɛvnɑʔ
ܙܓܐ	zaɡɡe
ܙܓܐ	zaɡɡɑ
ܙܓܐ	zɑɡɡe
ܙܓܐ	zɑɡɡɑ
ܙܓܓܐ	zəɣɑɣeʔ
ܙܓܓܐ	zəɣɑɣɑʔ
ܙܓܘܐ	zaɣwɑ
ܙܓܘܓܝܬܐ	zəɣuɣiθɑ
ܙܓܘܓܝܬܐ	zəɣuɣjɑθɑ
ܙܓܪܘܪܐ	zaɣrure
ܙܓܪܘܪܐ	zaɣrurɑ
ܙܕܝܩܘܬܐ	zaddiquθɑʔ
ܙܕܩܐ	zɛðqeʔ
ܙܕܩܐ	zɛðqɑʔ
ܙܕܩܬܐ	zɛðqɑθɑ
ܙܕܩܬܐ	zɛðqəθɑ
ܙܗܪܐ	zahreʔ
ܙܗܪܐ	zahrɑʔ
ܙܗܪܐ	zəhɑreʔ
ܙܗܪܐ	zəhɑrɑʔ
ܙܘܒܢܐ	zubbɑneʔ
ܙܘܒܢܐ	zubbɑnɑʔ
ܙܘܓܐ	zawɡe
ܙܘܓܐ	zawɡɑ
ܙܘܓܠܐ	zuɣalleʔ
ܙܘܓܠܐ	zuɣallɑʔ
ܙܘܘܓܐ	zuwwɑɣeʔ
ܙܘܘܓܐ	zuwwɑɣɑʔ
ܙܘܙܐ	zuze
ܙܘܙܐ	zuzɑ
ܙܘܝܚܐ	zujjɑħeʔ
ܙܘܝܚܐ	zujjɑħɑʔ
ܙܘܝܬܐ	zɑwiθɑ
ܙܘܝܬܐ	zɑwjɑθɑ
ܙܘܡܐ	zome
ܙܘܡܐ	zomɑ
ܙܘܡܐ	zume
ܙܘܡܐ	zumɑ
ܙܘܡܐ	zɑwme
ܙܘܡܐ	zɑwmɑ
ܙܘܣ	zɛws
ܙܘܥܐ	zawʕe
ܙܘܥܐ	zawʕɑ
ܙܘܥܐ	zawʕɑne
ܙܘܦܐ	zop˭ɑ
ܙܘܦܐ	zup˭o
ܙܘܪܐ	zəwɑreʔ
ܙܘܪܐ	zəwɑrɑʔ
ܙܘܪܐ	zəwɑrɑθɑʔ
ܙܘܪܕܝܬܐ	zordiθɑ
ܙܘܪܕܝܬܐ	zurdiθo
ܙܘܪܢܐ	zurneʔ
ܙܘܪܢܐ	zurnɑʔ
ܙܘܪܬܐ	zəwɑrɑθɑʔ
ܙܚܘܪܝܬܐ	zəħoriθɑʔ
ܙܚܘܪܝܬܐ	zəħorjɑθɑʔ
ܙܝܙܐ	zizeʔ
ܙܝܙܐ	zizɑʔ
ܙܝܙܢܐ	zizɑneʔ
ܙܝܙܢܐ	zizɑnɑʔ
ܙܝܢܐ	zajneʔ
ܙܝܢܐ	zajnɑʔ
ܙܝܩܐ	ziqo
ܙܝܩܐ	ziqɑ
ܙܝܬܐ	zajteʔ
ܙܝܬܐ	zajtɑʔ
ܙܟܘܬܐ	zɑxuθɑʔ
ܙܟܘܬܐ	zɑxwɑθɑʔ
ܙܠܐ	zalleʔ
ܙܠܐ	zallɑʔ
ܙܠܐ	zɑleʔ
ܙܠܐ	zɑlɑʔ
ܙܠܒܪܝܐ	zlawərjɑ
ܙܠܒܪܝܐ	zlɑwrjo
ܙܠܒܪܝܐ	zəlavrəjɑ
ܙܠܓܐ	zɛlɡe
ܙܠܓܐ	zɛlɡɑ
ܙܠܓܐ	zɛlɣe
ܙܠܡܐ	zəlɑmeʔ
ܙܠܡܐ	zəlɑmɑʔ
ܙܠܡܐ	zɛlmeʔ
ܙܠܡܐ	zɛlmɑʔ
ܙܡܝܪܬܐ	zəmirtɑʔ
ܙܡܝܪܬܐ	zəmirɑθɑʔ
ܙܡܝܬܐ	zəmɑjtɑʔ
ܙܡܡܐ	zəmɑmeʔ
ܙܡܡܐ	zəmɑmɑʔ
ܙܡܪ	zammɑr
ܙܡܪ	zəmar
ܙܡܪ	zəmɑr
ܙܡܪܐ	zammɑreʔ
ܙܡܪܐ	zammɑrɑʔ
ܙܡܪܐ	zəmɑrɑʔ
ܙܡܪܓܕܐ	zəmarraɣdeʔ
ܙܡܪܓܕܐ	zəmarraɣdɑʔ
ܙܡܪܓܕܐ	zəmarɡɑðɑʔ
ܙܡܪܓܕܐ	zəmɑrɡɑðɑʔ
ܙܡܪܘܪܐ	zamrurɑ
ܙܡܪܘܪܐ	zɑmruro
ܙܡܪܘܬܐ	zammɑruθɑʔ
ܙܡܪܬܐ	zammɑrtɑʔ
ܙܡܪܬܐ	zammɑrɑθɑʔ
ܙܢܐ	zənɑʔ
ܙܢܒܝܠܐ	zanbileʔ
ܙܢܒܝܠܐ	zanbilɑʔ
ܙܢܓܒܝܠ	zanɡəvil
ܙܢܓܪܐ	zanɡɑreʔ
ܙܢܓܪܐ	zanɡɑrɑʔ
ܙܢܩܐ	zanqeʔ
ܙܢܩܐ	zanqɑʔ
ܙܢܩܐ	zɑnqeʔ
ܙܢܩܐ	zɑnqɑʔ
ܙܢܩܐ	zənɑqeʔ
ܙܢܩܐ	zənɑqɑʔ
ܙܥܘܪ	zəʕor
ܙܩܐ	zɛqqe
ܙܩܐ	zɛqqɑ
ܙܩܘܪܐ	zɑqoreʔ
ܙܩܘܪܐ	zɑqorɑʔ
ܙܩܘܪܐ	zəqureʔ
ܙܩܘܪܐ	zəqurɑʔ
ܙܩܝܦܐ	zəqifeʔ
ܙܩܝܦܐ	zəqifɑʔ
ܙܩܦܐ	zəqɑfeʔ
ܙܩܦܐ	zəqɑfɑʔ
ܙܩܪܐ	zaqqɑreʔ
ܙܩܪܐ	zaqqɑrɑʔ
ܙܩܪܝܬܐ	zaqqɑrjɑθɑʔ
ܙܩܪܬܐ	zaqqɑrjɑθɑʔ
ܙܩܪܬܐ	zaqqɑrtɑʔ
ܙܩܪܬܐ	zaqqɑrɑθɑʔ
ܙܩܪܬܐ	zəqɑrtɑʔ
ܙܩܪܬܐ	zəqɑrɑθɑʔ
ܙܩܬܐ	zəqɑθeʔ
ܙܩܬܐ	zəqɑθɑʔ
ܙܩܬܐ	zɛqqəθeʔ
ܙܩܬܐ	zɛqqəθɑʔ
ܙܩܬܐ	zɛqteʔ
ܙܩܬܐ	zɛqtɑʔ
ܙܪܕܐ	zarəde
ܙܪܕܐ	zarədɑ
ܙܪܘܥܐ	zɑroʕeʔ
ܙܪܘܥܐ	zɑroʕɑʔ
ܙܪܙܘܪܐ	zarzure
ܙܪܙܘܪܐ	zarzurɑ
ܙܪܙܝܪܐ	zarzire
ܙܪܙܝܪܐ	zarzirɑ
ܙܪܢܝܟܐ	zarnixɑ
ܙܪܢܦܐ	zarnɑfɑ
ܙܪܢܦܐ	zarnɑpɑ
ܙܪܢܦܐ	zɑrnofo
ܙܪܥܐ	zarʕeʔ
ܙܪܥܐ	zarʕɑʔ
ܙܪܥܐ	zarʕɑθɑʔ
ܙܪܥܐ	zarʕəjɑθɑʔ
ܙܪܥܐ	zərɑʕɑʔ
ܙܪܩܐ	zɑrqe
ܙܪܩܐ	zɑrqɑ
ܙܪܬܐ	zartɑʔ
ܚ	ħ
ܚ	ħejθ
ܚܐܘܬܐ	ħeʔwtɑʔ
ܚܐܦܝ	ħefaj
ܚܐܪܘܬܐ	ħeʔruθɑ
ܚܒܐ	ħabbeʔ
ܚܒܐ	ħabbɑʔ
ܚܒܘܪܐ	ħabbure
ܚܒܘܪܐ	ħabburɑ
ܚܒܘܫܐ	ħabbuʃe
ܚܒܘܫܐ	ħabbuʃɑ
ܚܒܠܐ	ħabbɑle
ܚܒܠܐ	ħabbɑlɑ
ܚܒܠܐ	ħavle
ܚܒܠܐ	ħavlɑ
ܚܒܠܐ	ħəvɑle
ܚܒܠܐ	ħəvɑlɑ
ܚܒܠܐ	ħɛvle
ܚܒܠܐ	ħɛvlɑ
ܚܒܨܐ	ħavsˤeʔ
ܚܒܨܐ	ħavsˤɑʔ
ܚܒܨܐ	ħəvɑsˤeʔ
ܚܒܨܐ	ħəvɑsˤɑʔ
ܚܒܨܐ	ħɛvsˤeʔ
ܚܒܨܐ	ħɛvsˤɑʔ
ܚܒܪܐ	ħabbɑre
ܚܒܪܐ	ħabbɑrɑ
ܚܒܪܐ	ħavre
ܚܒܪܐ	ħavrɑ
ܚܒܪܐ	ħɛvrɑ
ܚܒܪܘܬܐ	ħavruθɑʔ
ܚܒܪܬܐ	ħavrɑθɑʔ
ܚܒܪܬܐ	ħəvarəθɑʔ
ܚܒܪܬܐ	ħəvɑrtɑʔ
ܚܒܪܬܐ	ħəvɑrɑθɑʔ
ܚܒܫܘܫܬܐ	ħavʃuʃtɑʔ
ܚܓܐ	ħaɡɡe
ܚܓܐ	ħaɡɡɑ
ܚܓܐ	ħɑɡɡe
ܚܓܐ	ħɑɡɡɑ
ܚܓܐ	ħɛɡɡe
ܚܓܐ	ħɛɡɡɑ
ܚܓܠܐ	ħaɣle
ܚܓܠܐ	ħaɣlɑ
ܚܓܠܬܐ	ħaɣlɑθɑ
ܚܓܠܬܐ	ħaɣləθɑ
ܚܓܠܬܐ	ħəɣalləθɑ
ܚܓܣܐ	ħəɣɑseʔ
ܚܓܣܐ	ħəɣɑsɑʔ
ܚܕܒܫܒܐ	ħaðbəʃabbe
ܚܕܒܫܒܐ	ħaðbəʃabbɑ
ܚܕܘܬܐ	ħadduθɑʔ
ܚܕܘܬܐ	ħaðwɑθɑʔ
ܚܕܘܬܐ	ħaðwəθɑʔ
ܚܕܘܬܐ	ħəðawwɑθɑʔ
ܚܕܘܬܐ	ħəðuttɑʔ
ܚܕܚܝܙܐ	ħaðħizeʔ
ܚܕܚܝܙܐ	ħaðħizɑʔ
ܚܕܝܐ	ħaðjɑʔ
ܚܕܝܐ	ħəðawwɑθɑʔ
ܚܕܝܐ	ħəðɑjeʔ
ܚܘܒܐ	ħawbeʔ
ܚܘܒܐ	ħawbɑʔ
ܚܘܒܐ	ħubbɑʔ
ܚܘܒܝܐ	ħuvjeʔ
ܚܘܒܝܐ	ħuvjɑʔ
ܚܘܓܒܐ	ħuɣbe
ܚܘܓܒܐ	ħuɣbɑ
ܚܘܓܬܐ	ħuɣjɑθɑ
ܚܘܓܬܐ	ħuɣtɑ
ܚܘܓܬܐ	ħuɣɑθɑ
ܚܘܕܪܐ	xuðrɑ
ܚܘܕܪܐ	ħuðro
ܚܘܕܪܐ	ħuðrɑ
ܚܘܕܬܐ	ħuddɑθe
ܚܘܕܬܐ	ħuddɑθɑ
ܚܘܘܝܬܐ	xwɑwiθɑ
ܚܘܘܝܬܐ	ħwɑwiθo
ܚܘܘܝܬܐ	ħəwawwiθɑ
ܚܘܚܐ	ħoħe
ܚܘܚܐ	ħoħɑ
ܚܘܛܐ	ħawtˤɑ
ܚܘܛܐ	ħutˤe
ܚܘܛܐ	ħutˤɑ
ܚܘܛܪܐ	ħutˤreʔ
ܚܘܛܪܐ	ħutˤrɑʔ
ܚܘܛܪܐ	ħutˤrɑθɑʔ
ܚܘܝܐ	xɪwjɑ
ܚܘܝܐ	ħɛwjo
ܚܘܝܐ	ħɛwjɑ
ܚܘܝܒܐ	ħujjɑveʔ
ܚܘܝܒܐ	ħujjɑvɑʔ
ܚܘܝܕܐ	ħujjɑðeʔ
ܚܘܝܕܐ	ħujjɑðɑʔ
ܚܘܝܚܐ	ħəwiħeʔ
ܚܘܝܚܐ	ħəwiħɑʔ
ܚܘܟܐ	ħawke
ܚܘܟܐ	ħawkɑ
ܚܘܠܕܐ	ħulde
ܚܘܠܕܐ	ħuldɑ
ܚܘܠܕܐ	ħullɑðɑ
ܚܘܠܡܛܐ	ħulmɑtˤeʔ
ܚܘܠܡܛܐ	ħulmɑtˤɑʔ
ܚܘܠܡܢܐ	ħulmɑneʔ
ܚܘܠܡܢܐ	ħulmɑnɑʔ
ܚܘܠܦܐ	ħullɑfeʔ
ܚܘܠܦܐ	ħullɑfɑʔ
ܚܘܠܦܐ	ħulpeʔ
ܚܘܠܦܐ	ħulpɑʔ
ܚܘܡܐ	ħummɑʔ
ܚܘܡܠܐ	ħummɑle
ܚܘܡܠܐ	ħummɑlɑ
ܚܘܡܫܐ	ħumʃe
ܚܘܡܫܐ	ħumʃɑ
ܚܘܢܛܐ	ħunnɑtˤe
ܚܘܢܛܐ	ħunnɑtˤɑ
ܚܘܢܛܬܐ	ħuntˤɑθɑ
ܚܘܢܛܬܐ	ħuntˤəθɑ
ܚܘܦܐ	ħawpɑʔ
ܚܘܦܢܐ	ħufne
ܚܘܦܢܐ	ħufnɑ
ܚܘܩܐ	ħawqeʔ
ܚܘܩܐ	ħawqɑʔ
ܚܘܩܐ	ħuqeʔ
ܚܘܩܐ	ħuqɑʔ
ܚܘܪܐ	xawrɑ
ܚܘܪܐ	xawwɑrɑ
ܚܘܪܐ	xorrɑ
ܚܘܪܐ	xwɑrɑ
ܚܘܪܐ	xɪwwɑrɑ
ܚܘܪܐ	ħawrɑ
ܚܘܪܐ	ħawwɑrɑ
ܚܘܪܐ	ħawwərɑ
ܚܘܪܐ	ħorrɑ
ܚܘܪܐ	ħuro
ܚܘܪܐ	ħworo
ܚܘܪܐ	ħɑworo
ܚܘܪܐ	ħɑwro
ܚܘܪܐ	ħəwɑrɑ
ܚܘܪܐ	ħɛworo
ܚܘܪܐ	ħɛwwɑrɑ
ܚܘܪܒܐ	ħorəve
ܚܘܪܒܐ	ħorəvɑ
ܚܘܪܒܐ	ħurbe
ܚܘܪܒܐ	ħurbɑ
ܚܘܪܒܐ	ħurəve
ܚܘܪܒܐ	ħurəvɑ
ܚܘܪܙܐ	ħurrɑze
ܚܘܪܙܐ	ħurrɑzɑ
ܚܘܪܪܐ	xurrɑrɑ
ܚܘܪܪܐ	ħuroro
ܚܘܪܪܐ	ħurrɑrɑ
ܚܘܫܒܐ	ħuʃʃɑveʔ
ܚܘܫܒܐ	ħuʃʃɑvɑʔ
ܚܘܫܒܢܐ	ħuʃbɑneʔ
ܚܘܫܒܢܐ	ħuʃbɑnɑʔ
ܚܙܐ	ħəzɑʔ
ܚܙܘܐ	ħɛzweʔ
ܚܙܘܐ	ħɛzwɑneʔ
ܚܙܘܐ	ħɛzwɑʔ
ܚܙܘܢܐ	ħɛzwɑneʔ
ܚܙܘܢܐ	ħɛzwɑnɑʔ
ܚܙܘܪܐ	ħazzure
ܚܙܘܪܐ	ħazzurɑ
ܚܙܘܪܐ	ħɑzore
ܚܙܘܪܐ	ħɑzorɑ
ܚܙܘܪܐ	ħəzure
ܚܙܘܪܐ	ħəzurɑ
ܚܙܝܐ	ħazzɑjeʔ
ܚܙܝܐ	ħazzɑjɑʔ
ܚܙܝܐ	ħəzɑjɑʔ
ܚܙܝܐ	ħɛzjeʔ
ܚܙܝܐ	ħɛzjɑʔ
ܚܙܝܪܐ	ħəzireʔ
ܚܙܝܪܐ	ħəzirɑʔ
ܚܙܝܪܬܐ	ħəzirtɑ
ܚܙܝܪܬܐ	ħəzirɑθɑ
ܚܚܐ	ħaħwɑθɑ
ܚܚܐ	ħaħħe
ܚܚܐ	ħaħħɑ
ܚܛܐ	ħɛtˤtˤeʔ
ܚܛܐ	ħɛtˤtˤɑʔ
ܚܛܗܐ	ħatˤtˤɑheʔ
ܚܛܗܐ	ħatˤtˤɑhɑʔ
ܚܛܗܐ	ħətˤɑheʔ
ܚܛܗܐ	ħətˤɑhɑʔ
ܚܛܘܦܝܐ	ħətˤufjeʔ
ܚܛܘܦܝܐ	ħətˤufjɑʔ
ܚܛܝܐ	ħatˤtˤɑje
ܚܛܝܐ	ħatˤtˤɑjɑ
ܚܛܝܬܐ	ħatˤtˤɑjtɑ
ܚܛܝܬܐ	ħatˤtˤɑjɑθɑ
ܚܛܝܬܐ	ħətˤiθɑ
ܚܛܝܬܐ	ħɛtˤjɑθɑ
ܚܛܬܐ	ħɛtˤtˤəθɑ
ܚܝܐ	ħajjeʔ
ܚܝܒܘܪܐ	ħajbureʔ
ܚܝܒܘܪܐ	ħajburɑʔ
ܚܝܘܬܐ	ħajjuθɑʔ
ܚܝܘܬܐ	ħajwɑθɑʔ
ܚܝܘܬܐ	ħajwəθɑʔ
ܚܝܛܐ	ħajjɑtˤe
ܚܝܛܐ	ħajjɑtˤɑ
ܚܝܛܐ	ħəjɑtˤe
ܚܝܛܐ	ħəjɑtˤɑ
ܚܝܛܘܬܐ	ħajjɑtˤuθɑ
ܚܝܛܬܐ	ħajjɑtˤtɑ
ܚܝܛܬܐ	ħajjɑtˤɑθɑ
ܚܝܠܐ	ħajlawwɑθɑʔ
ܚܝܠܐ	ħajleʔ
ܚܝܠܐ	ħajlɑjawwɑθɑʔ
ܚܝܠܐ	ħajlɑʔ
ܚܝܠܐ	ħɑjɑleʔ
ܚܝܠܐ	ħɑjɑlɑʔ
ܚܝܠܐ	ħəjɑleʔ
ܚܝܠܐ	ħəjɑlɑʔ
ܚܝܪܐ	ħəjɑreʔ
ܚܝܪܐ	ħəjɑrɑʔ
ܚܟܐ	ħɛkkɑʔ
ܚܟܡܬܐ	ħɛxmɑθɑ
ܚܟܡܬܐ	ħɛxməθɑ
ܚܟܬܐ	ħɛkkəθɑʔ
ܚܠܐ	ħallɑʔ
ܚܠܐ	ħɑleʔ
ܚܠܐ	ħɑlɑʔ
ܚܠܐ	ħɛlleʔ
ܚܠܐ	ħɛllɑʔ
ܚܠܒܐ	xalwɑ
ܚܠܒܐ	xɪlbɑ
ܚܠܒܐ	ħaləvɑ
ܚܠܒܐ	ħɑlwo
ܚܠܒܐ	ħɛlbo
ܚܠܒܐ	ħɛlbɑ
ܚܠܕܘܕܐ	ħalduðeʔ
ܚܠܕܘܕܐ	ħalduðɑʔ
ܚܠܕܝܬܐ	ħallɑðiθɑʔ
ܚܠܘܠܐ	ħɑloleʔ
ܚܠܘܠܐ	ħɑlolɑʔ
ܚܠܘܠܐ	ħəluleʔ
ܚܠܘܠܐ	ħəlulɑʔ
ܚܠܙܘܢܐ	ħəlɑzone
ܚܠܙܘܢܐ	ħəlɑzonɑ
ܚܠܝܘܬܐ	ħaljuθɑ
ܚܠܠܐ	ħəlɑle
ܚܠܠܐ	ħəlɑlɑ
ܚܠܡܐ	ħallɑmeʔ
ܚܠܡܐ	ħallɑmɑʔ
ܚܠܡܐ	ħɑlmeʔ
ܚܠܡܐ	ħɑlmɑʔ
ܚܠܡܐ	ħɛlmeʔ
ܚܠܡܐ	ħɛlmɑʔ
ܚܠܡܬܐ	ħallɑmtɑ
ܚܠܡܬܐ	ħallɑmɑθɑ
ܚܠܡܬܐ	ħalmɑθɑ
ܚܠܡܬܐ	ħɑlmɑθɑ
ܚܠܡܬܐ	ħɑlɛməθɑ
ܚܠܡܬܐ	ħəlaməθɑ
ܚܠܣܐ	ħalseʔ
ܚܠܣܐ	ħalsɑʔ
ܚܠܣܐ	ħəlɑseʔ
ܚܠܣܐ	ħəlɑsɑʔ
ܚܠܣܐ	ħɛlseʔ
ܚܠܣܐ	ħɛlsɑʔ
ܚܠܦ	ħulɑf
ܚܠܦ	ħəlaf
ܚܠܦ	ħəlɑf
ܚܠܩܐ	ħɛlqe
ܚܠܩܐ	ħɛlqɑ
ܚܠܬܐ	ħallɑθɑ
ܚܠܬܐ	ħalləθɑ
ܚܠܬܐ	ħɑlləθɑ
ܚܠܬܐ	ħɑltɑ
ܚܠܬܐ	ħɑlɑθɑ
ܚܠܬܐ	ħɛllɑθɑ
ܚܠܬܐ	ħɛlləθɑ
ܚܡܐ	ħəmɑ
ܚܡܗܐ	ħəmɑhe
ܚܡܗܬܐ	ħəmɑhɑθɑʔ
ܚܡܘܨܘܬܐ	ħammusˤuθɑ
ܚܡܘܪܬܐ	ħumreʔ
ܚܡܘܪܬܐ	ħumrɑθɑʔ
ܚܡܘܪܬܐ	ħumrəjɑθɑʔ
ܚܡܘܪܬܐ	ħəmurtɑʔ
ܚܡܝܥܐ	ħammiʕɑʔ
ܚܡܝܥܘܬܐ	ħammiʕuθɑʔ
ܚܡܝܪܐ	ħəmire
ܚܡܝܪܐ	ħəmirɑ
ܚܡܣܐ	ħamseʔ
ܚܡܣܐ	ħamsɑʔ
ܚܡܪܐ	ħammɑre
ܚܡܪܐ	ħammɑrɑ
ܚܡܪܐ	ħamre
ܚܡܪܐ	ħamrɑ
ܚܡܪܐ	ħamrɑne
ܚܡܪܐ	ħəmɑre
ܚܡܪܐ	ħəmɑrɑ
ܚܡܪܐ	ħɛmre
ܚܡܪܐ	ħɛmrɑ
ܚܡܪܬܐ	ħammɑrtɑʔ
ܚܡܪܬܐ	ħammɑrɑθɑʔ
ܚܡܪܬܐ	ħəmɑrtɑʔ
ܚܡܪܬܐ	ħəmɑrɑθɑʔ
ܚܡܫܒܫܒܐ	ħammɛʃbəʃabbe
ܚܡܫܒܫܒܐ	ħammɛʃbəʃabbɑ
ܚܡܬܐ	ħamməθe
ܚܡܬܐ	ħamməθɑ
ܚܡܬܐ	ħəmɑθɑ
ܚܡܬܐ	ħɛmməθe
ܚܡܬܐ	ħɛmməθɑ
ܚܢܐ	ħanneʔ
ܚܢܐ	ħannɑʔ
ܚܢܐ	ħənɑʔ
ܚܢܐ	ħɛnneʔ
ܚܢܐ	ħɛnnɑʔ
ܚܢܓܪܐ	ħanɡəreʔ
ܚܢܓܪܐ	ħanɡərɑʔ
ܚܢܘܬܐ	ħannuθɑ
ܚܢܘܬܐ	ħanwɑθɑ
ܚܢܘܬܐ	ħɑnuθɑ
ܚܢܘܬܐ	ħɑnwɑθɑ
ܚܢܢ	ħannɑn
ܚܢܢ	ħənan
ܚܢܢ	ħənɑn
ܚܢܢܐ	ħənɑnɑ
ܚܢܦܐ	ħanpeʔ
ܚܢܦܐ	ħanpɑʔ
ܚܢܦܬܐ	ħanpɑθɑʔ
ܚܢܦܬܐ	ħanpəθɑʔ
ܚܢܩܐ	ħənɑqe
ܚܢܩܐ	ħənɑqɑ
ܚܣܕܐ	ħɛsdɑʔ
ܚܣܕܐ	ħɛsəðɑʔ
ܚܣܕܢܐ	ħɛsdɑneʔ
ܚܣܚܘܣܐ	ħasħuse
ܚܣܚܘܣܐ	ħasħusɑ
ܚܣܝܪܘܬܐ	ħassiruθɑʔ
ܚܣܝܪܘܬܐ	ħassirwɑθɑʔ
ܚܣܢܐ	ħɛsnawwɑθɑʔ
ܚܣܢܐ	ħɛsneʔ
ܚܣܢܐ	ħɛsnɑʔ
ܚܣܢܘܬܐ	ħɛsnawwɑθɑʔ
ܚܣܬܐ	ħassəθɑʔ
ܚܦܪ	ħəfar
ܚܦܪ	ħəfɑr
ܚܦܪܐ	ħəfɑre
ܚܦܪܐ	ħəfɑrɑ
ܚܦܪܐ	ħɛfre
ܚܦܪܐ	ħɛfrɑ
ܚܨܐ	ħasˤsˤeʔ
ܚܨܐ	ħasˤsˤɑʔ
ܚܨܕܐ	ħəsˤɑðɑʔ
ܚܨܕܐ	ħɛsˤdeʔ
ܚܨܕܐ	ħɛsˤdɑʔ
ܚܨܘܕܐ	ħɑsˤoðe
ܚܨܘܕܐ	ħɑsˤoðɑ
ܚܨܝܢܐ	ħasˤsˤine
ܚܨܝܢܐ	ħasˤsˤinɑ
ܚܨܝܦܘܬܐ	ħasˤsˤifuθɑʔ
ܚܨܪܐ	ħɛsˤre
ܚܨܪܐ	ħɛsˤrɑ
ܚܩܠܐ	ħaqleʔ
ܚܩܠܐ	ħaqlɑʔ
ܚܩܠܐ	ħaqlɑθɑʔ
ܚܪܒܐ	ħarbe
ܚܪܒܐ	ħarbɑ
ܚܪܓܠܐ	ħarɡɑleʔ
ܚܪܓܠܐ	ħarɡɑlɑʔ
ܚܪܓܠܐ	ħarɡəleʔ
ܚܪܓܠܐ	ħarɡəlɑʔ
ܚܪܕܠܐ	ħardəle
ܚܪܕܠܐ	ħardəlɑ
ܚܪܕܢܐ	ħardɑne
ܚܪܕܢܐ	ħardɑnɑ
ܚܪܘܪܐ	xrurɑ
ܚܪܘܪܐ	xɑrorɑ
ܚܪܘܪܐ	ħoruro
ܚܪܘܪܐ	ħruro
ܚܪܘܪܐ	ħɑrorɑ
ܚܪܘܪܐ	ħərurɑ
ܚܪܘܫܬܐ	ħarroʃtɑʔ
ܚܪܘܫܬܐ	ħarroʃɑθɑʔ
ܚܪܘܫܬܐ	ħɛrroʃtɑʔ
ܚܪܘܫܬܐ	ħɛrroʃɑθɑʔ
ܚܪܘܬܐ	ħarruθɑʔ
ܚܪܘܬܐ	ħarwɑθɑʔ
ܚܪܘܬܐ	ħərawwɑθɑʔ
ܚܪܘܬܐ	ħəroθɑʔ
ܚܪܘܬܐ	ħəruθɑʔ
ܚܪܝܐ	ħərajjɑ
ܚܪܝܐ	ħɛrjɑ
ܚܪܝܥܐ	ħarriʕe
ܚܪܝܥܐ	ħarriʕɑ
ܚܪܝܥܐ	ħəriʕe
ܚܪܝܥܐ	ħəriʕɑ
ܚܪܦܘܫܝܬܐ	ħarpuʃjɑθɑ
ܚܪܦܘܫܬܐ	ħarpuʃtɑ
ܚܪܩܛܐ	ħarqɑtˤeʔ
ܚܪܩܛܐ	ħarqɑtˤɑʔ
ܚܪܩܛܐ	ħarqətˤeʔ
ܚܪܩܛܐ	ħarqətˤɑʔ
ܚܪܫܐ	ħarrɑʃe
ܚܪܫܐ	ħarrɑʃɑ
ܚܪܫܐ	ħarʃe
ܚܪܫܐ	ħarʃɑ
ܚܪܫܐ	ħɛrʃe
ܚܪܫܐ	ħɛrʃɑ
ܚܪܫܘܬܐ	ħarrɑʃuθɑʔ
ܚܪܫܘܬܐ	ħarrɑʃwɑθɑʔ
ܚܪܫܘܬܐ	ħarʃuθɑʔ
ܚܪܫܬܐ	ħarrɑʃtɑ
ܚܪܫܬܐ	ħarrɑʃɑθɑ
ܚܪܫܬܐ	ħarʃɑθɑ
ܚܪܫܬܐ	ħarʃəθɑ
ܚܪܬܐ	ħarrɑθɑ
ܚܪܬܐ	ħarrəθɑ
ܚܪܬܐ	ħartɑ
ܚܪܬܐ	ħɑrtɑ
ܚܪܬܐ	ħərɑθe
ܚܪܬܐ	ħərɑθɑ
ܚܫܐ	ħaʃʃe
ܚܫܐ	ħaʃʃɑ
ܚܫܐ	ħɑʃɑ
ܚܫܒ	ħəʃav
ܚܫܚܬܐ	ħaʃħɑθɑʔ
ܚܫܚܬܐ	ħəʃaħtɑʔ
ܚܫܟܐ	ħɛʃkeʔ
ܚܫܟܐ	ħɛʃkɑʔ
ܚܫܡܝܬܐ	ħəʃɑmiθɑʔ
ܚܫܡܝܬܐ	ħəʃɑmjɑθɑʔ
ܚܬܐ	ħɑθɑʔ
ܚܬܐ	ħɛtteʔ
ܚܬܐ	ħɛttɑʔ
ܚܬܘܡܐ	ħɑθomeʔ
ܚܬܘܡܐ	ħɑθomɑʔ
ܚܬܡܐ	ħɑθme
ܚܬܡܐ	ħɑθmɑ
ܚܬܡܐ	ħəθɑme
ܚܬܡܐ	ħəθɑmɑ
ܚܬܢܐ	ħaθneʔ
ܚܬܢܐ	ħaθnɑʔ
ܚܬܬܐ	ħɛθteʔ
ܚܬܬܐ	ħɛθtɑʔ
ܛ	tˤ
ܛ	tˤejθ
ܛܒܐ	tˤɑve
ܛܒܐ	tˤɑvɑ
ܛܒܐ	tˤəve
ܛܒܐ	tˤɛbbe
ܛܒܐ	tˤɛbbɑ
ܛܒܚܐ	tˤabbɑħe
ܛܒܚܐ	tˤabbɑħɑ
ܛܒܚܐ	tˤəvɑħe
ܛܒܚܐ	tˤəvɑħɑ
ܛܒܚܘܬܐ	tˤabbɑħuθɑʔ
ܛܒܚܬܐ	tˤabbɑħtɑ
ܛܒܚܬܐ	tˤabbɑħɑθɑ
ܛܒܝܐ	tˤavjɑʔ
ܛܒܝܐ	tˤəvajjɑʔ
ܛܒܝܬܐ	tˤavjɑθɑ
ܛܒܝܬܐ	tˤəviθɑ
ܛܒܠܐ	tˤavleʔ
ܛܒܠܐ	tˤavlɑʔ
ܛܒܠܐ	tˤəvɑleʔ
ܛܒܠܐ	tˤəvɑlɑʔ
ܛܒܠܝܬܐ	tˤavliθɑ
ܛܒܠܝܬܐ	tˤavlɑjtɑ
ܛܒܠܝܬܐ	tˤavlɑjɑθɑ
ܛܒܠܝܬܐ	tˤavləjɑθɑ
ܛܒܥܐ	tˤavʕeʔ
ܛܒܥܐ	tˤavʕɑʔ
ܛܒܥܐ	tˤəvɑʕeʔ
ܛܒܥܐ	tˤəvɑʕɑʔ
ܛܗܪܐ	tˤahrawwɑθɑ
ܛܗܪܐ	tˤahre
ܛܗܪܐ	tˤahrɑ
ܛܗܪܘܬܐ	tˤahrawwɑθɑʔ
ܛܘܒܐ	tˤuveʔ
ܛܘܒܐ	tˤuvɑʔ
ܛܘܗܡܐ	tˤohmeʔ
ܛܘܗܡܐ	tˤohmɑʔ
ܛܘܠܫܐ	tˤullɑʃeʔ
ܛܘܠܫܐ	tˤullɑʃɑʔ
ܛܘܠܫܐ	tˤulʃeʔ
ܛܘܠܫܐ	tˤulʃɑʔ
ܛܘܢܒܐ	tˤunbɑʔ
ܛܘܢܒܐ	tˤunəveʔ
ܛܘܣܐ	tˤawseʔ
ܛܘܣܐ	tˤawsɑʔ
ܛܘܦܐܙܝܘܢ	tˤoppɑzijon
ܛܘܦܐܙܝܘܢ	tˤoppɑzjon
ܛܘܦܢܐ	tˤawpɑne
ܛܘܦܢܐ	tˤawpɑnɑ
ܛܘܦܣܐ	tˤupseʔ
ܛܘܦܣܐ	tˤupsɑʔ
ܛܘܦܬܐ	tˤawpəθɑʔ
ܛܘܦܬܐ	tˤuftɑʔ
ܛܘܪܐ	tˤawreʔ
ܛܘܪܐ	tˤawrɑʔ
ܛܘܪܐ	tˤureʔ
ܛܘܪܐ	tˤurɑʔ
ܛܘܫܝܐ	tˤuʃjeʔ
ܛܘܫܝܐ	tˤuʃjɑʔ
ܛܘܫܝܐ	tˤuʃʃɑjeʔ
ܛܘܫܝܐ	tˤuʃʃɑjɑʔ
ܛܘܬ	tˤəwɑθ
ܛܚܠܐ	tˤəħɑle
ܛܚܠܐ	tˤəħɑlɑ
ܛܚܢܬܐ	tˤaħħɑntɑʔ
ܛܚܢܬܐ	tˤaħħɑnɑθɑʔ
ܛܛܪܪܟܐ	tˤɛtˤrarkɑʔ
ܛܝܒܘܬܐ	tˤajbuθɑ
ܛܝܒܘܬܐ	tˤajbəwɑθɑ
ܛܝܓܪܝܣ	tˤiɣris
ܛܝܙܐ	tˤizeʔ
ܛܝܙܐ	tˤizjɑθɑʔ
ܛܝܙܐ	tˤizɑʔ
ܛܝܙܐ	tˤizɑθɑʔ
ܛܝܙܝܬܐ	tˤizjɑθɑʔ
ܛܝܙܬܐ	tˤizeʔ
ܛܝܙܬܐ	tˤizjɑθɑʔ
ܛܝܙܬܐ	tˤiztɑʔ
ܛܝܙܬܐ	tˤizɑθɑʔ
ܛܝܝܐ	tˤajjɑje
ܛܝܝܐ	tˤajjɑjɑ
ܛܝܡܐ	tˤimeʔ
ܛܝܡܐ	tˤimɑʔ
ܛܝܢܐ	tˤinɑ
ܛܝܪܐ	tˤajreʔ
ܛܝܪܐ	tˤajrɑʔ
ܛܝܪܐ	tˤəjɑreʔ
ܛܝܪܐ	tˤəjɑrɑʔ
ܛܟܢܐ	tˤɛxneʔ
ܛܟܢܐ	tˤɛxnɑʔ
ܛܟܣܐ	tˤakseʔ
ܛܟܣܐ	tˤaksɑʔ
ܛܟܣܐ	tˤaxseʔ
ܛܟܣܐ	tˤaxsɑʔ
ܛܟܣܐ	tˤɛkseʔ
ܛܟܣܐ	tˤɛksɑʔ
ܛܟܣܐ	tˤɛxseʔ
ܛܟܣܐ	tˤɛxsɑʔ
ܛܠܐ	tˤallɑʔ
ܛܠܐ	tˤəleʔ
ܛܠܐ	tˤɛllɑj
ܛܠܝܐ	tˤaljɑ
ܛܠܝܐ	tˤəlajjɑ
ܛܠܝܐ	tˤəlɑje
ܛܠܝܐ	tˤɛllɑje
ܛܠܝܐ	tˤɛllɑjɑ
ܛܠܝܘܬܐ	tˤaljuθɑʔ
ܛܠܝܘܬܐ	tˤaljəwɑθɑʔ
ܛܠܝܬܐ	tˤaljɑθɑ
ܛܠܝܬܐ	tˤəliθɑ
ܛܠܝܬܐ	tˤəlɑjɑθɑ
ܛܠܝܬܐ	tˤɛllɑjtɑ
ܛܠܝܬܐ	tˤɛllɑjɑθɑ
ܛܠܠܐ	tˤɛllɑleʔ
ܛܠܠܐ	tˤɛllɑlɑʔ
ܛܠܢܝܬܐ	tˤɛllɑniθɑʔ
ܛܠܢܝܬܐ	tˤɛllɑnjɑθɑʔ
ܛܠܦܘܢܐ	tˤalponeʔ
ܛܠܦܘܢܐ	tˤalponɑʔ
ܛܠܦܚܐ	tˤəlɑfħeʔ
ܛܠܦܚܐ	tˤəlɑfħɑʔ
ܛܠܪܐ	tˤɛllɑreʔ
ܛܠܪܐ	tˤɛllɑrɑʔ
ܛܢܢܐ	tˤənɑnɑʔ
ܛܥܡܐ	tˤaʕmeʔ
ܛܥܡܐ	tˤaʕmɑʔ
ܛܥܡܐ	tˤəʕɑmeʔ
ܛܥܡܐ	tˤəʕɑmɑʔ
ܛܥܡܬܐ	tˤaʕmɑθɑ
ܛܥܡܬܐ	tˤəʕamtɑ
ܛܥܡܬܐ	tˤəʕɑmtɑ
ܛܥܡܬܐ	tˤəʕɑmɑθɑ
ܛܥܬܐ	tˤəʕɑθɑʔ
ܛܦ	tˤɑf
ܛܦܪܐ	tˤɛfreʔ
ܛܦܪܐ	tˤɛfrɑʔ
ܛܦܪܐ	tˤɛfrɑθɑʔ
ܛܪܘܓܐ	tˤəruɡɡe
ܛܪܘܓܐ	tˤəruɡɡɑ
ܛܪܘܢܐ	tˤarroneʔ
ܛܪܘܢܐ	tˤarronɑʔ
ܛܪܘܢܐ	tˤarruneʔ
ܛܪܘܢܐ	tˤarrunɑʔ
ܛܪܘܢܐ	tˤəroneʔ
ܛܪܘܢܐ	tˤəronɑʔ
ܛܪܢܐ	tˤarrɑneʔ
ܛܪܢܐ	tˤarrɑnɑʔ
ܛܪܦܐ	tˤarpeʔ
ܛܪܦܐ	tˤarpɑneʔ
ܛܪܦܐ	tˤarpɑʔ
ܛܪܦܢܣܐ	tˤarpɑnse
ܛܪܦܢܣܐ	tˤarpɑnsɑ
ܝ	e
ܝ	i
ܝ	j
ܝ	joð
ܝܒܝܫܘܬܐ	jabbiʃuθɑʔ
ܝܒܝܫܬܐ	jabbiʃtɑʔ
ܝܒܝܫܬܐ	jabbiʃɑθɑʔ
ܝܒܠܐ	javleʔ
ܝܒܠܐ	javlɑʔ
ܝܒܠܐ	jəvɑleʔ
ܝܒܠܐ	jəvɑlɑʔ
ܝܒܡܐ	javmeʔ
ܝܒܡܐ	javmɑʔ
ܝܒܡܬܐ	javmɑθɑʔ
ܝܒܡܬܐ	javməθɑʔ
ܝܒܡܬܐ	ʔivamtɑʔ
ܝܒܢܐ	javneʔ
ܝܒܢܐ	javnɑʔ
ܝܒܪܘܚܐ	javruħe
ܝܒܪܘܚܐ	javruħɑ
ܝܒܫܐ	javʃeʔ
ܝܒܫܐ	javʃɑʔ
ܝܒܫܢܐ	javʃɑnɑʔ
ܝܓܪܐ	jaɣreʔ
ܝܓܪܐ	jaɣrɑʔ
ܝܕܝܕܐ	jaddiðe
ܝܕܝܕܐ	jaddiðɑ
ܝܕܝܕܐ	jaðjɑðe
ܝܕܝܕܐ	jaðjɑðɑ
ܝܕܢܐ	jaðneʔ
ܝܕܢܐ	jaðnɑʔ
ܝܕܢܬܐ	jaðnɑθɑʔ
ܝܕܢܬܐ	jaðnəθɑʔ
ܝܕܥ	ʔiðaʕ
ܝܕܥܬܐ	jaðʕɑθɑʔ
ܝܕܥܬܐ	jəðaʕtɑʔ
ܝܕܥܬܐ	ʔiðaʕtɑʔ
ܝܗܒ	jav
ܝܗܒ	ʔihɑv
ܝܗܒܐ	ʔihɑveʔ
ܝܗܒܐ	ʔihɑvɑʔ
ܝܗܘܒܐ	jɑhoveʔ
ܝܗܘܒܐ	jɑhovɑʔ
ܝܗܘܕܝܐ	juðɑje
ܝܗܘܕܝܐ	juðɑjɑ
ܝܗܘܕܝܐ	ʔihuðɑje
ܝܗܘܕܝܐ	ʔihuðɑjɑ
ܝܗܘܕܝܬܐ	jəhuðɑjtɑ
ܝܗܘܕܝܬܐ	jəhuðɑjɑθɑ
ܝܗܠܐ	jahleʔ
ܝܗܠܐ	jahlɑʔ
ܝܘܒܠܐ	jubbɑleʔ
ܝܘܒܠܐ	jubbɑlɑʔ
ܝܘܙܐ	jawzɑʔ
ܝܘܙܐ	jozɑʔ
ܝܘܙܘܬܐ	jawzawwɑθɑʔ
ܝܘܙܘܬܐ	jozawwɑθɑʔ
ܝܘܚܢܢ	joħannɑn
ܝܘܠܦܢܐ	julləfɑneʔ
ܝܘܠܦܢܐ	julləfɑnɑʔ
ܝܘܠܦܢܐ	julpɑneʔ
ܝܘܠܦܢܐ	julpɑnɑʔ
ܝܘܡܐ	jawmeʔ
ܝܘܡܐ	jawmɑʔ
ܝܘܡܐ	jawmɑθɑʔ
ܝܘܡܢ	jawman
ܝܘܡܢ	jawmɑn
ܝܘܡܢܐ	jawmɑnɑʔ
ܝܘܡܬܐ	jawmɑθɑʔ
ܝܘܢܐ	jawne
ܝܘܢܐ	jawnɑ
ܝܘܣܦ	jawsɛf
ܝܘܪܩܐ	yurrɑqeʔ
ܝܘܪܩܐ	yurrɑqɑʔ
ܝܘܪܬܘܬܐ	jurtuθɑʔ
ܝܘܪܬܢܐ	jurtono
ܝܘܪܬܢܐ	jurtɑnɑ
ܝܘܬܪܢܐ	juθrono
ܝܘܬܪܢܐ	juθrɑnɑ
ܝܙܕ	jazd
ܝܚܒܘܪܐ	jaħbureʔ
ܝܚܒܘܪܐ	jaħburɑʔ
ܝܚܛܐ	jaħtˤeʔ
ܝܚܛܐ	jaħtˤɑʔ
ܝܚܡܘܪܐ	jaħmureʔ
ܝܚܡܘܪܐ	jaħmurɑʔ
ܝܠܕܐ	jaldɑ
ܝܠܕܐ	jɑldo
ܝܠܘܕܐ	jalluðeʔ
ܝܠܘܕܐ	jalluðɑʔ
ܝܠܘܕܐ	jɑloðeʔ
ܝܠܘܕܐ	jɑloðɑʔ
ܝܠܘܕܘܬܐ	jalluðuθɑʔ
ܝܠܘܕܘܬܐ	jalluðwɑθɑʔ
ܝܠܘܕܘܬܐ	jɑloðuθɑʔ
ܝܠܘܕܘܬܐ	jɑloðwɑθɑʔ
ܝܠܘܕܬܐ	jalluðtɑ
ܝܠܘܕܬܐ	jalluðɑθɑ
ܝܠܘܕܬܐ	jɑloðtɑ
ܝܠܘܕܬܐ	jɑloðɑθɑ
ܝܠܘܦܐ	jolufo
ܝܠܘܦܐ	jɑlofɑ
ܝܠܘܦܐ	jɑlopɑ
ܝܠܝܕܘܬܐ	ʔiliðuθɑʔ
ܝܠܝܕܘܬܐ	ʔiliðwɑθɑʔ
ܝܡܐ	jammɑʔ
ܝܡܝܢܐ	jammineʔ
ܝܡܝܢܐ	jamminɑʔ
ܝܡܡܐ	jamməmeʔ
ܝܡܡܬܐ	jamməmɑθɑʔ
ܝܡܬܐ	jamməθɑʔ
ܝܡܬܘܢܝܬܐ	jamməθoniθɑʔ
ܝܣܡܐ	jasmeʔ
ܝܣܡܐ	jasmɑʔ
ܝܥܝܬܐ	jɑʕiθɑʔ
ܝܥܝܬܐ	jɑʕjɑθɑʔ
ܝܥܠܐ	jaʕleʔ
ܝܥܠܐ	jaʕlɑʔ
ܝܥܪܐ	jaʕreʔ
ܝܥܪܐ	jaʕrɑʔ
ܝܨܝܠܐ	jasˤsˤileʔ
ܝܨܝܠܐ	jasˤsˤilɑʔ
ܝܨܝܦܘܬܐ	jasˤsˤifuθɑʔ
ܝܨܪܐ	jasˤreʔ
ܝܨܪܐ	jasˤrɑʔ
ܝܩܕܐ	jaqdeʔ
ܝܩܕܐ	jaqdɑʔ
ܝܩܕܐ	jɑqdeʔ
ܝܩܕܐ	jɑqdɑʔ
ܝܩܕܬܐ	jɑqɛðtɑʔ
ܝܩܝܪܘܬܐ	jaqqiruθɑʔ
ܝܩܪܐ	jaqreʔ
ܝܩܪܐ	jaqrɑʔ
ܝܩܪܘܪܐ	jaqrureʔ
ܝܩܪܘܪܐ	jaqrurɑʔ
ܝܪܒܘܥܐ	jarbuʕeʔ
ܝܪܒܘܥܐ	jarbuʕɑʔ
ܝܪܕܐ	jardeʔ
ܝܪܕܐ	jardɑʔ
ܝܪܘܩܐ	yɑroqeʔ
ܝܪܘܩܐ	yɑroqɑʔ
ܝܪܘܪܐ	jɑroreʔ
ܝܪܘܪܐ	jɑrorɑʔ
ܝܪܚܐ	jarħeʔ
ܝܪܚܐ	jarħɑʔ
ܝܪܝܥܬܐ	jɑriʕtɑʔ
ܝܪܝܥܬܐ	jɑriʕɑθɑʔ
ܝܪܝܥܬܐ	jɑriʕəθɑʔ
ܝܪܝܥܬܘܢܝܬܐ	jɑriʕtoniθɑʔ
ܝܪܝܥܬܘܢܝܬܐ	jɑriʕtonjɑθɑʔ
ܝܪܝܥܬܘܢܝܬܐ	jɑriʕəθoniθɑʔ
ܝܪܝܥܬܘܢܝܬܐ	jɑriʕəθonjɑθɑʔ
ܝܪܠܐ	jarleʔ
ܝܪܠܐ	jarlɑʔ
ܝܪܠܝܟ	jarlix
ܝܪܩܐ	jarqɑʔ
ܝܪܩܘܢܐ	jarqoneʔ
ܝܪܩܢܐ	jarqɑneʔ
ܝܪܩܢܐ	jarqɑnɑʔ
ܝܪܬܐ	jɑrteʔ
ܝܪܬܐ	jɑrtɑʔ
ܝܪܬܘܬܐ	jɑrtuθɑʔ
ܝܪܬܘܬܐ	jɑrtəwɑθɑʔ
ܝܫܛܐ	jaʃtˤe
ܝܫܛܐ	jaʃtˤɑ
ܝܫܦܐ	jaʃpɑʔ
ܝܬܐ	jɑθɑʔ
ܝܬܒ	ʔiθɛv
ܝܬܡܐ	jaθmeʔ
ܝܬܡܐ	jaθmɑʔ
ܝܬܪܐ	jaθreʔ
ܝܬܪܐ	jaθrɑʔ
ܟ	k
ܟ	kɑf
ܟ	x
ܟܐܒܐ	keʔveʔ
ܟܐܒܐ	keʔvɑʔ
ܟܐܢ	kaʔn
ܟܐܢ	keʔn
ܟܐܢ	kɑʔn
ܟܐܢ	xɑʔn
ܟܐܢܘܬܐ	keʔnuθɑʔ
ܟܐܦܐ	keʔfeʔ
ܟܐܦܐ	keʔfɑʔ
ܟܐܬܐ	kɑʔθeʔ
ܟܐܬܐ	kɑʔθɑʔ
ܟܐܬܐ	kɑθɑʔ
ܟܐܬܐ	kɛttɑʔ
ܟܒܕܐ	kavdɑʔ
ܟܒܕܐ	kɛvdɑʔ
ܟܒܕܬܐ	kavdɑθɑʔ
ܟܒܕܬܐ	kɛvdɑθɑʔ
ܟܒܝܪܐ	kabbireʔ
ܟܒܝܪܐ	kabbirɑʔ
ܟܒܠܐ	kavleʔ
ܟܒܠܐ	kavlɑʔ
ܟܒܠܐ	kəvɑleʔ
ܟܒܠܐ	kəvɑlɑʔ
ܟܒܠܐ	kɛvleʔ
ܟܒܠܐ	kɛvlɑʔ
ܟܒܪܝܬܐ	kɛvriθɑʔ
ܟܒܫܐ	kavʃeʔ
ܟܒܫܐ	kavʃɑʔ
ܟܒܫܐ	kəvɑʃeʔ
ܟܒܫܐ	kəvɑʃɑʔ
ܟܒܫܐ	kɛvʃeʔ
ܟܒܫܐ	kɛvʃɑʔ
ܟܕܒܐ	kaddɑveʔ
ܟܕܒܐ	kaddɑvɑʔ
ܟܕܘ	kaddu
ܟܗܢܐ	kɑhneʔ
ܟܗܢܐ	kɑhnɑʔ
ܟܗܢܘܬܐ	kɑhɛnnuθɑʔ
ܟܘܐ	kawwe
ܟܘܒܐ	kubbe
ܟܘܒܐ	kubbɑ
ܟܘܕܐ	kuðeʔ
ܟܘܕܐ	kuðɑʔ
ܟܘܕܢܝܐ	koðanje
ܟܘܕܢܝܐ	koðanjɑ
ܟܘܕܢܝܐ	koðanwɑθɑ
ܟܘܕܢܝܐ	koðɑnwɑθɑ
ܟܘܕܢܬܐ	koðantɑ
ܟܘܕܢܬܐ	koðnɑθɑ
ܟܘܕܪܐ	kuðreʔ
ܟܘܕܪܐ	kuðrɑʔ
ܟܘܙܐ	kuzeʔ
ܟܘܙܐ	kuzɑʔ
ܟܘܙܐ	kəwɑzɑʔ
ܟܘܚܠܐ	kuħlɑʔ
ܟܘܚܠܐ	kuħħɑlɑʔ
ܟܘܝܠܐ	kɛwwejleʔ
ܟܘܝܠܐ	kɛwwejlɑʔ
ܟܘܟܒܐ	kawkəve
ܟܘܟܒܐ	kawkəvɑ
ܟܘܟܒܘܢܐ	kawkəvoneʔ
ܟܘܟܒܘܢܐ	kawkəvonɑʔ
ܟܘܟܒܝ	kawkəvaj
ܟܘܟܒܝ	koxəvaj
ܟܘܠܝܬܐ	koliθɑ
ܟܘܠܝܬܐ	koljɑθɑ
ܟܘܡܕܘܪ	kumaddur
ܟܘܡܪܐ	kumreʔ
ܟܘܡܪܐ	kumrɑʔ
ܟܘܡܬܪܐ	kummaθre
ܟܘܡܬܪܐ	kummaθrɑ
ܟܘܢܝܐ	kunnɑjeʔ
ܟܘܢܝܐ	kunnɑjɑʔ
ܟܘܢܫܐ	kunnɑʃeʔ
ܟܘܢܫܐ	kunnɑʃɑʔ
ܟܘܣܝܬܐ	kosiθɑʔ
ܟܘܣܝܬܐ	kosjɑθɑʔ
ܟܘܣܟܣܐ	kuskɑse
ܟܘܣܟܣܐ	kuskɑsɑ
ܟܘܣܠܬܐ	kusallɑθɑʔ
ܟܘܣܠܬܐ	kusalləθɑʔ
ܟܘܥܐ	koʕeʔ
ܟܘܥܐ	koʕɑʔ
ܟܘܪܐ	kawwɑreʔ
ܟܘܪܐ	kawwɑrɑʔ
ܟܘܪܐ	koreʔ
ܟܘܪܐ	korɑʔ
ܟܘܪܐ	kureʔ
ܟܘܪܐ	kurɑʔ
ܟܘܪܐ	kəwɑreʔ
ܟܘܪܐ	kəwɑrɑʔ
ܟܘܪܗܢܐ	kurhɑneʔ
ܟܘܪܗܢܐ	kurhɑnɑʔ
ܟܘܪܟܝܐ	kurkəjɑ
ܟܘܪܣܘܬܐ	kursawwɑθɑʔ
ܟܘܪܣܝܐ	kursawwɑθɑʔ
ܟܘܪܣܝܐ	kursəjeʔ
ܟܘܪܣܝܐ	kursəjɑʔ
ܟܘܪܦܐ	korpe
ܟܘܪܦܐ	korpɑ
ܟܘܪܦܐ	kurpe
ܟܘܪܦܐ	kurpɑ
ܟܘܪܬܐ	kawwɑrtɑ
ܟܘܪܬܐ	kawwɑrɑθɑ
ܟܘܪܬܐ	kurtɑ
ܟܘܪܬܐ	kurɑθɑ
ܟܘܫܪܐ	kuʃreʔ
ܟܘܫܪܐ	kuʃrɑʔ
ܟܘܫܪܐ	kuʃʃɑreʔ
ܟܘܫܪܐ	kuʃʃɑrɑʔ
ܟܘܬܐ	kawwəθɑ
ܟܘܬܐ	kuttɑ
ܟܘܬܝܢܐ	kottine
ܟܘܬܝܢܐ	kottinjɑθɑ
ܟܘܬܝܢܐ	kottinɑ
ܟܘܬܝܢܐ	kottənɑjɑθɑ
ܟܘܬܝܢܐ	kuttine
ܟܘܬܝܢܐ	kuttinjɑθɑ
ܟܘܬܝܢܐ	kuttinɑ
ܟܘܬܝܢܐ	kuttənɑjɑθɑ
ܟܘܬܝܢܝܬܐ	kottinjɑθɑʔ
ܟܘܬܝܢܝܬܐ	kuttinjɑθɑʔ
ܟܘܬܠܐ	koθlɑ
ܟܘܬܠܐ	kuθlo
ܟܘܬܡܬܐ	kuθmeʔ
ܟܘܬܡܬܐ	kuθmɑθɑʔ
ܟܘܬܡܬܐ	kuθməθɑʔ
ܟܘܬܢܝܬܐ	kottənɑjɑθɑʔ
ܟܘܬܢܝܬܐ	kuttənɑjɑθɑʔ
ܟܘܬܪܐ	kuttɑreʔ
ܟܘܬܪܐ	kuttɑrɑʔ
ܟܘܬܫܐ	kuttɑʃe
ܟܘܬܫܐ	kuttɑʃɑ
ܟܝܠܐ	kajjɑleʔ
ܟܝܠܐ	kajjɑlɑʔ
ܟܝܠܐ	kajleʔ
ܟܝܠܐ	kajlɑʔ
ܟܝܠܝܪܟܐ	kilijarəxeʔ
ܟܝܠܝܪܟܐ	kilijarəxɑʔ
ܟܝܡܐ	kimo
ܟܝܡܐ	kimɑ
ܟܝܡܝܐ	kimijɑʔ
ܟܝܢܐ	kjono
ܟܝܢܐ	kjɑnɑ
ܟܝܢܐ	kəjɑnɑ
ܟܝܣܐ	kiseʔ
ܟܝܣܐ	kisɑʔ
ܟܝܦܐ	kifɑʔ
ܟܝܦܬܐ	kiftɑʔ
ܟܝܦܬܐ	kifɑθɑʔ
ܟܝܪܐ	kire
ܟܝܪܐ	kirɑ
ܟܝܪܐ	kəjɑre
ܟܝܪܐ	kəjɑrɑ
ܟܝܪܐ	xəjɑre
ܟܝܪܐ	xəjɑrɑ
ܟܟܐ	kakkeʔ
ܟܟܐ	kakkɑʔ
ܟܟܘܫܝܬܐ	kɑxuʃjɑθɑʔ
ܟܟܘܫܬܐ	kɑxuʃtɑʔ
ܟܟܪܐ	kakkəreʔ
ܟܟܪܐ	kakkərɑʔ
ܟܟܪܝܬܐ	kakkɑriθɑʔ
ܟܟܪܝܬܐ	kakkɑrjɑθɑʔ
ܟܟܫܬܐ	kɑxʃɑθɑʔ
ܟܠܒܐ	kalbeʔ
ܟܠܒܐ	kalbɑʔ
ܟܠܒܐ	kallɑveʔ
ܟܠܒܐ	kallɑvɑʔ
ܟܠܒܐ	kaləvɑʔ
ܟܠܒܬܐ	kalbɑθɑʔ
ܟܠܒܬܐ	kalbəθɑʔ
ܟܠܒܬܐ	kallɑvtɑʔ
ܟܠܒܬܐ	kallɑvɑθɑʔ
ܟܠܙܘܙܐ	kalzuzeʔ
ܟܠܙܘܙܐ	kalzuzɑʔ
ܟܠܙܘܙܐ	kɑlzuzeʔ
ܟܠܙܘܙܐ	kɑlzuzɑʔ
ܟܠܙܘܙܐ	kəlazzuzeʔ
ܟܠܙܘܙܐ	kəlazzuzɑʔ
ܟܠܙܘܙܐ	kəlɑzuzeʔ
ܟܠܙܘܙܐ	kəlɑzuzɑʔ
ܟܠܙܘܙܐ	kəlɛzzuzeʔ
ܟܠܙܘܙܐ	kəlɛzzuzɑʔ
ܟܠܝܠܐ	kəlileʔ
ܟܠܝܠܐ	kəlilɑʔ
ܟܠܝܦܗ	xallifah
ܟܠܝܦܗ	xallifɑh
ܟܠܝܦܬܐ	kalliftɑʔ
ܟܠܝܦܬܐ	xalliftɑʔ
ܟܠܟܐ	kalkeʔ
ܟܠܟܐ	kalkɑʔ
ܟܠܫܐ	kɛlʃɑ
ܟܠܬܐ	kalləθɑ
ܟܠܬܐ	kɛlləθɑ
ܟܡܘܢܐ	kammunɑʔ
ܟܢܘܢܝܬܐ	kənunjɑθɑʔ
ܟܢܘܢܬܐ	kənuntɑʔ
ܟܢܘܫܝܐ	kənuʃjeʔ
ܟܢܘܫܝܐ	kənuʃjɑʔ
ܟܢܘܫܬܐ	kənuʃe
ܟܢܘܫܬܐ	kənuʃjɑθɑ
ܟܢܘܫܬܐ	kənuʃtɑ
ܟܢܘܫܬܐ	kənuʃwɑθɑ
ܟܢܘܫܬܐ	kənuʃɑθɑ
ܟܢܦܐ	kɛnəfeʔ
ܟܢܦܐ	kɛnəfɑʔ
ܟܢܦܐ	kɛnəfɑθɑʔ
ܟܢܪܐ	kənɑre
ܟܢܪܐ	kənɑrɑ
ܟܢܪܐ	kɛnnɑre
ܟܢܪܐ	kɛnnɑrɑ
ܟܢܫܐ	kənɑʃeʔ
ܟܢܫܐ	kənɑʃɑʔ
ܟܢܫܐ	kɛnʃawwɑθɑʔ
ܟܢܫܐ	kɛnʃeʔ
ܟܢܫܐ	kɛnʃɑʔ
ܟܢܫܘܬܐ	kɛnʃawwɑθɑʔ
ܟܣܐ	kɑse
ܟܣܐ	kɑsɑ
ܟܣܐ	kɛsse
ܟܣܐ	kɛssɑ
ܟܣܣܬܐ	kəsɑseʔ
ܟܣܣܬܐ	kəsɑstɑʔ
ܟܣܣܬܐ	kəsɑsɑθɑʔ
ܟܣܦܐ	kɛspe
ܟܣܦܐ	kɛspɑ
ܟܣܬܐ	kɑstɑʔ
ܟܣܬܐ	kɑsɑθɑʔ
ܟܣܬܐ	kɛsseʔ
ܟܣܬܐ	kɛssɑθɑʔ
ܟܣܬܐ	kɛssəθɑʔ
ܟܥܒܬܐ	kaʕbəθɑʔ
ܟܥܟܐ	kaʕkeʔ
ܟܥܟܐ	kaʕkɑʔ
ܟܦܐ	kappe
ܟܦܐ	kappɑ
ܟܦܘܪܐ	kɑforeʔ
ܟܦܘܪܐ	kɑforɑʔ
ܟܦܘܪܘܬܐ	kɑforuθɑʔ
ܟܦܘܪܘܬܐ	kɑforwɑθɑʔ
ܟܦܘܪܬܐ	kɑfortɑʔ
ܟܦܘܪܬܐ	kɑforɑθɑʔ
ܟܦܢܐ	kafneʔ
ܟܦܢܐ	kafnɑʔ
ܟܦܢܐ	kappɑneʔ
ܟܦܣܐ	kɛfsɑʔ
ܟܦܪܐ	kafre
ܟܦܪܐ	kafrɑ
ܟܦܪܘܢܐ	kafrone
ܟܦܪܘܢܐ	kafronɑ
ܟܦܬܐ	kappəθɑʔ
ܟܦܬܐ	kəfɑθeʔ
ܟܦܬܐ	kəfɑθɑʔ
ܟܦܬܐ	kɛppəθɑʔ
ܟܪܒܐ	karrɑveʔ
ܟܪܒܐ	karrɑvɑʔ
ܟܪܒܐ	kərabbeʔ
ܟܪܒܐ	kərabbɑʔ
ܟܪܒܐ	kərɑveʔ
ܟܪܒܐ	kərɑvɑʔ
ܟܪܒܣܐ	karbɑseʔ
ܟܪܒܣܐ	karbɑsɑʔ
ܟܪܘܒܐ	kɑroveʔ
ܟܪܘܒܐ	kɑrovɑʔ
ܟܪܘܒܐ	kəroveʔ
ܟܪܘܒܐ	kərovɑʔ
ܟܪܘܙܐ	karrozeʔ
ܟܪܘܙܐ	karrozɑʔ
ܟܪܘܙܐ	kɑrozeʔ
ܟܪܘܙܐ	kɑrozɑʔ
ܟܪܘܙܘܬܐ	kɑrozuθɑʔ
ܟܪܘܙܘܬܐ	kɑrozwɑθɑʔ
ܟܪܘܬܐ	kərawwɑθɑʔ
ܟܪܛܝܣܐ	kartˤiseʔ
ܟܪܛܝܣܐ	kartˤisɑʔ
ܟܪܝܣܝܣ	kəre̝sis
ܟܪܟܐ	karəxe
ܟܪܟܐ	karəxɑ
ܟܪܟܐ	kərɑxe
ܟܪܟܐ	kərɑxɑ
ܟܪܟܐ	kɛrke
ܟܪܟܐ	kɛrkɑ
ܟܪܟܕܢܐ	karkəðɑneʔ
ܟܪܟܕܢܐ	karkəðɑnɑʔ
ܟܪܡܐ	karmeʔ
ܟܪܡܐ	karmɑʔ
ܟܪܡܐ	karrɑmeʔ
ܟܪܡܐ	karrɑmɑʔ
ܟܪܡܐ	kɑrmeʔ
ܟܪܡܐ	kɑrmɑʔ
ܟܪܢܒܐ	karnɑveʔ
ܟܪܢܒܐ	karnɑvɑʔ
ܟܪܣܐ	karsɑʔ
ܟܪܣܐ	kɛrseʔ
ܟܪܣܐ	kɛrsɑʔ
ܟܪܣܬܐ	karsɑθɑʔ
ܟܪܥܐ	karʕɑʔ
ܟܪܥܐ	kɑrʕɑʔ
ܟܪܥܐ	kərɑʕeʔ
ܟܪܥܐ	kərɑʕɑʔ
ܟܪܦܣܐ	kərafse
ܟܪܦܣܐ	kərafsɑ
ܟܪܦܣܐ	kərɛfse
ܟܪܦܣܐ	kərɛfsɑ
ܟܪܦܣܐ	kɛrpəse
ܟܪܦܣܐ	kɛrpəsɑ
ܟܪܦܬܐ	kərɑftɑʔ
ܟܪܦܬܐ	kərɑfɑθɑʔ
ܟܪܬܐ	karrɑθeʔ
ܟܪܬܐ	karrɑθɑʔ
ܟܪܬܐ	karrɑθɑθɑʔ
ܟܪܬܐ	kartɑʔ
ܟܪܬܐ	kɑrtɑʔ
ܟܪܬܐ	kɑrɑθɑʔ
ܟܪܬܐ	kərɑθɑʔ
ܟܪܬܬܐ	karrɑθɑθɑʔ
ܟܫܛܐ	kaʃtˤeʔ
ܟܫܛܐ	kaʃtˤɑʔ
ܟܫܛܐ	kaʃʃɑtˤeʔ
ܟܫܛܐ	kaʃʃɑtˤɑʔ
ܟܫܛܐ	kəʃɑtˤeʔ
ܟܫܛܐ	kəʃɑtˤɑʔ
ܟܫܟܘܠ	kaʃkul
ܟܫܟܝܬܐ	kaʃkiθɑʔ
ܟܫܟܝܬܐ	kaʃkjəɑθɑʔ
ܟܫܠܐ	kɛʃleʔ
ܟܫܠܐ	kɛʃlɑʔ
ܟܬܐ	kɑθɑʔ
ܟܬܐ	kɛttɑʔ
ܟܬܒܐ	kəθɑveʔ
ܟܬܒܐ	kəθɑvɑʔ
ܟܬܒܘܢܐ	kəθɑvoneʔ
ܟܬܒܘܢܐ	kəθɑvonɑʔ
ܟܬܒܬܐ	kəθɑvtɑ
ܟܬܒܬܐ	kəθɑvɑθɑ
ܟܬܘܒܐ	kɑθoveʔ
ܟܬܘܒܐ	kɑθovɑʔ
ܟܬܟܘܬܐ	kaθkuθɑ
ܟܬܢܐ	kɛttɑne
ܟܬܢܐ	kɛttɑnɑ
ܟܬܦܐ	kaθpeʔ
ܟܬܦܐ	kaθpɑʔ
ܟܬܦܐ	kaθpɑθɑʔ
ܟܬܦܬܐ	kaθpɑθɑʔ
ܟܬܫ	kəθaʃ
ܠ	l
ܠ	lɑmað
ܠܐ	lɑ
ܠܐܓܘܣ	lɑɣos
ܠܐܙܘܪܕ	lɑzward
ܠܒܐ	lɛbbɑ
ܠܒܐ	lɛbo
ܠܒܐ	lɪbbɑ
ܠܒܘܢܬܐ	ləvuttɑʔ
ܠܒܘܫܐ	ləvuʃeʔ
ܠܒܘܫܐ	ləvuʃɑʔ
ܠܒܘܬܐ	lɛbbawwɑθɑʔ
ܠܒܟܬܐ	ləvɑxtɑ
ܠܒܟܬܐ	ləvɑxɑθɑ
ܠܒܠܒܬܐ	lavləvɑθɑʔ
ܠܒܠܒܬܐ	lavlɛvtɑʔ
ܠܒܫܐ	labbɑʃeʔ
ܠܒܫܐ	labbɑʃɑʔ
ܠܒܫܐ	ləvɑʃeʔ
ܠܒܫܐ	ləvɑʃɑʔ
ܠܒܬܐ	ləvɛttɑ
ܠܓܐ	laɡɡeʔ
ܠܓܐ	laɡɡɑʔ
ܠܓܐ	lɛɡɡeʔ
ܠܓܐ	lɛɡɡɑʔ
ܠܓܝܘܢܐ	lɛɣjonas
ܠܓܝܘܢܐ	lɛɣjoneʔ
ܠܓܝܘܢܐ	lɛɣjonɑʔ
ܠܓܝܢܐ	ləɣineʔ
ܠܓܝܢܐ	ləɣinɑʔ
ܠܓܡܪ	laɣmar
ܠܓܡܪ	laɣmɑr
ܠܓܡܪ	laɣəmar
ܠܓܡܪ	laɣəmɑr
ܠܓܡܪ	lɑɣmor
ܠܓܡܪ	lɑɣmɑr
ܠܓܬܐ	laɡɡəθɑ
ܠܓܬܐ	ləɣɛttɑ
ܠܓܬܐ	lɛɡɡəθɑ
ܠܗܓܐ	lahɡɑʔ
ܠܘܓܡܐ	luɣmeʔ
ܠܘܓܡܐ	luɣmɑʔ
ܠܘܙܐ	luze
ܠܘܙܐ	luzɑ
ܠܘܚܐ	luħe
ܠܘܚܐ	luħɑ
ܠܘܛܬܐ	lawtˤɑθɑ
ܠܘܛܬܐ	lawtˤəθɑ
ܠܘܝܬܢ	lɛwjɑθɑn
ܠܘܡܐ	lumaʔs
ܠܘܡܐ	lumeʔ
ܠܘܡܐ	lumɑʔ
ܠܘܣܛܐ	lustˤeʔ
ܠܘܣܛܐ	lustˤɑʔ
ܠܘܥܐ	lawʕeʔ
ܠܘܥܐ	lawʕɑʔ
ܠܘܥܐ	loʕeʔ
ܠܘܥܐ	loʕɑʔ
ܠܘܥܐ	luʕeʔ
ܠܘܥܐ	luʕɑʔ
ܠܘܥܛܐ	luʕtˤeʔ
ܠܘܥܛܐ	luʕtˤɑʔ
ܠܘܥܛܐ	luʕʕɑtˤeʔ
ܠܘܥܛܐ	luʕʕɑtˤɑʔ
ܠܘܪܐ	lawreʔ
ܠܘܪܐ	lawrɑʔ
ܠܘܪܐ	lureʔ
ܠܘܪܐ	lurɑʔ
ܠܘܪܐ	lɑwreʔ
ܠܘܪܐ	lɑwrɑʔ
ܠܘܪܐ	lɑwɑreʔ
ܠܘܪܐ	lɑwɑrɑʔ
ܠܘܬ	ləwɑθ
ܠܚܡܐ	laħmeʔ
ܠܚܡܐ	laħmɑʔ
ܠܚܡܐ	ləħɑmeʔ
ܠܚܡܐ	ləħɑmɑʔ
ܠܚܫܐ	ləħɑʃeʔ
ܠܚܫܐ	ləħɑʃɑʔ
ܠܝܛܪܐ	litˤreʔ
ܠܝܛܪܐ	litˤrɑʔ
ܠܝܩܐ	le̝qe
ܠܝܩܐ	le̝qɑ
ܠܝܫܐ	lajʃɑʔ
ܠܝܫܐ	ləjɑʃeʔ
ܠܝܫܐ	ləjɑʃɑʔ
ܠܟܣܝܩܘܢ	lɛksiqon
ܠܠܝܐ	leljɑ
ܠܠܝܐ	lɛljɑ
ܠܡܐܢܐ	ləmeʔneʔ
ܠܡܐܢܐ	ləmeʔnɑʔ
ܠܣܛܐ	lɛstˤe
ܠܣܛܐ	lɛstˤɑ
ܠܣܛܝܐ	lɛstˤɑjeʔ
ܠܣܛܝܐ	lɛstˤɑjɑʔ
ܠܥܙܐ	lɛʕzeʔ
ܠܥܙܐ	lɛʕzɑʔ
ܠܦܛܐ	lɛftˤeʔ
ܠܦܛܐ	lɛftˤɑʔ
ܠܦܦܐ	ləfɑfeʔ
ܠܦܦܐ	ləfɑfɑʔ
ܠܦܬܐ	lafte
ܠܦܬܐ	laftɑ
ܠܦܬܐ	lɛfte
ܠܦܬܐ	lɛftɑ
ܠܩܚܐ	laqxɑ
ܠܩܚܐ	laqħɑ
ܠܩܚܐ	lɑqħo
ܠܩܢܐ	laqneʔ
ܠܩܢܐ	laqnɑʔ
ܠܩܢܐ	lɛqneʔ
ܠܩܢܐ	lɛqnɑʔ
ܠܫܢܐ	lɛʃono
ܠܫܢܐ	lɛʃʃɑnɑ
ܠܫܢܐ	lɪʃʃɑnɑ
ܡ	m
ܡ	mim
ܡܐܟܘܠܝܬܐ	meʔxuljɑθɑʔ
ܡܐܟܘܠܬܐ	meʔxultɑ
ܡܐܟܠܐ	meʔxleʔ
ܡܐܟܠܐ	meʔxlɑʔ
ܡܐܟܠܬܐ	meʔxlɑθɑʔ
ܡܐܟܢܐ	meʔkanneʔ
ܡܐܡܪܐ	meʔmreʔ
ܡܐܡܪܐ	meʔmrɑʔ
ܡܐܢܐ	mene
ܡܐܢܐ	mɑne
ܡܐܢܐ	mɑnɑ
ܡܐܣܪܝܬܐ	maʔsɑrjɑθɑʔ
ܡܐܣܪܝܬܐ	meʔsɑrjɑθɑʔ
ܡܐܣܪܝܬܐ	mɑʔsɑrjɑθɑʔ
ܡܐܣܪܬܐ	maʔsɑrtɑʔ
ܡܐܣܪܬܐ	meʔsɑrtɑʔ
ܡܐܣܪܬܐ	mɑʔsɑrtɑʔ
ܡܐܪܝܬܐ	meʔriθɑʔ
ܡܒܘܥܐ	mabbuʕeʔ
ܡܒܘܥܐ	mabbuʕɑʔ
ܡܒܠܘܥܝܬܐ	mavloʕiθɑ
ܡܒܠܘܥܝܬܐ	mawloʕiθɑ
ܡܒܠܘܥܝܬܐ	mɑwluʕiθo
ܡܓܐܠܐ	məɣalleʔ
ܡܓܕܠܐ	maɣdəleʔ
ܡܓܕܠܐ	maɣdəlɑʔ
ܡܓܘܫܐ	məɣuʃe
ܡܓܘܫܐ	məɣuʃɑ
ܡܓܙܪܐ	maɣzɑre
ܡܓܙܪܐ	maɣzɑrɑ
ܡܓܙܪܐ	maɣzəre
ܡܓܙܪܐ	maɣzərɑ
ܡܓܠܐ	maɡɡəle
ܡܓܠܐ	maɡɡəlɑ
ܡܓܠܐ	məɣalle
ܡܓܠܐ	məɣallɑ
ܡܓܠܬܐ	maɡɡalləθɑ
ܡܓܠܬܐ	məɣalle
ܡܓܠܬܐ	məɣallɑθɑ
ܡܓܠܬܐ	məɣalləθɑ
ܡܓܢ	maɡɡɑn
ܡܓܢ	məɣan
ܡܓܢ	məɣen
ܡܓܢܐ	maɡɡɑne
ܡܓܢܐ	maɡɡɑnɑ
ܡܓܢܐ	məɣanne
ܡܓܢܐ	məɣannɑ
ܡܓܢܐ	məɣene
ܡܓܢܐ	məɣenɑ
ܡܕܒܚܐ	maðbəħe
ܡܕܒܚܐ	maðbəħɑ
ܡܕܒܪܐ	maðbəreʔ
ܡܕܒܪܐ	maðbərɑʔ
ܡܕܒܪܐ	məðavreʔ
ܡܕܒܪܐ	məðavrɑʔ
ܡܕܒܪܢܐ	məðabbərɑneʔ
ܡܕܒܪܢܐ	məðabbərɑnɑʔ
ܡܕܒܪܢܘܬܐ	məðabbərɑnuθɑʔ
ܡܕܒܪܢܘܬܐ	məðabbərɑnwɑθɑʔ
ܡܕܝܢܬܐ	məðine
ܡܕܝܢܬܐ	məðinɑθɑ
ܡܕܝܢܬܐ	məðittɑ
ܡܕܝܪܐ	mɛðjɑreʔ
ܡܕܝܪܐ	mɛðjɑrɑʔ
ܡܕܟܐ	maðəxɑʔ
ܡܕܟܘܢܐ	maðəxoneʔ
ܡܕܡ	mɛddəme
ܡܕܡ	mɛddɛm
ܡܕܡܟܐ	maðməxeʔ
ܡܕܡܟܐ	maðməxɑʔ
ܡܕܢܐ	maddɑne
ܡܕܢܐ	maddɑnɑ
ܡܕܢܚܐ	maðnəħɑ
ܡܕܥܐ	maddəʕeʔ
ܡܕܥܐ	maddəʕɑʔ
ܡܕܩܬܐ	məðaqqɑθɑ
ܡܕܩܬܐ	məðaqqəθɑ
ܡܕܩܬܐ	məðɑqqəθɑ
ܡܕܩܬܐ	məðɑqɑθɑ
ܡܕܪܐ	mɛðreʔ
ܡܕܪܐ	mɛðrɑʔ
ܡܕܪܫܬܐ	maðrəʃɑθɑʔ
ܡܕܪܫܬܐ	maðrɛʃtɑʔ
ܡܗܓܪܐ	mahɡəre
ܡܗܓܪܐ	mahɡərɑ
ܡܗܪܐ	mahreʔ
ܡܗܪܐ	mahrɑʔ
ܡܘܒܠܐ	mawbəleʔ
ܡܘܒܠܐ	mawbəlɑʔ
ܡܘܕܟܐ	muddɑxeʔ
ܡܘܕܟܐ	muddɑxɑʔ
ܡܘܕܥܢܘܬܐ	mawdəʕɑnuθɑʔ
ܡܘܕܥܢܘܬܐ	mawdəʕɑnwɑθɑʔ
ܡܘܗܒܬܐ	mawhavtɑ
ܡܘܗܒܬܐ	mawhəvɑθɑ
ܡܘܙܐ	muzeʔ
ܡܘܙܐ	muzɑʔ
ܡܘܙܓܐ	muzzɑɣe
ܡܘܙܓܐ	muzzɑɣɑ
ܡܘܚܐ	muħeʔ
ܡܘܚܐ	muħɑʔ
ܡܘܛܐ	mawtˤeʔ
ܡܘܛܐ	mawtˤɑʔ
ܡܘܠܕܐ	mawlɑðeʔ
ܡܘܠܕܐ	mawlɑðɑʔ
ܡܘܡܐ	mawmɑʔ
ܡܘܡܐ	mumeʔ
ܡܘܡܐ	mumɑʔ
ܡܘܡܬܐ	mawmɑjɑθɑʔ
ܡܘܡܬܐ	mawmɑθɑʔ
ܡܘܡܬܐ	mawməθɑʔ
ܡܘܣܝܩܪܐ	musiqɑre
ܡܘܣܝܩܪܐ	musiqɑrɑ
ܡܘܩܐ	muqeʔ
ܡܘܩܐ	muqɑʔ
ܡܘܩܕܐ	mawqəðeʔ
ܡܘܩܕܐ	mawqəðɑʔ
ܡܘܪܐ	moreʔ
ܡܘܪܐ	morɑʔ
ܡܘܪܐ	murrɑʔ
ܡܘܪܐ	murɑʔ
ܡܘܬܐ	mawteʔ
ܡܘܬܐ	mawtɑʔ
ܡܘܬܒܐ	mawtəveʔ
ܡܘܬܒܐ	mawtəvɑʔ
ܡܙܠܐ	mazleʔ
ܡܙܠܐ	mazlɑʔ
ܡܙܠܐ	mazzɑleʔ
ܡܙܠܐ	mazzɑlɑʔ
ܡܙܡܘܪܐ	mazmoreʔ
ܡܙܡܘܪܐ	mazmorɑʔ
ܡܙܡܟܐ	mazməxeʔ
ܡܙܡܟܐ	mazməxɑʔ
ܡܙܬܐ	mɛzzəθɑ
ܡܚܘܙܐ	moħuzo
ܡܚܘܙܐ	mɑxozɑ
ܡܚܘܙܐ	mɑħozɑ
ܡܚܘܬܐ	maħwɑθɑʔ
ܡܚܘܬܐ	maħħoθɑʔ
ܡܚܘܬܐ	mɑħoθɑʔ
ܡܚܘܬܐ	mɑħwɑθɑʔ
ܡܚܘܬܐ	məħoθɑʔ
ܡܚܙܝܬܐ	maħziθɑʔ
ܡܚܛܐ	məħatˤtˤe
ܡܚܛܐ	məħatˤtˤɑ
ܡܚܢܘܩܝܬܐ	maħnoqiθɑʔ
ܡܚܢܘܩܝܬܐ	maħnoqjɑθɑʔ
ܡܚܪܐ	maħħɑreʔ
ܡܚܪܐ	maħħɑrɑʔ
ܡܚܪܡܬܐ	maħramtɑʔ
ܡܚܪܡܬܐ	maħrəmɑθɑʔ
ܡܚܫܒܬܐ	maħʃavtɑʔ
ܡܚܫܒܬܐ	maħʃəvɑθɑʔ
ܡܛܘܚܬܐ	matˤtˤoħtɑʔ
ܡܛܘܚܬܐ	matˤtˤoħɑθɑʔ
ܡܛܘܚܬܐ	mɑtˤoħtɑʔ
ܡܛܘܚܬܐ	mɑtˤoħɑθɑʔ
ܡܛܠܠܐ	matˤəleʔ
ܡܛܠܠܐ	matˤəlɑʔ
ܡܛܠܬܐ	mətˤalləθɑ
ܡܛܪܐ	matˤtˤəreʔ
ܡܛܪܐ	matˤtˤərɑʔ
ܡܛܪܐ	metˤreʔ
ܡܛܪܐ	metˤrɑʔ
ܡܛܪܐ	mətˤɑreʔ
ܡܛܪܐ	mɛtˤrɑʔ
ܡܛܪܩܐ	matˤrəqeʔ
ܡܛܪܩܐ	matˤrəqɑʔ
ܡܛܪܬܐ	matˤtˤarəθɑ
ܡܛܪܬܐ	matˤtˤərɑθɑ
ܡܛܪܬܐ	mətˤɑre
ܡܛܪܬܐ	mətˤɑrtɑ
ܡܛܪܬܐ	mətˤɑrɑθɑ
ܡܝܐ	majjɑ
ܡܝܕܐܢ	majdɑn
ܡܝܛܪܢ	mitˤrɑn
ܡܝܟܐܝܠ	mixɑʔel
ܡܝܠܐ	mileʔ
ܡܝܠܐ	milɑʔ
ܡܝܢܐ	majjɑne
ܡܝܢܐ	majjɑnɑ
ܡܝܢܐ	mine
ܡܝܢܐ	minɑ
ܡܝܣܘܟܐ	majsuxeʔ
ܡܝܣܘܟܐ	majsuxɑʔ
ܡܝܬ	miθ
ܡܟܘܬܐ	makkuθɑʔ
ܡܟܘܬܐ	makkəwɑθɑʔ
ܡܟܘܬܐ	mɑxuθɑʔ
ܡܟܘܬܐ	mɑxwɑθɑʔ
ܡܟܘܬܬܐ	makkuθtɑʔ
ܡܟܘܬܬܐ	makkuθɑθɑʔ
ܡܟܠܬܐ	mexlɑθɑʔ
ܡܟܢܫܬܐ	maxnaʃtɑ
ܡܟܢܫܬܐ	maxnɑʃtɑ
ܡܟܢܫܬܐ	maxnɑʃɑθɑ
ܡܟܢܫܬܐ	maxnɛʃjɑθɑ
ܡܟܢܫܬܐ	maxnɛʃtɑ
ܡܟܣܐ	maxseʔ
ܡܟܣܐ	maxsɑʔ
ܡܟܣܐ	mɑxseʔ
ܡܟܣܐ	mɑxsɑʔ
ܡܟܪܐ	makkɑrɑ
ܡܟܪܐ	maxre
ܡܟܪܐ	maxrɑ
ܡܟܪܐ	mɑxre
ܡܟܪܐ	mɑxrɑ
ܡܟܪܐ	məxɑre
ܡܟܪܐ	məxɑrɑ
ܡܟܫܘܠܐ	maxʃuleʔ
ܡܟܫܘܠܐ	maxʃulɑʔ
ܡܟܬܒܐ	maxtəveʔ
ܡܟܬܒܐ	maxtəvɑʔ
ܡܟܬܒܢܘܬܐ	maxtəvɑnuθɑʔ
ܡܟܬܒܢܘܬܐ	maxtəvɑnwɑθɑʔ
ܡܠܐܟܐ	malʔăxeʔ
ܡܠܐܟܐ	malʔăxɑʔ
ܡܠܘܐܐ	məloʔeʔ
ܡܠܘܐܐ	məloʔɑʔ
ܡܠܘܫܐ	malluʃeʔ
ܡܠܘܫܐ	malluʃɑʔ
ܡܠܘܫܐ	malwɑʃeʔ
ܡܠܘܫܐ	malwɑʃɑʔ
ܡܠܘܫܘܬܐ	malwɑʃuθɑʔ
ܡܠܚܐ	mallɑħe
ܡܠܚܐ	mallɑħɑ
ܡܠܚܐ	mɛlħe
ܡܠܚܐ	mɛlħɑ
ܡܠܟܐ	malkeʔ
ܡܠܟܐ	malkɑʔ
ܡܠܟܐ	mɛlkeʔ
ܡܠܟܐ	mɛlkɑʔ
ܡܠܟܘܬܐ	malkuθɑʔ
ܡܠܟܘܬܐ	malkəwɑθɑʔ
ܡܠܟܬܐ	malkɑθɑ
ܡܠܟܬܐ	malkəθɑ
ܡܠܠܐ	mallɑleʔ
ܡܠܠܐ	mallɑlɑʔ
ܡܠܥܣܬܐ	malʕastɑʔ
ܡܠܥܣܬܐ	malʕɑstɑʔ
ܡܠܦܢܐ	malləfɑneʔ
ܡܠܦܢܐ	malləfɑnɑʔ
ܡܠܦܢܝܬܐ	malləfɑniθɑʔ
ܡܠܦܢܝܬܐ	malləfɑnjɑθɑʔ
ܡܠܩܛܐ	malqətˤeʔ
ܡܠܩܛܐ	malqətˤɑʔ
ܡܠܩܛܐ	məlaqqətˤeʔ
ܡܠܩܛܐ	məlaqqətˤɑʔ
ܡܠܬܐ	mɛlləθɑʔ
ܡܡܘܠܐ	mɑmoleʔ
ܡܡܘܠܐ	mɑmolɑʔ
ܡܡܘܢܐ	mɑmonɑʔ
ܡܡܠܠܐ	mamləlɑʔ
ܡܡܠܠܘܬܐ	məmalluθɑʔ
ܡܢ	man
ܡܢ	mɑn
ܡܢ	mɛn
ܡܢܐ	mɑnɑ
ܡܢܐ	mənɑ
ܡܢܐ	mɛnne
ܡܢܘܬܐ	mənawwɑθɑʔ
ܡܢܚܝ	manħaj
ܡܢܝܘܬܐ	mannɑjuθɑʔ
ܡܢܝܘܬܐ	mɑnɑjuθɑʔ
ܡܢܝܢܐ	mannineʔ
ܡܢܝܢܐ	manninɑʔ
ܡܢܝܢܐ	mɑnineʔ
ܡܢܝܢܐ	mɑninɑʔ
ܡܢܝܢܐ	mənineʔ
ܡܢܝܢܐ	məninɑʔ
ܡܢܝܢܐ	mɛnjɑneʔ
ܡܢܝܢܐ	mɛnjɑnɑʔ
ܡܢܝܩܝܬܐ	mənejqiθɑʔ
ܡܢܝܩܝܬܐ	mənejqjɑθɑʔ
ܡܢܢܐ	mannnɑʔ
ܡܢܪܬܐ	mənɑrtɑʔ
ܡܢܪܬܐ	mənɑrɑθɑʔ
ܡܢܬܐ	mənɑθɑʔ
ܡܢܬܐ	mɛnnəθɑʔ
ܡܣܐܢܐ	məsɑʔneʔ
ܡܣܐܢܐ	məsɑʔnɑʔ
ܡܣܐܬܐ	massaʔθɑʔ
ܡܣܐܬܐ	massɑʔθɑʔ
ܡܣܓܕܐ	masɡəðeʔ
ܡܣܓܕܐ	masɡəðɑʔ
ܡܣܘܪܩܐ	massurqeʔ
ܡܣܘܪܩܐ	massurqɑʔ
ܡܣܘܪܩܐ	məsurqeʔ
ܡܣܘܪܩܐ	məsurqɑʔ
ܡܣܟܝܢܐ	msakkjɑnɑ
ܡܣܟܝܢܐ	msɑkjono
ܡܣܟܝܢܐ	məsakkəjɑnɑ
ܡܣܟܝܢܐ	mɛske̝nɑ
ܡܣܟܝܢܐ	mɛskino
ܡܣܟܝܢܐ	mɪskenɑ
ܡܣܟܝܢܘܬܐ	mɛskejnuθɑ
ܡܣܦܪܐ	maspəreʔ
ܡܣܦܪܐ	maspərɑʔ
ܡܣܪܐ	massɑreʔ
ܡܣܪܐ	massɑrɑʔ
ܡܣܪܩܐ	masrəqeʔ
ܡܣܪܩܐ	masrəqɑʔ
ܡܣܪܩܐ	məsarqeʔ
ܡܣܪܩܐ	məsarqɑʔ
ܡܣܬܐ	massəθɑʔ
ܡܣܬܐ	mastɑʔ
ܡܣܬܐ	məsɑθɑʔ
ܡܣܬܐ	mɛssəθɑʔ
ܡܥܒܪܐ	maʕbəreʔ
ܡܥܒܪܐ	maʕbərɑʔ
ܡܥܒܪܬܐ	maʕbartɑʔ
ܡܥܒܪܬܐ	maʕbərɑθɑʔ
ܡܥܝܐ	maʕjɑʔ
ܡܥܝܐ	məʕajjɑʔ
ܡܥܝܢܐ	məʕineʔ
ܡܥܝܢܐ	məʕinɑʔ
ܡܥܝܢܐ	məʕinɑθɑʔ
ܡܥܝܢܬܐ	məʕinɑθɑʔ
ܡܥܝܪܢܘܬܐ	məʕirɑnuθɑʔ
ܡܥܝܪܢܘܬܐ	məʕirɑnwɑθɑʔ
ܡܥܠܐ	maʕleʔ
ܡܥܠܐ	maʕlɑʔ
ܡܥܠܬܐ	maʕlɑθɑ
ܡܥܠܬܐ	maʕʕaltɑ
ܡܥܡܘܕܝܬܐ	maʕmoðiθɑ
ܡܥܡܘܕܝܬܐ	maʕmoðjɑθɑ
ܡܥܡܪܐ	maʕməreʔ
ܡܥܡܪܐ	maʕmərɑʔ
ܡܥܡܪܐ	maʕmərɑθɑʔ
ܡܥܡܪܬܐ	maʕmərɑθɑʔ
ܡܥܦܪܐ	maʕpəreʔ
ܡܥܦܪܐ	maʕpərɑʔ
ܡܥܦܪܐ	məʕafreʔ
ܡܥܦܪܐ	məʕafrɑʔ
ܡܥܪܐ	məʕarreʔ
ܡܥܪܐ	məʕarrɑʔ
ܡܥܪܒܐ	maʕrəvɑ
ܡܥܪܦܢܐ	məʕarpɑneʔ
ܡܥܪܦܢܐ	məʕarpɑnɑʔ
ܡܥܪܬܐ	məʕarəθɑ
ܡܦܩܬܐ	mappaqtɑ
ܡܦܩܬܐ	mappəqɑθɑ
ܡܨܝܕܬܐ	məsˤiðtɑ
ܡܨܝܕܬܐ	məsˤiðɑθɑ
ܡܨܥܝܬܐ	mɛsˤʕɑjtɑʔ
ܡܨܥܝܬܐ	mɛsˤʕɑjɑθɑʔ
ܡܨܥܬܐ	məsˤaʕtɑʔ
ܡܨܥܬܐ	mɛsˤʕɑθɑʔ
ܡܨܥܬܐ	mɛsˤʕəθɑʔ
ܡܩܕܡܘܬܐ	məqaðmuθɑ
ܡܩܘܪܐ	maqqorɑ
ܡܩܘܪܐ	moquro
ܡܩܘܪܐ	mɑqorɑ
ܡܩܘܪܐ	mɑquro
ܡܩܠܥܐ	maqlɑʕeʔ
ܡܩܠܥܐ	maqlɑʕɑʔ
ܡܩܠܥܢܐ	maqləʕɑneʔ
ܡܩܠܥܢܐ	maqləʕɑnɑʔ
ܡܪܐ	marre
ܡܪܐ	marrɑ
ܡܪܐ	mɑrɑ
ܡܪܒܥܐ	marbəʕeʔ
ܡܪܒܥܐ	marbəʕɑʔ
ܡܪܓܐ	marəɣe
ܡܪܓܐ	marɡɑ
ܡܪܓܢܝܬܐ	marɡɑniθɑ
ܡܪܓܢܝܬܐ	marɡɑnjɑθɑ
ܡܪܓܢܝܬܐ	marɡəniθɑ
ܡܪܕܐ	mardeʔ
ܡܪܕܐ	mərɑðeʔ
ܡܪܕܐ	mərɑðɑʔ
ܡܪܕܐ	mɛrdeʔ
ܡܪܕܐ	mɛrdɑʔ
ܡܪܕܘܬܐ	marduθɑʔ
ܡܪܕܘܬܐ	mardəwɑθɑʔ
ܡܪܕܝܬܐ	mardiθɑʔ
ܡܪܕܝܬܐ	mardəjɑθɑʔ
ܡܪܘܡܐ	mərawmeʔ
ܡܪܘܡܐ	mərawmɑʔ
ܡܪܙܐ	marzeʔ
ܡܪܙܐ	marzɑʔ
ܡܪܙܐ	mɑrzeʔ
ܡܪܙܐ	mɑrzɑʔ
ܡܪܙܒܢܐ	marzəbɑne
ܡܪܙܒܢܐ	marzəbɑnɑ
ܡܪܙܒܢܐ	marzəvɑne
ܡܪܙܒܢܐ	marzəvɑnɑ
ܡܪܙܦܬܐ	marzaftɑʔ
ܡܪܙܦܬܐ	marzəfɑθɑʔ
ܡܪܛܘܛܐ	martˤutˤe
ܡܪܛܘܛܐ	martˤutˤɑ
ܡܪܝܐ	mɑrajjɑʔ
ܡܪܝܐ	mɑrawwɑθɑʔ
ܡܪܝܐ	mɑrjɑʔ
ܡܪܝܡ	marjam
ܡܪܟܒܐ	markəveʔ
ܡܪܟܒܐ	markəvɑʔ
ܡܪܟܒܬܐ	markavətɑ
ܡܪܟܒܬܐ	markəvɑθɑ
ܡܪܥܐ	marʕeʔ
ܡܪܥܐ	marʕɑʔ
ܡܪܥܐ	mɛrʕeʔ
ܡܪܥܐ	mɛrʕɑʔ
ܡܪܥܝܬܐ	marʕiθɑʔ
ܡܪܥܝܬܐ	marʕəjɑθɑʔ
ܡܪܩܩܐ	marqəqeʔ
ܡܪܩܩܐ	marqəqɑʔ
ܡܪܪܬܐ	mərɑrtɑ
ܡܪܪܬܐ	mərɑrɑθɑ
ܡܪܫܐ	marʃɑ
ܡܪܫܐ	marʃəʃɑ
ܡܪܫܐ	mɑrʃo
ܡܪܬܐ	mɑrtɑ
ܡܪܬܐ	mɑrɑθɑ
ܡܪܬܐ	mɛrrɑθɑ
ܡܪܬܐ	mɛrrəθɑ
ܡܫܒܐ	maʃʃəveʔ
ܡܫܒܐ	maʃʃəvɑʔ
ܡܫܘܛܐ	mɑʃotˤeʔ
ܡܫܘܛܐ	mɑʃotˤɑʔ
ܡܫܚܐ	mɛʃħɑʔ
ܡܫܚܠܦܐ	məʃaħləfeʔ
ܡܫܚܠܦܐ	məʃaħləfɑʔ
ܡܫܚܢܐ	mɛʃħɑneʔ
ܡܫܛܚܐ	maʃtˤɑħeʔ
ܡܫܛܚܐ	maʃtˤɑħɑʔ
ܡܫܝܚܐ	məʃiħeʔ
ܡܫܝܚܐ	məʃiħoʔ
ܡܫܝܚܐ	məʃiħɑʔ
ܡܫܟܐ	məʃɑxe
ܡܫܟܐ	məʃɑxɑ
ܡܫܟܐ	mɛʃke
ܡܫܟܐ	mɛʃkɑ
ܡܫܟܐ	mɛʃkɑne
ܡܫܟܢܐ	maʃkɑne
ܡܫܟܢܐ	maʃkɑnɑ
ܡܫܟܢܐ	maʃkəne
ܡܫܟܢܐ	maʃkənɑ
ܡܫܟܢܐ	mɛʃkɑne
ܡܫܟܢܐ	mɛʃkɑnɑ
ܡܫܠܡܢܐ	maʃləmɑneʔ
ܡܫܠܡܢܐ	maʃləmɑnɑʔ
ܡܫܠܡܢܝܬܐ	maʃləmɑniθɑʔ
ܡܫܠܡܢܝܬܐ	maʃləmɑnjɑθɑʔ
ܡܫܡܫܢܐ	məʃamməʃɑneʔ
ܡܫܡܫܢܐ	məʃamməʃɑnɑʔ
ܡܫܡܫܢܝܬܐ	məʃamməʃɑniθɑʔ
ܡܫܡܫܢܝܬܐ	məʃamməʃɑnjɑθɑʔ
ܡܫܥܐ	maʃʕeʔ
ܡܫܥܐ	maʃʕɑʔ
ܡܫܪܐ	mɑʃreʔ
ܡܫܪܐ	mɑʃrɑʔ
ܡܫܪܝܬܐ	maʃriθɑʔ
ܡܫܪܝܬܐ	maʃrəjɑθɑʔ
ܡܫܬܐܠܢܘܬܐ	mɛʃtaʔlɑnuθɑʔ
ܡܫܬܐܠܢܘܬܐ	mɛʃtaʔlɑnwɑθɑʔ
ܡܫܬܐܠܢܘܬܐ	mɛʃteʔlɑnuθɑʔ
ܡܫܬܐܠܢܘܬܐ	mɛʃteʔlɑnwɑθɑʔ
ܡܫܬܘܬܐ	mɛʃtuθɑʔ
ܡܫܬܘܬܐ	mɛʃtəwɑθɑʔ
ܡܬ	maθ
ܡܬ	mɑθ
ܡܬܐ	matteʔ
ܡܬܐ	mattɑʔ
ܡܬܐ	mɑθeʔ
ܡܬܐ	mɑθwɑθɑʔ
ܡܬܐ	mɑθɑʔ
ܡܬܐ	mɑθɑθɑʔ
ܡܬܘܪܐ	mɑθoreʔ
ܡܬܘܪܐ	mɑθorɑʔ
ܡܬܘܪܐ	məθawwəreʔ
ܡܬܘܪܐ	məθawwərɑʔ
ܡܬܘܬܐ	mɑθwɑθɑʔ
ܡܬܝ	mattaj
ܡܬܠܐ	mattɑleʔ
ܡܬܠܐ	mattɑlɑʔ
ܡܬܠܐ	mattəleʔ
ܡܬܠܐ	mattəlɑʔ
ܡܬܠܐ	maθleʔ
ܡܬܠܐ	maθlɑʔ
ܡܬܢܬܐ	mattantɑʔ
ܡܬܢܬܐ	mattənɑθɑʔ
ܡܬܩܘܠܬܐ	maθqultɑʔ
ܡܬܩܘܠܬܐ	maθqulɑθɑʔ
ܡܬܩܠܐ	maθqɑleʔ
ܡܬܩܠܐ	maθqɑlɑʔ
ܡܬܬܐ	mɑθɑθɑʔ
ܢ	n
ܢ	nun
ܢܐܪܒܐ	neʔrəveʔ
ܢܐܪܒܐ	neʔrəvɑʔ
ܢܒܐ	nɑveʔ
ܢܒܐ	nɑvɑʔ
ܢܒܘܙܐ	nɑvozeʔ
ܢܒܘܙܐ	nɑvozɑʔ
ܢܒܘܙܐ	nəvozeʔ
ܢܒܘܙܐ	nəvozɑʔ
ܢܒܚܐ	nəvɑħeʔ
ܢܒܚܐ	nəvɑħɑʔ
ܢܒܝܐ	nəvijeʔ
ܢܒܝܐ	nəvijɑʔ
ܢܒܝܕܐ	nəviðeʔ
ܢܒܝܕܐ	nəviðɑʔ
ܢܒܝܘܬܐ	nəvijawwɑθɑ
ܢܒܝܘܬܐ	nəvijuθɑ
ܢܒܝܬܐ	nəvijɑθɑ
ܢܒܝܬܐ	nəviθɑ
ܢܒܠܐ	navleʔ
ܢܒܠܐ	navlɑʔ
ܢܒܥܐ	nɛvʕeʔ
ܢܒܥܐ	nɛvʕɑʔ
ܢܒܪܐ	nəvɑreʔ
ܢܒܪܐ	nəvɑrɑʔ
ܢܒܪܐ	nɛvreʔ
ܢܒܪܐ	nɛvrɑʔ
ܢܒܪܫܬܐ	navrəʃɑθɑ
ܢܒܪܫܬܐ	navrɛʃjɑθɑ
ܢܒܪܫܬܐ	navrɛʃtɑ
ܢܓܘܕܐ	nɑɣoðeʔ
ܢܓܘܕܐ	nɑɣoðɑʔ
ܢܓܘܕܐ	nəɣuðeʔ
ܢܓܘܕܐ	nəɣuðɑʔ
ܢܓܡܐ	naɣmeʔ
ܢܓܡܐ	naɣmɑʔ
ܢܓܪܐ	naɡɡɑre
ܢܓܪܐ	naɡɡɑrɑ
ܢܓܪܐ	nɑɣarre
ܢܓܪܐ	nɑɣarrɑ
ܢܓܪܘܬܐ	naɡɡɑruθɑʔ
ܢܕܪܐ	nəðɑreʔ
ܢܕܪܐ	nəðɑrɑʔ
ܢܕܪܐ	nɛðreʔ
ܢܕܪܐ	nɛðrɑʔ
ܢܕܬܐ	nɛddəθɑ
ܢܗܪܐ	nahrawwɑθɑʔ
ܢܗܪܐ	nahreʔ
ܢܗܪܐ	nahrɑʔ
ܢܘܒܪܫܐ	nuvrɑʃe
ܢܘܒܪܫܐ	nuvrɑʃɑ
ܢܘܓܗܐ	nuɣhɑʔ
ܢܘܓܪܐ	nuɣreʔ
ܢܘܓܪܐ	nuɣrɑʔ
ܢܘܗܪܐ	nuhhɑreʔ
ܢܘܗܪܐ	nuhhɑrɑʔ
ܢܘܗܪܐ	nuhreʔ
ܢܘܗܪܐ	nuhrɑʔ
ܢܘܚܐ	nawħeʔ
ܢܘܚܐ	nawħɑʔ
ܢܘܚܡܐ	nuħħɑme
ܢܘܚܡܐ	nuħħɑmɑ
ܢܘܛܐ	nawtˤe
ܢܘܛܐ	nawtˤo
ܢܘܛܐ	nawtˤɑ
ܢܘܛܘ	nawtˤo
ܢܘܛܦܬܐ	nutˤpeʔ
ܢܘܛܦܬܐ	nutˤpɑθɑʔ
ܢܘܛܦܬܐ	nutˤpəθɑʔ
ܢܘܟܪܝܐ	nuxrɑje
ܢܘܟܪܝܐ	nuxrɑjɑ
ܢܘܠܐ	nawleʔ
ܢܘܠܐ	nawlɑʔ
ܢܘܡܐ	nomas
ܢܘܡܐ	nomeʔ
ܢܘܡܐ	numaʔs
ܢܘܡܐ	numeʔ
ܢܘܡܐ	numɑʔ
ܢܘܡܪܐ	numreʔ
ܢܘܡܪܐ	numrɑʔ
ܢܘܡܬܐ	nawmɑθɑ
ܢܘܡܬܐ	nawməθɑ
ܢܘܢܐ	nuneʔ
ܢܘܢܐ	nunɑʔ
ܢܘܣܐ	nawseʔ
ܢܘܣܐ	nawsɑʔ
ܢܘܨܦܐ	nusˤsˤɑfɑʔ
ܢܘܩܙܐ	nuqqɑzeʔ
ܢܘܩܙܐ	nuqqɑzɑʔ
ܢܘܩܙܐ	nuqzeʔ
ܢܘܩܙܐ	nuqzɑʔ
ܢܘܩܝܐ	nuqjɑʔ
ܢܘܩܝܐ	nuqqɑjeʔ
ܢܘܩܝܐ	nuqqɑjɑʔ
ܢܘܪܐ	nawreʔ
ܢܘܪܐ	nawrɑʔ
ܢܘܪܐ	nawwɑreʔ
ܢܘܪܐ	nawwɑrɑʔ
ܢܘܪܐ	nurɑʔ
ܢܘܪܐ	nəwɑrɑʔ
ܢܘܪܒܐ	norbeʔ
ܢܘܪܒܐ	norbɑʔ
ܢܘܪܒܐ	nurbeʔ
ܢܘܪܒܐ	nurbɑʔ
ܢܘܪܘܬܐ	nurwɑθɑʔ
ܢܘܪܬܐ	nawwɑrtɑ
ܢܘܪܬܐ	nawwɑrɑθɑ
ܢܘܪܬܐ	nurtɑ
ܢܘܪܬܐ	nurɑθɑ
ܢܘܪܬܐ	nəwɑrtɑ
ܢܘܪܬܐ	nəwɑrɑθɑ
ܢܘܫܐ	nawʃeʔ
ܢܘܫܐ	nawʃɑʔ
ܢܘܫܩܬܐ	nuʃqɑθɑʔ
ܢܘܫܩܬܐ	nuʃqəθɑʔ
ܢܘܫܩܬܐ	nuʃʃaqtɑʔ
ܢܙܝܬܐ	nɑziθɑʔ
ܢܙܝܬܐ	nɑzjɑθɑʔ
ܢܚܘܪܬܐ	nəħortɑʔ
ܢܚܝܪܐ	nəħire
ܢܚܝܪܐ	nəħirɑ
ܢܚܠܐ	naħleʔ
ܢܚܠܐ	naħlɑʔ
ܢܚܠܐ	nɑħleʔ
ܢܚܠܐ	nɑħlɑʔ
ܢܚܠܐ	nəħɑlɑʔ
ܢܚܡܬܐ	nəħɑmtɑ
ܢܚܡܬܐ	nɛħməθɑ
ܢܚܢܚܬܐ	naħnaħtɑ
ܢܚܢܚܬܐ	naħnəħɑθɑ
ܢܚܫܐ	naħħɑʃeʔ
ܢܚܫܐ	naħħɑʃɑʔ
ܢܚܫܐ	nɑħʃeʔ
ܢܚܫܐ	nɑħʃɑʔ
ܢܚܫܐ	nəħɑʃɑʔ
ܢܚܫܐ	nɛħʃeʔ
ܢܚܫܐ	nɛħʃɑʔ
ܢܚܬܐ	naħteʔ
ܢܚܬܐ	naħtɑʔ
ܢܚܬܐ	nəħɑθeʔ
ܢܚܬܐ	nəħɑθɑʔ
ܢܝܒܐ	niveʔ
ܢܝܒܐ	nivɑʔ
ܢܝܙܟܐ	najzəxeʔ
ܢܝܙܟܐ	najzəxɑʔ
ܢܝܚܐ	nəjɑħeʔ
ܢܝܚܐ	nəjɑħɑʔ
ܢܝܚܬܐ	nəjɑħtɑʔ
ܢܝܚܬܐ	nəjɑħɑθɑʔ
ܢܝܛܪܘܢ	nitˤron
ܢܝܪܐ	nireʔ
ܢܝܪܐ	nirɑʔ
ܢܝܫܐ	niʃeʔ
ܢܝܫܐ	niʃɑʔ
ܢܟܝܢܐ	nɛxjono
ܢܟܝܢܐ	nɛxjɑnɑ
ܢܟܝܢܐ	nɪxjɑnɑ
ܢܟܠܐ	nɛxleʔ
ܢܟܠܐ	nɛxlɑʔ
ܢܟܣܬܐ	nɛxsɑθɑʔ
ܢܟܣܬܐ	nɛxsəθɑʔ
ܢܠܐ	nɑleʔ
ܢܠܐ	nɑlɑʔ
ܢܡܘܣܐ	nɑmoseʔ
ܢܡܘܣܐ	nɑmosɑʔ
ܢܡܠܐ	namle
ܢܡܠܐ	namlɑ
ܢܡܠܐ	nammɑle
ܢܡܠܐ	nammɑlɑ
ܢܡܠܐ	nəmɑle
ܢܡܠܐ	nəmɑlɑ
ܢܡܣܐ	nɛmseʔ
ܢܡܣܐ	nɛmsɑʔ
ܢܡܪܐ	nɛmreʔ
ܢܡܪܐ	nɛmrɑʔ
ܢܡܪܬܐ	nɑmarəθɑ
ܢܡܪܬܐ	nɑmrɑθɑ
ܢܡܪܬܐ	nəmartɑ
ܢܡܪܬܐ	nɛmrɑθɑ
ܢܡܪܬܐ	nɛmrəθɑ
ܢܢܚܐ	nɑnħeʔ
ܢܢܚܐ	nɑnħɑʔ
ܢܢܥܐ	nɑnʕeʔ
ܢܢܥܐ	nɑnʕɑʔ
ܢܣܘܒܐ	nɑsoveʔ
ܢܣܘܒܐ	nɑsovɑʔ
ܢܣܝܘܢܐ	nɛsjoneʔ
ܢܣܝܘܢܐ	nɛsjonɑʔ
ܢܣܪܬܐ	nəsɑrtɑ
ܢܣܪܬܐ	nəsɑrɑθɑ
ܢܥܐ	nɑʕeʔ
ܢܥܐ	nɑʕɑʔ
ܢܥܒܐ	naʕəveʔ
ܢܥܒܐ	naʕəvɑʔ
ܢܥܘܪܐ	nɑʕoreʔ
ܢܥܘܪܐ	nɑʕorɑʔ
ܢܥܘܪܬܐ	nɑʕortɑ
ܢܥܘܪܬܐ	nɑʕorɑθɑ
ܢܥܠܐ	naʕleʔ
ܢܥܠܐ	naʕlɑʔ
ܢܥܡܐ	naʕʕɑmeʔ
ܢܥܡܐ	naʕʕɑmɑʔ
ܢܥܢܥ	naʕnaʕ
ܢܦܛܐ	naftˤɑ
ܢܦܛܐ	nappɑtˤe
ܢܦܛܐ	nappɑtˤɑ
ܢܦܛܐ	nɑftˤɑ
ܢܦܛܐ	nɛftˤɑ
ܢܦܛܝܪܐ	naftˤejreʔ
ܢܦܛܝܪܐ	naftˤejrɑʔ
ܢܦܠ	nɑfɛl
ܢܦܠ	nəfal
ܢܦܠ	nəfɛl
ܢܦܠܐ	nɑfleʔ
ܢܦܠܐ	nɑflɑʔ
ܢܦܠܐ	nɛfleʔ
ܢܦܠܐ	nɛflɑʔ
ܢܦܫܐ	nafʃɑʔ
ܢܦܫܬܐ	nafʃɑθɑʔ
ܢܨܐ	nɛsˤsˤeʔ
ܢܨܐ	nɛsˤsˤɑʔ
ܢܨܒܬܐ	nɛsˤbɑθɑ
ܢܨܒܬܐ	nɛsˤbəθɑ
ܢܩܒܬܐ	nɛqbəθɑʔ
ܢܩܒܬܐ	nɛqəvɑθɑʔ
ܢܩܘܫܐ	nɑqoʃeʔ
ܢܩܘܫܐ	nɑqoʃɑʔ
ܢܩܘܬܐ	nəqawwɑθɑʔ
ܢܩܝܐ	nəqɑjɑʔ
ܢܩܝܐ	nɛqjɑʔ
ܢܩܡܬܐ	nqamθɑ
ܢܩܡܬܐ	nqɑmθo
ܢܩܡܬܐ	nəqaməθɑ
ܢܩܡܬܐ	nɛqqɛməθɑ
ܢܩܡܬܐ	nɛqɛmθo
ܢܩܡܬܐ	nɪqqɪmθɑ
ܢܩܣܐ	nɛqse
ܢܩܣܐ	nɛqsɑ
ܢܩܥܐ	nɛqʕeʔ
ܢܩܥܐ	nɛqʕɑʔ
ܢܩܫ	nəqaʃ
ܢܩܫܬܐ	nɑqɛʃtɑʔ
ܢܩܫܬܐ	nɑqʃɑθɑʔ
ܢܩܫܬܐ	nəqɑʃtɑʔ
ܢܩܫܬܐ	nəqɑʃɑθɑʔ
ܢܪܓܐ	narəɣe
ܢܪܓܐ	narəɣɑ
ܢܪܓܐ	narɡe
ܢܪܓܐ	narɡɑ
ܢܪܓܐ	nɑrəɣe
ܢܪܓܐ	nɑrəɣɑ
ܢܪܓܐ	nɑrɡe
ܢܪܓܐ	nɑrɡɑ
ܢܪܓܝܠ	narɡil
ܢܪܣܝ	narsaj
ܢܪܩܝܣ	narqis
ܢܫܐ	nɛʃʃeʔ
ܢܫܒܐ	nəʃɑveʔ
ܢܫܒܐ	nəʃɑvɑʔ
ܢܫܒܐ	nɛʃbeʔ
ܢܫܒܐ	nɛʃbɑʔ
ܢܫܡܐ	nɛʃmeʔ
ܢܫܡܐ	nɛʃmɑʔ
ܢܫܡܬܐ	nəʃaməθɑ
ܢܫܡܬܐ	nɛʃmɑθɑ
ܢܫܪܐ	nɑʃreʔ
ܢܫܪܐ	nɑʃrɑʔ
ܢܫܪܐ	nɛʃreʔ
ܢܫܪܐ	nɛʃrɑʔ
ܢܬܠ	nɛttɛl
ܣ	s
ܣ	sɛmkaθ
ܣܐܘܢܐ	səʔuneʔ
ܣܐܘܢܐ	səʔunɑʔ
ܣܐܡܐ	semɑ
ܣܒܐ	sɑveʔ
ܣܒܐ	sɑvɑʔ
ܣܒܐ	sɛbbeʔ
ܣܒܐ	sɛbbɑʔ
ܣܒܠܬܐ	sɛbbəlɑθɑ
ܣܒܠܬܐ	sɛbbɛləθɑ
ܣܒܠܬܐ	sɛvləθɑ
ܣܒܪܐ	savrɑʔ
ܣܒܪܐ	səvɑreʔ
ܣܒܪܐ	səvɑrɑʔ
ܣܒܪܐ	sɛvrɑʔ
ܣܒܬܐ	sabbɑθɑʔ
ܣܒܬܐ	sabbəθɑʔ
ܣܒܬܐ	sɑvtɑʔ
ܣܒܬܐ	sɑvɑθɑʔ
ܣܓܘܠܐ	səɣoleʔ
ܣܓܘܠܐ	səɣolɑʔ
ܣܓܘܠܐ	səɣuleʔ
ܣܓܘܠܐ	səɣulɑʔ
ܣܕܘܡ	səðom
ܣܕܘܢܐ	sɛddoneʔ
ܣܕܘܢܐ	sɛddonɑʔ
ܣܕܝܢܐ	sɛðjɑne
ܣܕܝܢܐ	sɛðjɑnɑ
ܣܕܢܐ	saddɑneʔ
ܣܕܢܐ	saddɑnɑʔ
ܣܕܪܐ	sɛðreʔ
ܣܕܪܐ	sɛðrɑʔ
ܣܗܕܐ	sɑhəðeʔ
ܣܗܕܐ	sɑhəðɑʔ
ܣܗܕܘܬܐ	sɑhəðuθɑ
ܣܗܕܘܬܐ	sɑhəðwɑθɑ
ܣܗܕܘܬܐ	sɑhɛðwɑθɑ
ܣܗܕܬܐ	sɑhəðɑθɑ
ܣܗܕܬܐ	sɑhɛðtɑ
ܣܗܪܐ	sahrɑʔ
ܣܘܓܐܐ	soɣʔeʔ
ܣܘܓܐܐ	soɣʔɑʔ
ܣܘܓܝܬܐ	soɣiθɑʔ
ܣܘܓܝܬܐ	soɣjɑθɑʔ
ܣܘܕܪܐ	suðɑreʔ
ܣܘܕܪܐ	suðɑrɑʔ
ܣܘܛܡܐ	sutˤmeʔ
ܣܘܛܡܐ	sutˤmɑʔ
ܣܘܛܦܐ	sutˤtˤɑfeʔ
ܣܘܛܦܐ	sutˤtˤɑfɑʔ
ܣܘܟܠܐ	sukkɑleʔ
ܣܘܟܠܐ	sukkɑlɑʔ
ܣܘܟܢܐ	sawkɑneʔ
ܣܘܟܢܐ	sawkɑnɑʔ
ܣܘܟܬܐ	sawke
ܣܘܟܬܐ	sawkɑθɑ
ܣܘܟܬܐ	sawkəθɑ
ܣܘܠܦܐ	sulpeʔ
ܣܘܠܦܐ	sulpɑʔ
ܣܘܠܩܐ	sullɑqeʔ
ܣܘܠܩܐ	sullɑqɑʔ
ܣܘܡܟܐ	summɑxeʔ
ܣܘܡܟܐ	summɑxɑʔ
ܣܘܡܩܐ	summɑqe
ܣܘܡܩܐ	summɑqɑ
ܣܘܢܩܘܪ	sonqor
ܣܘܢܩܢܐ	sunqɑneʔ
ܣܘܢܩܢܐ	sunqɑnɑʔ
ܣܘܣܘܬܐ	susawwɑθɑʔ
ܣܘܣܝܐ	susawwɑθɑʔ
ܣܘܣܝܐ	susjeʔ
ܣܘܣܝܐ	susjɑʔ
ܣܘܣܝܐ	sussɑjeʔ
ܣܘܣܝܐ	sussɑjɑʔ
ܣܘܣܝܬܐ	susjɑθɑʔ
ܣܘܣܬܐ	sustɑʔ
ܣܘܥܪܢܐ	suʕrɑneʔ
ܣܘܥܪܢܐ	suʕrɑnɑʔ
ܣܘܦܐ	sawpeʔ
ܣܘܦܐ	sawpɑʔ
ܣܘܦܢܐ	sawpɑneʔ
ܣܘܦܢܐ	sawpɑnɑʔ
ܣܘܪܓܕܐ	surɡɑðeʔ
ܣܘܪܓܕܐ	surɡɑðɑʔ
ܣܘܪܗܒܐ	surhowo
ܣܘܪܗܒܐ	surhɑvɑ
ܣܘܪܗܒܐ	surhɑwɑ
ܣܘܪܛܢܐ	surtˤɑneʔ
ܣܘܪܛܢܐ	surtˤɑnɑʔ
ܣܚܐ	sħaː
ܣܚܪܬܐ	saħrɑθɑ
ܣܚܪܬܐ	sɑħartɑ
ܣܚܪܬܐ	sɑħrɑθɑ
ܣܚܪܬܐ	səħartɑ
ܣܚܪܬܐ	səħɑrtɑ
ܣܛܢܐ	sotˤono
ܣܛܢܐ	sɑtˤɑnɑ
ܣܝܒܘܬܐ	sajbuθɑʔ
ܣܝܒܘܬܐ	sajbəwɑθɑʔ
ܣܝܒܪܬܐ	sajbartɑʔ
ܣܝܒܪܬܐ	sajbɑrtɑʔ
ܣܝܒܪܬܐ	sajbɑrɑθɑʔ
ܣܝܒܪܬܐ	sajbərɑθɑʔ
ܣܝܒܬܐ	sajbɑθɑ
ܣܝܓܐ	səjɑɣe
ܣܝܓܐ	səjɑɣɑ
ܣܝܡܬܐ	simɑθɑʔ
ܣܝܡܬܐ	siməθɑʔ
ܣܝܡܬܐ	səjɑmtɑʔ
ܣܝܡܬܐ	səjɑmɑθɑʔ
ܣܝܢܐ	sinɑʔ
ܣܝܢܐ	səjɑneʔ
ܣܝܢܐ	səjɑnɑʔ
ܣܝܥܬܐ	siʕtɑʔ
ܣܝܥܬܐ	siʕɑθɑʔ
ܣܝܦܐ	sajpe
ܣܝܦܐ	sajpɑ
ܣܝܦܐ	səjɑfe
ܣܝܦܐ	səjɑfɑ
ܣܝܩܘܡܐ	se̝qome
ܣܝܩܘܡܐ	se̝qomɑ
ܣܟܐ	sɑxe
ܣܟܐ	sɑxɑ
ܣܟܐ	sɛkke
ܣܟܐ	sɛkkɑ
ܣܟܝܢܐ	sakkine
ܣܟܝܢܐ	sakkinjɑθɑ
ܣܟܝܢܐ	sakkinɑ
ܣܟܝܢܐ	sakkinɑθɑ
ܣܟܝܢܝܬܐ	sakkinjɑθɑ
ܣܟܝܢܬܐ	sakkinɑθɑ
ܣܟܠܐ	saxleʔ
ܣܟܠܐ	saxlɑʔ
ܣܟܠܐ	səxɑlɑʔ
ܣܟܠܘܬܐ	saxluθɑʔ
ܣܟܠܘܬܐ	saxləwɑθɑʔ
ܣܟܠܬܐ	saxlɑθɑʔ
ܣܟܠܬܐ	səxaltɑʔ
ܣܟܪܐ	sakkəreʔ
ܣܟܪܐ	sakkərɑʔ
ܣܟܪܐ	səxɑreʔ
ܣܟܪܐ	səxɑrɑʔ
ܣܟܬܐ	sɛkkəθɑ
ܣܠܘܐ	salweʔ
ܣܠܘܐ	salwɑʔ
ܣܠܘܝ	salwaj
ܣܠܘܦܝܬܐ	sallofiθɑʔ
ܣܠܘܦܝܬܐ	sallofjɑθɑʔ
ܣܠܘܪܐ	sallurɑ
ܣܠܘܪܐ	slorɑ
ܣܠܘܪܐ	sluro
ܣܠܘܪܐ	sɑluro
ܣܠܘܪܐ	səlorɑ
ܣܠܡܢܕܪܐ	sallammandəreʔ
ܣܠܡܢܕܪܐ	sallammandərɑʔ
ܣܠܩܐ	səlɑqeʔ
ܣܠܩܐ	səlɑqɑʔ
ܣܠܩܐ	sɛlqɑʔ
ܣܠܩܬܐ	sɛlqɑθɑʔ
ܣܡܐ	sammɑʔ
ܣܡܘܪܐ	sammureʔ
ܣܡܘܪܐ	sammurɑʔ
ܣܡܝܘܬܐ	samjuθɑʔ
ܣܡܟܐ	sɑmkeʔ
ܣܡܟܐ	sɑmkɑʔ
ܣܡܟܐ	səmɑxeʔ
ܣܡܟܐ	səmɑxɑʔ
ܣܡܠܐ	sɛmmɑleʔ
ܣܡܠܐ	sɛmmɑlɑʔ
ܣܡܡܢܐ	samməmɑneʔ
ܣܡܢܐ	sammɑneʔ
ܣܢܕܘܩܐ	sanduqe
ܣܢܕܘܩܐ	sanduqɑ
ܣܢܕܠܐ	sandɑleʔ
ܣܢܕܠܐ	sandɑlɑʔ
ܣܢܕܠܐ	sandəleʔ
ܣܢܕܠܐ	sandəlɑʔ
ܣܢܕܠܐ	sɛndɑleʔ
ܣܢܕܠܐ	sɛndɑlɑʔ
ܣܢܘܢܝܬܐ	sənoniθɑʔ
ܣܢܘܢܝܬܐ	sənonjɑθɑʔ
ܣܢܘܪܬܐ	sannurtɑ
ܣܢܘܪܬܐ	sannurɑθɑ
ܣܢܘܪܬܐ	sanwartɑ
ܣܢܘܪܬܐ	sanwərɑθɑ
ܣܢܚܪܝܒ	sanħeriv
ܣܢܚܪܝܒ	sanħɛrriv
ܣܢܝܐ	sanjɑ
ܣܢܝܐ	sənajːɑ
ܣܢܝܘܬܐ	sanjuθɑʔ
ܣܣܐ	sassɑ
ܣܣܐ	seso
ܣܣܐ	soso
ܣܣܐ	sɑso
ܣܣܐ	sɑsɑ
ܣܣܐ	sɛssɑ
ܣܣܐ	sɪssɑ
ܣܥܪܐ	saʕreʔ
ܣܥܪܐ	saʕrɑʔ
ܣܥܪܐ	səʕɑreʔ
ܣܥܪܐ	səʕɑrɑʔ
ܣܥܪܬܐ	səʕartɑ
ܣܥܪܬܐ	səʕɑre
ܣܥܪܬܐ	səʕɑrtɑ
ܣܥܪܬܐ	səʕɑrɑθɑ
ܣܥܪܬܐ	səʕɑrəθɑ
ܣܦܘܬܐ	sɛfwɑθɑʔ
ܣܦܝܠܐ	sappileʔ
ܣܦܝܠܐ	sappilɑʔ
ܣܦܝܢܐ	səfine
ܣܦܝܢܐ	səfinɑ
ܣܦܝܢܐ	sɛfjɑnɑ
ܣܦܝܢܝܬܐ	səfinjɑθɑ
ܣܦܝܢܝܬܐ	səfinɑjtɑ
ܣܦܝܢܝܬܐ	səfinɑjɑθɑ
ܣܦܝܢܬܐ	səfine
ܣܦܝܢܬܐ	səfinjɑθɑ
ܣܦܝܢܬܐ	səfinɑθɑ
ܣܦܝܢܬܐ	səfittɑ
ܣܦܠܘܛܐ	saflutˤeʔ
ܣܦܠܘܛܐ	saflutˤɑʔ
ܣܦܢܐ	sappɑne
ܣܦܢܐ	sappɑnɑ
ܣܦܢܘܬܐ	sappɑnuθɑʔ
ܣܦܣܝܪܐ	safsejre
ܣܦܣܝܪܐ	safsejrɑ
ܣܦܣܠܐ	safsəleʔ
ܣܦܣܠܐ	safsəlɑʔ
ܣܦܣܠܐ	safsɛlleʔ
ܣܦܣܠܐ	safsɛllɑʔ
ܣܦܣܪܐ	safsɑreʔ
ܣܦܣܪܐ	safsɑrɑʔ
ܣܦܪܐ	sappɑreʔ
ܣܦܪܐ	sappɑrɑʔ
ܣܦܪܐ	sɑfreʔ
ܣܦܪܐ	sɑfrɑʔ
ܣܦܪܐ	səfɑreʔ
ܣܦܪܐ	səfɑrɑʔ
ܣܦܪܐ	sɛfreʔ
ܣܦܪܐ	sɛfrɑʔ
ܣܦܪܬܐ	sappɑrtɑʔ
ܣܦܪܬܐ	sappɑrɑθɑʔ
ܣܦܪܬܐ	sɑfarəθɑʔ
ܣܦܪܬܐ	sɑfrɑθɑʔ
ܣܦܬܐ	sɛfəθɑʔ
ܣܩܐ	saqqeʔ
ܣܩܐ	saqqɑʔ
ܣܩܠܐ	saqqɑleʔ
ܣܩܠܐ	saqqɑlɑʔ
ܣܩܠܐ	səqɑleʔ
ܣܩܠܐ	səqɑlɑʔ
ܣܩܠܐ	sɛqleʔ
ܣܩܠܐ	sɛqlɑʔ
ܣܩܠܪܐ	saqqɛllɑre
ܣܩܠܪܐ	saqqɛllɑrɑ
ܣܩܪܐ	saqrɑ
ܣܩܪܐ	səqɑrɑ
ܣܪܐ	sarrɑʔ
ܣܪܒܐ	sarbeʔ
ܣܪܒܐ	sarbɑʔ
ܣܪܓܐ	sarrɑːɣeʔ
ܣܪܓܐ	sarrɑːɣɑːʔ
ܣܪܓܐ	sarɣeʔ
ܣܪܓܐ	sarɣɑːʔ
ܣܪܛܐ	sarrɑtˤeʔ
ܣܪܛܐ	sarrɑtˤɑʔ
ܣܪܛܐ	sɑrtˤeʔ
ܣܪܛܐ	sɑrtˤɑʔ
ܣܪܛܐ	sərɑtˤeʔ
ܣܪܛܐ	sərɑtˤɑʔ
ܣܪܛܐ	sɛrtˤeʔ
ܣܪܛܐ	sɛrtˤɑʔ
ܣܪܛܢܐ	sartˤɑneʔ
ܣܪܛܢܐ	sartˤɑnɑʔ
ܣܪܡܛܐ	sarmɑtˤeʔ
ܣܪܡܛܐ	sarmɑtˤɑʔ
ܣܪܢܐ	sarneʔ
ܣܪܢܐ	sarnɑʔ
ܣܬܘܐ	saθweʔ
ܣܬܘܐ	saθwɑʔ
ܥ	ʕ
ܥ	ʕeʔ
ܥܐܕܐ	ʕeʔðeʔ
ܥܐܕܐ	ʕeʔðɑʔ
ܥܒܐ	ʕabbe
ܥܒܐ	ʕabbɑ
ܥܒܐ	ʕɑve
ܥܒܐ	ʕɑvɑ
ܥܒܐ	ʕəvɑ
ܥܒܕܐ	ʕavde
ܥܒܕܐ	ʕavdɑ
ܥܒܕܐ	ʕəvɑðe
ܥܒܕܐ	ʕəvɑðɑ
ܥܒܕܘܬܐ	ʕavduθɑʔ
ܥܒܘܢܐ	ʕɑvone
ܥܒܘܢܐ	ʕɑvonɑ
ܥܒܘܪܐ	ʕɑvoreʔ
ܥܒܘܪܐ	ʕɑvorɑʔ
ܥܒܘܪܐ	ʕəvureʔ
ܥܒܘܪܐ	ʕəvurɑʔ
ܥܒܪܐ	ʕəvɑreʔ
ܥܒܪܐ	ʕəvɑrɑʔ
ܥܒܪܐ	ʕɛvreʔ
ܥܒܪܐ	ʕɛvrɑʔ
ܥܓܠ	ʕəɣal
ܥܓܠ	ʕəɣɛl
ܥܓܠܐ	ʕɛɣleʔ
ܥܓܠܐ	ʕɛɣlɑʔ
ܥܓܠܬܐ	ʕɑɣaltɑ
ܥܓܠܬܐ	ʕɑɣlɑθɑ
ܥܓܠܬܐ	ʕɑɣɛləθɑ
ܥܓܠܬܐ	ʕəɣɛltɑ
ܥܓܠܬܐ	ʕəɣɛləθɑ
ܥܓܠܬܐ	ʕɛɣlɑθɑ
ܥܕܟܝܠ	ʕəðakkejl
ܥܕܢܐ	ʕɛddɑneʔ
ܥܕܢܐ	ʕɛddɑnɑʔ
ܥܕܥܐܕܐ	ʕaðʕeʔðeʔ
ܥܕܥܐܕܐ	ʕaðʕeʔðɑʔ
ܥܕܩܬܐ	ʕɛðqəθɑʔ
ܥܕܬܐ	ʕettɑ
ܥܕܬܐ	ʕeðtɑ
ܥܕܬܐ	ʕeðɑθɑ
ܥܕܬܐ	ʕittɑ
ܥܕܬܐ	ʕiðtɑ
ܥܕܬܐ	ʕiðɑθɑ
ܥܕܬܐ	ʕɛðtɑ
ܥܘܒܐ	ʕubbeʔ
ܥܘܒܐ	ʕubbɑʔ
ܥܘܕܐ	ʕoðeʔ
ܥܘܕܐ	ʕoðɑʔ
ܥܘܕܐ	ʕuddeʔ
ܥܘܕܐ	ʕuddɑʔ
ܥܘܕܐ	ʕuðeʔ
ܥܘܕܐ	ʕuðɑʔ
ܥܘܕܪܢܐ	ʕuðrɑneʔ
ܥܘܕܪܢܐ	ʕuðrɑnɑʔ
ܥܘܗܕܢܐ	ʕuhdɑneʔ
ܥܘܗܕܢܐ	ʕuhdɑnɑʔ
ܥܘܙܐ	ʕuzzɑʔ
ܥܘܛܫܐ	ʕutˤtˤɑʃeʔ
ܥܘܛܫܐ	ʕutˤtˤɑʃɑʔ
ܥܘܛܫܬܐ	ʕutˤtˤaʃtɑ
ܥܘܛܫܬܐ	ʕutˤtˤɑʃtɑ
ܥܘܛܫܬܐ	ʕutˤʃɑθɑ
ܥܘܛܫܬܐ	ʕutˤʃəθɑ
ܥܘܠܐ	ʕawleʔ
ܥܘܠܐ	ʕawlɑʔ
ܥܘܠܐ	ʕawwɑleʔ
ܥܘܠܐ	ʕawwɑlɑʔ
ܥܘܠܐ	ʕulleʔ
ܥܘܠܐ	ʕullɑʔ
ܥܘܠܘܬܐ	ʕawwɑluθɑʔ
ܥܘܠܘܬܐ	ʕawwɑlwɑθɑʔ
ܥܘܠܘܬܐ	ʕulluθɑʔ
ܥܘܠܘܬܐ	ʕulləwɑθɑʔ
ܥܘܡܩܐ	ʕummɑqeʔ
ܥܘܡܩܐ	ʕummɑqɑʔ
ܥܘܡܩܐ	ʕumqeʔ
ܥܘܡܩܐ	ʕumqɑʔ
ܥܘܡܪܐ	ʕummɑreʔ
ܥܘܡܪܐ	ʕummɑrɑʔ
ܥܘܡܪܐ	ʕumreʔ
ܥܘܡܪܐ	ʕumrɑʔ
ܥܘܩܒܪܐ	ʕuqavreʔ
ܥܘܩܒܪܐ	ʕuqbəreʔ
ܥܘܩܒܪܐ	ʕuqbərɑʔ
ܥܘܩܒܪܐ	ʕuqɛvreʔ
ܥܘܩܒܪܬܐ	ʕuqbartɑʔ
ܥܘܩܒܪܬܐ	ʕuqbərɑθɑʔ
ܥܘܩܣܐ	ʕuqqɑseʔ
ܥܘܩܣܐ	ʕuqqɑsɑʔ
ܥܘܩܣܐ	ʕuqseʔ
ܥܘܩܣܐ	ʕuqsɑʔ
ܥܘܪܐ	ʕureʔ
ܥܘܪܐ	ʕurɑʔ
ܥܘܪܐ	ʕəwɑreʔ
ܥܘܪܐ	ʕəwɑrɑʔ
ܥܘܪܒܐ	ʕurbɑ
ܥܘܪܒܐ	ʕurrɑve
ܥܘܪܒܐ	ʕurrɑvɑ
ܥܘܪܒܐ	ʕurəve
ܥܘܪܒܐ	ʕurəvɑ
ܥܘܪܒܐ	ʕurəvɑneʔ
ܥܘܪܒܢܐ	ʕurəvɑne
ܥܘܪܠܘܬܐ	ʕurlawwɑθɑ
ܥܘܪܠܘܬܐ	ʕurluθɑ
ܥܘܪܢܝܛܐ	ʕurnitˤeʔ
ܥܘܪܢܝܛܐ	ʕurnitˤɑʔ
ܥܘܪܦܐ	ʕurpeʔ
ܥܘܪܦܐ	ʕurpɑʔ
ܥܘܪܦܐ	ʕurrɑfeʔ
ܥܘܪܦܐ	ʕurrɑfɑʔ
ܥܘܫܢܐ	ʕuʃneʔ
ܥܘܫܢܐ	ʕuʃnɑʔ
ܥܘܬܪܐ	ʕuθreʔ
ܥܘܬܪܐ	ʕuθrɑʔ
ܥܙܐ	ʕɛzzeʔ
ܥܙܐ	ʕɛzzɑʔ
ܥܙܩܬܐ	ʕɛzqɑθɑʔ
ܥܙܩܬܐ	ʕɛzqəθɑʔ
ܥܙܩܬܐ	ʕɛzzaqtɑʔ
ܥܙܩܬܐ	ʕɛzzɛqtɑʔ
ܥܙܪܘܪܐ	ʕazrureʔ
ܥܙܪܘܪܐ	ʕazrurjɑθɑʔ
ܥܙܪܘܪܐ	ʕazrurɑʔ
ܥܙܪܘܪܝܬܐ	ʕazrurjɑθɑʔ
ܥܛܡܐ	ʕatˤmɑʔ
ܥܛܡܬܐ	ʕatˤmɑθɑʔ
ܥܛܦ	ʕətˤaf
ܥܛܪܐ	ʕatˤtˤɑreʔ
ܥܛܪܐ	ʕatˤtˤɑrɑʔ
ܥܛܪܐ	ʕɛtˤreʔ
ܥܛܪܐ	ʕɛtˤrɑneʔ
ܥܛܪܐ	ʕɛtˤrɑʔ
ܥܛܪܢܐ	ʕɛtˤrɑneʔ
ܥܛܫܐ	ʕətˤɑʃɑʔ
ܥܝܒܐ	ʕajbe
ܥܝܒܐ	ʕajbɑ
ܥܝܕܐ	ʕəjɑðe
ܥܝܕܐ	ʕəjɑðɑ
ܥܝܘܬܐ	ʕajjuθɑʔ
ܥܝܘܬܐ	ʕijuθɑʔ
ܥܝܘܬܐ	ʕəjuθɑʔ
ܥܝܠܐ	ʕileʔ
ܥܝܠܐ	ʕilɑʔ
ܥܝܡܐ	ʕajme
ܥܝܡܐ	ʕajmɑ
ܥܝܢܐ	ʕajneʔ
ܥܝܢܐ	ʕajnɑʔ
ܥܝܢܐ	ʕajnɑθɑʔ
ܥܝܢܬܐ	ʕajnɑθɑʔ
ܥܟܘܒܐ	ʕakkuveʔ
ܥܟܘܒܐ	ʕakkuvɑʔ
ܥܟܪܐ	ʕaxreʔ
ܥܟܪܐ	ʕaxrɑʔ
ܥܠܘܐ	ʕalweʔ
ܥܠܘܐ	ʕalwɑʔ
ܥܠܘܐ	ʕəlɑweʔ
ܥܠܘܐ	ʕəlɑwɑʔ
ܥܠܘܐ	ʕɛllɑweʔ
ܥܠܘܐ	ʕɛllɑwɑʔ
ܥܠܘܐ	ʕɛlweʔ
ܥܠܘܐ	ʕɛlwɑʔ
ܥܠܘܠܐ	ʕɑloleʔ
ܥܠܘܠܐ	ʕɑlolɑʔ
ܥܠܝܡܐ	ʕəlajme
ܥܠܝܡܐ	ʕəlajmɑ
ܥܠܝܡܘܬܐ	ʕəlajmuθɑʔ
ܥܠܝܡܘܬܐ	ʕəlajməwɑθɑʔ
ܥܠܝܬܐ	ʕɛljɑθɑ
ܥܠܝܬܐ	ʕɛlliθɑ
ܥܠܝܬܐ	ʕɛllɑjtɑ
ܥܠܝܬܐ	ʕɛllɑjɑθɑ
ܥܠܡܐ	ʕɑlmeʔ
ܥܠܡܐ	ʕɑlmɑʔ
ܥܠܥܠܐ	ʕalʕɑleʔ
ܥܠܥܠܐ	ʕalʕɑlɑʔ
ܥܠܩܬܐ	ʕalqɑθɑ
ܥܠܩܬܐ	ʕalqəθɑ
ܥܠܩܬܐ	ʕəlaqtɑ
ܥܠܩܬܐ	ʕɛllaqtɑ
ܥܠܬܐ	ʕəlɑθɑ
ܥܠܬܐ	ʕɛlləle
ܥܠܬܐ	ʕɛlləlɑθɑʔ
ܥܠܬܐ	ʕɛlləθɑ
ܥܡ	ʕam
ܥܡܐ	ʕammɑʔ
ܥܡܒܪ	ʕambar
ܥܡܘܕܐ	ʕammuðeʔ
ܥܡܘܕܐ	ʕammuðɑʔ
ܥܡܘܕܐ	ʕɑmoðeʔ
ܥܡܘܕܐ	ʕɑmoðɑʔ
ܥܡܘܪܐ	ʕammorɑʔ
ܥܡܘܪܐ	ʕɑmoreʔ
ܥܡܘܪܐ	ʕɑmorɑʔ
ܥܡܘܪܘܬܐ	ʕɑmoruθɑʔ
ܥܡܘܪܘܬܐ	ʕɑmorwɑθɑʔ
ܥܡܘܪܝܬܐ	ʕɑmorjɑθɑʔ
ܥܡܘܪܬܐ	ʕɑmortɑʔ
ܥܡܛܢܐ	ʕamtˤɑnɑʔ
ܥܡܝܪܐ	ʕəmirɑʔ
ܥܡܝܪܬܐ	ʕəmirtɑʔ
ܥܡܠܐ	ʕamleʔ
ܥܡܠܐ	ʕamlɑʔ
ܥܡܠܐ	ʕɑmleʔ
ܥܡܠܐ	ʕɑmlɑʔ
ܥܡܡܐ	ʕamməmeʔ
ܥܡܩܐ	ʕəmɑqɑʔ
ܥܡܪܐ	ʕamrɑʔ
ܥܡܪܐ	ʕəmɑrɑʔ
ܥܡܪܢܐ	ʕamrɑneʔ
ܥܡܪܬܐ	ʕɑmarəθɑʔ
ܥܡܪܬܐ	ʕɑmrɑθɑʔ
ܥܡܬܐ	ʕamməmɑθɑ
ܥܡܬܐ	ʕamməθɑ
ܥܢܐ	ʕɑnawwɑθɑʔ
ܥܢܐ	ʕɑnɑʔ
ܥܢܐ	ʕɑnɑθɑʔ
ܥܢܒܐ	ʕɛnbɑʔ
ܥܢܒܐ	ʕɛnəveʔ
ܥܢܒܪ	ʕanbar
ܥܢܒܬܐ	ʕɛnbəθɑʔ
ܥܢܘܝܬܐ	ʕannɑwiθɑ
ܥܢܘܝܬܐ	ʕannɑwjɑθɑ
ܥܢܘܝܬܐ	ʕənawjɑθɑ
ܥܢܘܝܬܐ	ʕənawwiθɑ
ܥܢܙܐ	ʕannɑzeʔ
ܥܢܙܐ	ʕannɑzɑʔ
ܥܢܙܐ	ʕɛnzeʔ
ܥܢܙܐ	ʕɛnzɑʔ
ܥܢܢܐ	ʕannɑneʔ
ܥܢܢܐ	ʕannɑnɑʔ
ܥܢܢܐ	ʕənɑneʔ
ܥܢܢܐ	ʕənɑnɑʔ
ܥܣܒܐ	ʕɛsbɑʔ
ܥܣܒܐ	ʕɛsəveʔ
ܥܣܩܘܬܐ	ʕasquθɑʔ
ܥܣܩܘܬܐ	ʕasqəwɑθɑʔ
ܥܦܪܐ	ʕafreʔ
ܥܦܪܐ	ʕafrɑʔ
ܥܦܪܐ	ʕəfɑreʔ
ܥܦܪܐ	ʕəfɑrɑʔ
ܥܨܒܐ	ʕəsˤɑveʔ
ܥܨܒܐ	ʕəsˤɑvɑʔ
ܥܨܪܬܐ	ʕɑsˤartɑʔ
ܥܨܪܬܐ	ʕɑsˤrɑθɑʔ
ܥܨܪܬܐ	ʕəsˤɑrtɑʔ
ܥܨܪܬܐ	ʕəsˤɑrɑθɑʔ
ܥܩܐ	ʕɑqɑʔ
ܥܩܐ	ʕəqɑʔ
ܥܩܐ	ʕɛqqeʔ
ܥܩܐ	ʕɛqqɑʔ
ܥܩܒܐ	ʕəqɑveʔ
ܥܩܒܐ	ʕəqɑvɑʔ
ܥܩܒܐ	ʕɛqəveʔ
ܥܩܒܐ	ʕɛqəvɑʔ
ܥܩܒܬܐ	ʕɛqbɑθɑʔ
ܥܩܒܬܐ	ʕɛqbəθɑʔ
ܥܩܠܐ	ʕaqlɑʔ
ܥܩܠܐ	ʕəqɑlɑʔ
ܥܩܠܬܐ	ʕaqlɑθɑʔ
ܥܩܪܐ	ʕaqqɑreʔ
ܥܩܪܐ	ʕaqqɑrɑʔ
ܥܩܪܐ	ʕaqreʔ
ܥܩܪܐ	ʕaqrɑʔ
ܥܩܪܐ	ʕəqɑrɑʔ
ܥܩܪܐ	ʕɛqqɑreʔ
ܥܩܪܐ	ʕɛqqɑrɑʔ
ܥܩܪܐ	ʕɛqrɑʔ
ܥܩܪܒܐ	ʕəqarbeʔ
ܥܩܪܒܐ	ʕəqarbɑʔ
ܥܩܪܒܐ	ʕɛqqarbeʔ
ܥܩܪܒܐ	ʕɛqqarbɑʔ
ܥܩܪܘܩܐ	ʕaqruqeʔ
ܥܩܪܘܩܐ	ʕaqruqɑʔ
ܥܪܐ	ʕarreʔ
ܥܪܐ	ʕarrɑʔ
ܥܪܐ	ʕɑreʔ
ܥܪܐ	ʕɑrɑʔ
ܥܪܒܐ	ʕarbe
ܥܪܒܐ	ʕarrɑvɑ
ܥܪܒܐ	ʕarrɑwɑ
ܥܪܒܐ	ʕarwɑ
ܥܪܒܐ	ʕarəvɑ
ܥܪܒܐ	ʕorowo
ܥܪܒܐ	ʕrowo
ܥܪܒܐ	ʕrɑwɑ
ܥܪܒܐ	ʕɑrbe
ܥܪܒܐ	ʕɑrowo
ܥܪܒܐ	ʕɑrwo
ܥܪܒܐ	ʕɑrɑvɑ
ܥܪܒܐ	ʕɑrɑwɑ
ܥܪܒܐ	ʕərɑvɑ
ܥܪܒܐ	ʕɛrbo
ܥܪܒܐ	ʕɛrbɑ
ܥܪܒܐ	ʕɪrbɑ
ܥܪܒܬܐ	ʕarbəθɑ
ܥܪܒܬܐ	ʕarbθɑ
ܥܪܒܬܐ	ʕarrɑvtɑ
ܥܪܒܬܐ	ʕarrɑwtɑ
ܥܪܒܬܐ	ʕrawtɑ
ܥܪܒܬܐ	ʕrɑwto
ܥܪܒܬܐ	ʕɑrbθo
ܥܪܒܬܐ	ʕɑrowto
ܥܪܒܬܐ	ʕəravtɑ
ܥܪܕܐ	ʕarde
ܥܪܕܐ	ʕardɑ
ܥܪܕܐ	ʕəradde
ܥܪܕܐ	ʕəraddɑ
ܥܪܕܐ	ʕərɑðe
ܥܪܕܐ	ʕərɑðɑ
ܥܪܘܒܬܐ	ʕəruvtɑʔ
ܥܪܘܒܬܐ	ʕəruvtɑθɑʔ
ܥܪܘܒܬܐ	ʕəruvɑθɑʔ
ܥܪܘܒܬܬܐ	ʕəruvtɑθɑʔ
ܥܪܙܠܐ	ʕarzɑlɑ
ܥܪܙܠܐ	ʕɑrzolo
ܥܪܝܬܐ	ʕərɑjtɑʔ
ܥܪܝܬܐ	ʕərɑjɑθɑʔ
ܥܪܡܐ	ʕarmɑ
ܥܪܡܐ	ʕɑrmo
ܥܪܣܐ	ʕarsɑʔ
ܥܪܣܘܬܐ	ʕarsawwɑθɑʔ
ܥܪܣܬܐ	ʕarsɑθɑʔ
ܥܪܦܠܐ	ʕarpɛlleʔ
ܥܪܦܠܐ	ʕarpɛllɑʔ
ܥܪܦܬܐ	ʕarpɑθɑʔ
ܥܪܦܬܐ	ʕarpəθɑʔ
ܥܪܩܘܒܐ	ʕarqubbeʔ
ܥܪܩܘܒܐ	ʕarqubbɑʔ
ܥܪܩܬܐ	ʕarqe
ܥܪܩܬܐ	ʕarqɑθɑ
ܥܪܩܬܐ	ʕəraqtɑ
ܥܪܩܬܐ	ʕɛrraqtɑ
ܥܪܫܐ	ʕarʃeʔ
ܥܪܫܐ	ʕarʃɑʔ
ܥܫܐ	ʕaʃʃeʔ
ܥܫܐ	ʕaʃʃɑʔ
ܥܬܝܕܘܬܐ	ʕəθiðuθɑʔ
ܥܬܝܩܘܬܐ	ʕattiquθɑ
ܥܬܝܪܘܬܐ	ʕattiruθɑʔ
ܦ	f
ܦ	p
ܦ	peʔ
ܦܐܪܐ	paʔreʔ
ܦܐܪܐ	paʔrɑʔ
ܦܐܪܐ	peʔreʔ
ܦܐܪܐ	peʔrɑʔ
ܦܐܬܐ	paʔθɑʔ
ܦܐܬܐ	peʔθɑʔ
ܦܓܐ	paɡɡeʔ
ܦܓܐ	paɡɡɑʔ
ܦܓܐܢܐ	paɡɡɑʔneʔ
ܦܓܐܢܐ	paɡɡɑʔnɑʔ
ܦܓܥܐ	pɛɣʕo
ܦܓܥܐ	pɛɣʕɑ
ܦܓܥܐ	pɪɣʕɑ
ܦܓܪܐ	fɑɣro
ܦܓܪܐ	paɣrɑ
ܦܕܢܐ	paddɑne
ܦܕܢܐ	paddɑnɑ
ܦܗܕܐ	pahdeʔ
ܦܗܕܐ	pahdɑʔ
ܦܘܓܠܐ	puɣle
ܦܘܓܠܐ	puɣlɑ
ܦܘܕܐ	pawdeʔ
ܦܘܕܐ	pawdɑʔ
ܦܘܚܐ	pawħeʔ
ܦܘܚܐ	pawħɑʔ
ܦܘܚܐ	puħeʔ
ܦܘܚܐ	puħħeʔ
ܦܘܚܐ	puħħɑʔ
ܦܘܚܐ	puħɑʔ
ܦܘܚܕܐ	puħde
ܦܘܚܕܐ	puħdɑ
ܦܘܚܪܐ	puħreʔ
ܦܘܚܪܐ	puħrɑʔ
ܦܘܚܪܐ	puħħɑreʔ
ܦܘܚܪܐ	puħħɑrɑʔ
ܦܘܠܐ	puleʔ
ܦܘܠܐ	pulɑʔ
ܦܘܠܕ	pulɑð
ܦܘܠܚܢܐ	pulħɑneʔ
ܦܘܠܚܢܐ	pulħɑnɑʔ
ܦܘܡܐ	pume
ܦܘܡܐ	pumɑ
ܦܘܢܝܐ	punnɑjeʔ
ܦܘܢܝܐ	punnɑjɑʔ
ܦܘܣܩܢܐ	pusqɑneʔ
ܦܘܣܩܢܐ	pusqɑnɑʔ
ܦܘܩܕܢܐ	puqqəðɑnɑ
ܦܘܪܙܠܐ	purzəleʔ
ܦܘܪܙܠܐ	purzəlɑʔ
ܦܘܪܢܣܐ	purnɑseʔ
ܦܘܪܢܣܐ	purnɑsɑʔ
ܦܘܪܣܐ	purrɑseʔ
ܦܘܪܣܐ	purrɑsɑʔ
ܦܘܪܣܐ	purseʔ
ܦܘܪܣܐ	pursɑʔ
ܦܘܪܦܥܐ	purpɑʕe
ܦܘܪܦܥܐ	purpɑʕɑ
ܦܘܪܩܢܐ	purqɑne
ܦܘܪܩܢܐ	purqɑnɑ
ܦܘܪܫܐ	purrɑʃeʔ
ܦܘܪܫܐ	purrɑʃɑʔ
ܦܘܪܬܥܢܐ	purtaʕne
ܦܘܪܬܥܢܐ	purtaʕnɑ
ܦܘܫܟܐ	puʃʃɑxeʔ
ܦܘܫܟܐ	puʃʃɑxɑʔ
ܦܘܫܩܐ	puʃʃɑqeʔ
ܦܘܫܩܐ	puʃʃɑqɑʔ
ܦܘܬܩܐ	puttəqe
ܦܘܬܩܐ	puttəqɑ
ܦܙܐ	pɛzzeʔ
ܦܙܐ	pɛzzɑʔ
ܦܚܐ	paħħe
ܦܚܐ	paħħɑ
ܦܚܪܐ	paħħɑreʔ
ܦܚܪܐ	paħħɑrɑʔ
ܦܛܘܪܝܬܐ	pɛtˤtˤorjɑθɑʔ
ܦܛܘܪܬܐ	pɛtˤtˤortɑʔ
ܦܛܝܚܐ	patˤtˤiħe
ܦܛܝܚܐ	patˤtˤiħɑ
ܦܛܝܪܐ	patˤtˤireʔ
ܦܛܝܪܐ	patˤtˤirɑʔ
ܦܛܠ	pətˤal
ܦܛܩܐ	pɛtˤqeʔ
ܦܛܩܐ	pɛtˤqɑʔ
ܦܛܪܘܣ	pɛtˤros
ܦܛܪܝܪܟܐ	patˤrijarkeʔ
ܦܛܪܝܪܟܐ	patˤrijarko
ܦܛܪܝܪܟܐ	patˤrijarkɑʔ
ܦܛܪܝܪܟܐ	pɑtˤarjarkeʔ
ܦܛܪܝܪܟܐ	pɑtˤarjarko
ܦܛܪܝܪܟܐ	pɑtˤarjarkɑʔ
ܦܝܓܢܐ	pejɡɑnɑ
ܦܝܘܣܝܓ	pəjosiɣ
ܦܝܙܐ	pajzeʔ
ܦܝܙܐ	pajzɑʔ
ܦܝܠܐ	fijalɑ
ܦܝܠܐ	fijɑlajje
ܦܝܠܐ	fijɑlas
ܦܝܠܐ	fijɑle
ܦܝܠܐ	fijɑlɑ
ܦܝܠܐ	pile
ܦܝܠܐ	pilɑ
ܦܝܠܐ	pəjɑle
ܦܝܠܐ	pəjɑlɑ
ܦܝܠܘܣܘܦܐ	pilosofeʔ
ܦܝܠܘܣܘܦܐ	pilosofɑʔ
ܦܝܠܘܣܘܦܬܐ	pilosoftɑʔ
ܦܝܠܘܣܘܦܬܐ	pilosofɑθɑʔ
ܦܝܢܟܐ	pinəxeʔ
ܦܝܢܟܐ	pinəxɑʔ
ܦܝܣܐ	piseʔ
ܦܝܣܐ	pisɑʔ
ܦܝܣܐ	pəjɑseʔ
ܦܝܣܐ	pəjɑsɑʔ
ܦܟܐ	pakkeʔ
ܦܟܐ	pakkɑʔ
ܦܠܐܬܐ	pəleʔθɑʔ
ܦܠܐܬܐ	pɛlleʔθɑʔ
ܦܠܐܬܐ	pɛlʔɑθɑʔ
ܦܠܓܐ	pɑlɡeʔ
ܦܠܓܐ	pɑlɡɑʔ
ܦܠܓܐ	pəlaɡɡeʔ
ܦܠܓܐ	pəlaɡɡɑʔ
ܦܠܓܐ	pəlɑɣeʔ
ܦܠܓܐ	pəlɑɣɑʔ
ܦܠܓܐ	pɛlləɣeʔ
ܦܠܓܐ	pɛlɡeʔ
ܦܠܓܐ	pɛlɡɑʔ
ܦܠܓܘܬܐ	palɡuθɑʔ
ܦܠܓܘܬܐ	palɡəwɑθɑʔ
ܦܠܓܘܬܐ	pɑlaɣwɑθɑʔ
ܦܠܓܘܬܐ	pɑlɡuθɑʔ
ܦܠܓܘܬܐ	pɑlɡəwɑθɑʔ
ܦܠܓܘܬܐ	pɛlɡuθɑʔ
ܦܠܓܘܬܐ	pɛlɡəwɑθɑʔ
ܦܠܓܡܐ	pəlɛɣmeʔ
ܦܠܓܡܐ	pəlɛɣmɑtˤɑʔ
ܦܠܓܡܐ	pəlɛɣmɑʔ
ܦܠܙܐ	pəlɛzzɑʔ
ܦܠܚܐ	pallɑħeʔ
ܦܠܚܐ	pallɑħɑʔ
ܦܠܚܐ	pɑlaħwɑθɑʔ
ܦܠܚܐ	pɑlħeʔ
ܦܠܚܐ	pɑlħɑʔ
ܦܠܚܬܐ	pallɑħtɑʔ
ܦܠܚܬܐ	pallɑħɑθɑʔ
ܦܠܚܬܐ	palħɑθɑʔ
ܦܠܚܬܐ	pɑlaħwɑθɑʔ
ܦܠܚܬܐ	pɑlħɑθɑʔ
ܦܠܚܬܐ	pɑlħəθɑʔ
ܦܠܚܬܐ	pəlaħəθɑʔ
ܦܠܝܛܐ	pallejtˤeʔ
ܦܠܝܛܐ	pallitˤeʔ
ܦܠܝܛܐ	pallitˤɑʔ
ܦܠܢ	pəlɑn
ܦܠܢܝܬܐ	pəlɑniθɑʔ
ܦܠܢܝܬܐ	pəlɑnjɑθɑʔ
ܦܠܥܐ	pəlɑʕɑʔ
ܦܠܥܐ	pɛlʕeʔ
ܦܠܥܐ	pɛlʕɑʔ
ܦܠܦܠܐ	pɛlpəleʔ
ܦܠܦܠܐ	pɛlpəlɑʔ
ܦܢܐ	pannɑʔ
ܦܢܐ	pənɑʔ
ܦܢܕܩܐ	pɑndəqeʔ
ܦܢܕܩܐ	pɑndəqɑʔ
ܦܢܕܩܐ	pɛndəqeʔ
ܦܢܕܩܐ	pɛndəqɑʔ
ܦܢܝܬܐ	pəniθɑʔ
ܦܢܝܬܐ	pənɑjtɑʔ
ܦܢܝܬܐ	pənɑjɑθɑʔ
ܦܢܝܬܐ	pɛnjɑθɑʔ
ܦܢܩܝܕܬܐ	pɛnqiðtɑʔ
ܦܢܩܝܕܬܐ	pɛnqiðɑθɑʔ
ܦܢܬܐ	pannəθɑʔ
ܦܣܘܩܐ	pɑsoqeʔ
ܦܣܘܩܐ	pɑsoqɑʔ
ܦܣܡܐ	fɑsmo
ܦܣܡܐ	fɑsmɑ
ܦܣܡܐ	pasmɑ
ܦܣܡܐ	pɑsmɑ
ܦܣܣܐ	pəsɑseʔ
ܦܣܣܐ	pəsɑsɑʔ
ܦܣܦܣܐ	pɛspəseʔ
ܦܣܦܣܐ	pɛspəsɑʔ
ܦܣܩܝܬܐ	pɛsqiθɑʔ
ܦܣܩܝܬܐ	pɛsqəjɑθɑʔ
ܦܣܬܐ	passeʔ
ܦܣܬܐ	passɑθɑʔ
ܦܣܬܐ	passəθɑʔ
ܦܣܬܐ	pɛsseʔ
ܦܣܬܐ	pɛssɑθɑʔ
ܦܣܬܐ	pɛssəθɑʔ
ܦܥܠܐ	pɑʕleʔ
ܦܥܠܐ	pɑʕlɑʔ
ܦܥܠܐ	pəʕɑlɑʔ
ܦܥܠܬܐ	pɑʕlɑθɑʔ
ܦܥܠܬܐ	pɑʕləθɑʔ
ܦܥܪܐ	paʕreʔ
ܦܥܪܐ	paʕrɑʔ
ܦܥܪܐ	pɑʕreʔ
ܦܥܪܐ	pɑʕrɑʔ
ܦܥܪܐ	pəʕɑrɑʔ
ܦܥܪܐ	pɛʕreʔ
ܦܥܪܐ	pɛʕrɑʔ
ܦܦܐ	pɑpəpeʔ
ܦܦܐ	pɑpəpɑʔ
ܦܨܝܕܐ	pəsˤiðeʔ
ܦܨܝܕܐ	pəsˤiðɑʔ
ܦܩܚܐ	paqqɑħeʔ
ܦܩܚܐ	paqqɑħɑʔ
ܦܩܚܐ	paqħeʔ
ܦܩܚܐ	paqħɑʔ
ܦܩܚܐ	pɛqħeʔ
ܦܩܚܐ	pɛqħɑʔ
ܦܩܥܐ	paqʕeʔ
ܦܩܥܐ	paqʕɑʔ
ܦܩܥܐ	pɛqʕeʔ
ܦܩܥܐ	pɛqʕɑʔ
ܦܩܥܬܐ	paqʕɑθɑʔ
ܦܩܥܬܐ	pəqaʕtɑʔ
ܦܩܪܐ	paqqɑreʔ
ܦܩܪܐ	paqqɑrɑʔ
ܦܩܪܐ	paqreʔ
ܦܩܪܐ	paqrɑʔ
ܦܩܪܐ	pəqɑrɑʔ
ܦܪܐ	parreʔ
ܦܪܐ	parrɑʔ
ܦܪܐ	pɑreʔ
ܦܪܐ	pɑrɑʔ
ܦܪܐ	pərɑʔ
ܦܪܕܝܣܐ	pardajseʔ
ܦܪܕܝܣܐ	pardajsɑʔ
ܦܪܕܬܐ	pərɛdtɑʔ
ܦܪܕܬܐ	pərɛðtɑʔ
ܦܪܘܓܐ	parruɣeʔ
ܦܪܘܓܐ	parruɣɑʔ
ܦܪܘܩܐ	pɑroqeʔ
ܦܪܘܩܐ	pɑroqɑʔ
ܦܪܘܫܐ	pɑroʃeʔ
ܦܪܘܫܐ	pɑroʃɑʔ
ܦܪܙܠܐ	parzəleʔ
ܦܪܙܠܐ	parzəlɑʔ
ܦܪܚ	pəraħ
ܦܪܚܕܘܕܐ	pəraħduðeʔ
ܦܪܚܕܘܕܐ	pəraħduðɑʔ
ܦܪܚܬܐ	pɑraħəθɑ
ܦܪܚܬܐ	pɑrħɑθɑ
ܦܪܝܣܬܐ	pəristɑʔ
ܦܪܝܣܬܐ	pərisɑθɑʔ
ܦܪܟܐ	parrɑxe
ܦܪܟܐ	parrɑxɑ
ܦܪܟܐ	pɑrəxɑ
ܦܪܟܐ	pərakke
ܦܪܟܐ	pərakkɑ
ܦܪܟܐ	pərɑxe
ܦܪܟܐ	pərɑxɑ
ܦܪܟܐ	pɛrke
ܦܪܟܐ	pɛrkɑ
ܦܪܣܐ	pɑrseʔ
ܦܪܣܐ	pɑrsɑʔ
ܦܪܣܐ	pərɑseʔ
ܦܪܣܐ	pərɑsɑʔ
ܦܪܣܐ	pɛrseʔ
ܦܪܣܐ	pɛrsɑʔ
ܦܪܣܬܩܐ	pərɛstəqeʔ
ܦܪܣܬܩܐ	pərɛstəqɑʔ
ܦܪܥܘܢ	pɛrʕon
ܦܪܨܘܦܐ	parsˤofɑ
ܦܪܨܘܦܐ	parsˤopɑ
ܦܪܨܘܦܐ	pɑrsˤufo
ܦܪܫܐ	parrɑʃeʔ
ܦܪܫܐ	parrɑʃɑʔ
ܦܪܫܐ	pərɑʃeʔ
ܦܪܫܐ	pərɑʃɑʔ
ܦܫܟܐ	pɛʃkeʔ
ܦܫܟܐ	pɛʃkɑʔ
ܦܫܟܐ	pɛʃəxeʔ
ܦܫܟܐ	pɛʃəxɑʔ
ܦܫܦܫܐ	paʃpəʃeʔ
ܦܫܦܫܐ	paʃpəʃɑʔ
ܦܫܦܫܐ	paʃpɛʃʃeʔ
ܦܫܦܫܐ	paʃpɛʃʃɑʔ
ܦܫܦܫܐ	pɛʃpəʃeʔ
ܦܫܦܫܐ	pɛʃpəʃɑʔ
ܦܫܪܐ	pəʃɑreʔ
ܦܫܪܐ	pəʃɑrɑʔ
ܦܫܪܬܐ	pəʃartɑʔ
ܦܫܪܬܐ	pəʃɑrtɑʔ
ܦܬܓܡܐ	pɛθəɣɑmeʔ
ܦܬܓܡܐ	pɛθəɣɑmɑʔ
ܦܬܘܪܐ	pɑθure
ܦܬܘܪܐ	pɑθurɑ
ܦܬܚܐ	pɑθħeʔ
ܦܬܚܐ	pɑθħɑʔ
ܦܬܚܐ	pəθɑħeʔ
ܦܬܚܐ	pəθɑħɑʔ
ܦܬܚܐ	pɛθħeʔ
ܦܬܚܐ	pɛθħɑʔ
ܦܬܟܪܐ	pəθaxre
ܦܬܟܪܐ	pəθaxrɑ
ܦܬܠܐ	pəθɑlɑʔ
ܦܬܢܐ	pattɑne
ܦܬܢܐ	pattɑnɑ
ܦܬܢܐ	paθne
ܦܬܢܐ	paθnɑ
ܦܬܢܐ	pɛθne
ܦܬܢܐ	pɛθnɑ
ܦܬܩܐ	pəθɑqeʔ
ܦܬܩܐ	pəθɑqɑʔ
ܦܬܩܐ	pɛθqeʔ
ܦܬܩܐ	pɛθqɑʔ
ܨ	sˤ
ܨ	sˤɑðeʔ
ܨܐܬܐ	sˤɑʔθeʔ
ܨܐܬܐ	sˤɑʔθɑʔ
ܨܒܝܢܐ	sˤɛvjɑneʔ
ܨܒܝܢܐ	sˤɛvjɑnɑʔ
ܨܒܝܢܝܘܬܐ	sˤɛvjɑnɑjuθɑʔ
ܨܒܥܐ	sˤabbɑʕeʔ
ܨܒܥܐ	sˤabbɑʕɑʔ
ܨܒܥܐ	sˤəvɑʕeʔ
ܨܒܥܐ	sˤəvɑʕɑʔ
ܨܒܥܐ	sˤɛvʕeʔ
ܨܒܥܐ	sˤɛvʕɑʔ
ܨܒܥܐ	sˤɛvʕɑθɑʔ
ܨܒܥܘܬܐ	sˤabbɑʕuθɑʔ
ܨܒܥܬܐ	sˤɛvʕɑθɑʔ
ܨܕܥܐ	sˤaðʕeʔ
ܨܕܥܐ	sˤaðʕɑʔ
ܨܕܥܐ	sˤɛðʕeʔ
ܨܕܥܐ	sˤɛðʕɑʔ
ܨܗܘܐ	sˤahwɑʔ
ܨܘܒܐ	sˤawbeʔ
ܨܘܒܐ	sˤawbɑʔ
ܨܘܝܒܐ	sˤujjɑve
ܨܘܝܒܐ	sˤujjɑvɑ
ܨܘܡܐ	sˤawmeʔ
ܨܘܡܐ	sˤawmɑʔ
ܨܘܡܪܐ	sˤumreʔ
ܨܘܡܪܬܐ	sˤumrɑθɑʔ
ܨܘܨܝܬܐ	sˤusˤiθɑ
ܨܘܨܝܬܐ	sˤusˤjɑθɑ
ܨܘܪܐ	sˤawre
ܨܘܪܐ	sˤawrɑ
ܨܘܪܐ	sˤure
ܨܘܪܐ	sˤurɑ
ܨܘܪܐ	sˤəwɑrɑ
ܨܘܪܬܐ	sˤurtɑʔ
ܨܘܪܬܐ	sˤurɑθɑʔ
ܨܘܪܬܐ	sˤɑwartɑʔ
ܨܘܬܐ	sˤawteʔ
ܨܘܬܐ	sˤawtɑʔ
ܨܘܬܐ	sˤawəθeʔ
ܨܘܬܐ	sˤawəθɑʔ
ܨܚܘܐ	sˤaħwɑʔ
ܨܚܚܐ	sˤəħɑħeʔ
ܨܚܚܐ	sˤəħɑħɑʔ
ܨܝܕܐ	sˤajdeʔ
ܨܝܕܐ	sˤajdɑʔ
ܨܝܕܐ	sˤajjɑðeʔ
ܨܝܕܐ	sˤajjɑðɑʔ
ܨܝܕܬܐ	sˤajjɑðtɑʔ
ܨܝܕܬܐ	sˤajjɑðɑθɑʔ
ܨܝܕܬܐ	sˤəjɑðtɑʔ
ܨܝܕܬܐ	sˤəjɑðɑθɑʔ
ܨܝܪܐ	sˤajjɑreʔ
ܨܝܪܐ	sˤajjɑrɑʔ
ܨܝܪܐ	sˤajreʔ
ܨܝܪܐ	sˤajrɑʔ
ܨܝܪܐ	sˤireʔ
ܨܝܪܐ	sˤirɑʔ
ܨܝܪܐ	sˤɑjreʔ
ܨܝܪܐ	sˤɑjrɑʔ
ܨܝܪܐ	sˤəjɑreʔ
ܨܝܪܐ	sˤəjɑrɑʔ
ܨܠܘܬܐ	sˤəlawwɑθɑ
ܨܠܘܬܐ	sˤəloθɑ
ܨܠܝ	sˤalɛ
ܨܠܝܒܐ	sˤəliveʔ
ܨܠܝܒܐ	sˤəlivɑʔ
ܨܠܡܐ	sˤalmeʔ
ܨܠܡܐ	sˤalmɑʔ
ܨܡ	sˤam
ܨܡܘܪܬܐ	sˤumreʔ
ܨܡܘܪܬܐ	sˤumrɑθɑʔ
ܨܡܘܪܬܐ	sˤɑmortɑʔ
ܨܡܘܪܬܐ	sˤɑmorɑθɑʔ
ܨܡܘܪܬܐ	sˤəmurtɑʔ
ܨܡܨܡܐ	sˤamsˤɑmeʔ
ܨܡܨܡܐ	sˤamsˤɑmɑʔ
ܨܢܕܘܩܐ	sˤanduqe
ܨܢܕܘܩܐ	sˤanduqɑ
ܨܢܪܬܐ	sˤɛnnɑrtɑʔ
ܨܦܘܢܐ	sˤapponɑʔ
ܨܦܪܐ	sˤafrawwɑθɑʔ
ܨܦܪܐ	sˤafreʔ
ܨܦܪܐ	sˤafrɑʔ
ܨܦܪܐ	sˤappɑreʔ
ܨܦܪܐ	sˤappɑrɑʔ
ܨܦܪܐ	sˤɛppəreʔ
ܨܦܪܐ	sˤɛppərɑʔ
ܨܦܪܘܬܐ	sˤafrawwɑθɑʔ
ܨܦܬܐ	sˤɛfteʔ
ܨܦܬܐ	sˤɛftɑʔ
ܨܦܬܐ	sˤɛfəθeʔ
ܨܦܬܐ	sˤɛfəθɑʔ
ܨܦܬܐ	sˤɛppəθɑʔ
ܨܨܐ	sˤɛsˤsˤeʔ
ܨܨܐ	sˤɛsˤsˤɑʔ
ܨܨܠܐ	sˤesˤəleʔ
ܨܨܠܐ	sˤesˤəlɑʔ
ܨܨܠܐ	sˤɛsˤsˤəleʔ
ܨܨܠܐ	sˤɛsˤsˤəlɑʔ
ܨܨܪܐ	sˤesˤreʔ
ܨܨܪܐ	sˤesˤrɑʔ
ܨܪܘܝܐ	sˤɑrojeʔ
ܨܪܘܝܐ	sˤɑrojɑʔ
ܨܪܨܘܪܐ	sˤarsˤureʔ
ܨܪܨܘܪܐ	sˤarsˤurɑʔ
ܨܬܪܐ	sˤɑθre
ܨܬܪܐ	sˤɑθrɑ
ܩ	q
ܩ	qof
ܩܐܛܐ	qeʔtˤe
ܩܐܛܐ	qeʔtˤɑ
ܩܐܪܣܐ	qeʔrseʔ
ܩܐܪܣܐ	qeʔrsɑʔ
ܩܒܐ	qabbeʔ
ܩܒܐ	qabbɑʔ
ܩܒܐ	qəveʔ
ܩܒܘܪܐ	qɑvoreʔ
ܩܒܘܪܐ	qɑvorɑʔ
ܩܒܘܪܐ	qəvureʔ
ܩܒܘܪܐ	qəvurɑʔ
ܩܒܘܪܬܐ	qəvurtɑʔ
ܩܒܘܪܬܐ	qəvurɑθɑʔ
ܩܒܝܬܐ	qabbiθɑ
ܩܒܝܬܐ	qavjɑθɑ
ܩܒܝܬܐ	qɑviθɑ
ܩܒܝܬܐ	qɑvjɑθɑ
ܩܒܝܬܐ	qəvɑjtɑ
ܩܒܝܬܐ	qəvɑjɑθɑ
ܩܒܝܬܐ	qɛbbiθɑ
ܩܒܝܬܐ	qɛvjɑθɑ
ܩܒܪܐ	qabbɑrɑ
ܩܒܪܐ	qavrɑ
ܩܒܪܐ	qawrɑ
ܩܒܪܐ	qɑboro
ܩܒܪܐ	qɑwro
ܩܕܝܫܘܬܐ	qaddiʃuθɑʔ
ܩܕܠܐ	qəðɑleʔ
ܩܕܠܐ	qəðɑlɑʔ
ܩܕܡ	qəðam
ܩܕܡ	qəðɑm
ܩܕܡܐ	qaðmeʔ
ܩܕܡܐ	qaðmɑʔ
ܩܕܡܐ	qɑðmeʔ
ܩܕܡܐ	qɑðmɑʔ
ܩܕܡܐ	qəðɑmeʔ
ܩܕܡܐ	qəðɑmɑʔ
ܩܕܡܝܘܬܐ	qaðmɑjuθɑʔ
ܩܕܣܐ	qaddəse
ܩܕܣܐ	qaddəsɑ
ܩܕܣܐ	qadse
ܩܕܣܐ	qadsɑ
ܩܕܪܐ	qaddɑreʔ
ܩܕܪܐ	qaddɑrɑʔ
ܩܕܪܐ	qaðreʔ
ܩܕܪܐ	qaðrɑʔ
ܩܕܪܐ	qɛðreʔ
ܩܕܪܐ	qɛðrɑʔ
ܩܕܪܐ	qɛðrɑθɑʔ
ܩܗܘܐ	qahwɑʔ
ܩܗܪܒܝ	qahrəvɑj
ܩܘܒܬܐ	qubbəθɑ
ܩܘܕܫܐ	quddɑʃeʔ
ܩܘܕܫܐ	quddɑʃɑʔ
ܩܘܕܫܐ	quðʃeʔ
ܩܘܕܫܐ	quðʃɑʔ
ܩܘܘܙܐ	quwɑzeʔ
ܩܘܘܙܐ	quwɑzɑʔ
ܩܘܙܐ	quzeʔ
ܩܘܙܐ	quzɑʔ
ܩܘܚܐ	qawħe
ܩܘܚܐ	qawħɑ
ܩܘܚܐ	quħe
ܩܘܚܐ	quħɑ
ܩܘܛܠܐ	qutˤtˤɑleʔ
ܩܘܛܠܐ	qutˤtˤɑlɑʔ
ܩܘܛܢܐ	qutˤneʔ
ܩܘܛܢܐ	qutˤnɑʔ
ܩܘܠܘܢ	qolon
ܩܘܠܘܬܐ	qolawwɑθɑʔ
ܩܘܠܣܐ	qullɑseʔ
ܩܘܠܣܐ	qullɑsɑʔ
ܩܘܡ	qom
ܩܘܡܐ	qawme
ܩܘܡܐ	qawmɑ
ܩܘܡܐ	qomːɑ
ܩܘܡܬܐ	qawmɑθɑʔ
ܩܘܡܬܐ	qawməθɑʔ
ܩܘܥܐ	quʕeʔ
ܩܘܥܐ	quʕɑʔ
ܩܘܦܐ	qofeʔ
ܩܘܦܐ	qofɑʔ
ܩܘܦܕܐ	qoppəðeʔ
ܩܘܦܕܐ	qoppəðɑʔ
ܩܘܦܕܐ	qufdeʔ
ܩܘܦܕܐ	qufdɑʔ
ܩܘܦܕܐ	quppədeʔ
ܩܘܦܕܐ	quppədɑʔ
ܩܘܦܕܐ	quppəðeʔ
ܩܘܦܕܐ	quppəðɑʔ
ܩܘܦܝܢܐ	qofineʔ
ܩܘܦܝܢܐ	qofinɑʔ
ܩܘܦܪܘܣ	qofros
ܩܘܦܪܘܣ	qufros
ܩܘܦܫܝܢܐ	qufʃineʔ
ܩܘܦܫܝܢܐ	qufʃinɑʔ
ܩܘܩܢܘܣ	quqnos
ܩܘܪܐܢ	qurʔan
ܩܘܪܐܢ	qurʔɑn
ܩܘܪܒܐ	qurbɑʔ
ܩܘܪܒܐ	qurrɑveʔ
ܩܘܪܒܐ	qurrɑvɑʔ
ܩܘܪܒܢܐ	qurbɑneʔ
ܩܘܪܒܢܐ	qurbɑnɑʔ
ܩܘܪܠܐ	qorleʔ
ܩܘܪܠܐ	qorlɑʔ
ܩܘܪܠܐ	qurleʔ
ܩܘܪܠܐ	qurlɑʔ
ܩܘܪܡܐ	qormeʔ
ܩܘܪܡܐ	qormɑʔ
ܩܘܪܢܝܬܐ	qurniθɑʔ
ܩܘܪܢܝܬܐ	qurnəjɑθɑʔ
ܩܘܪܨܠܐ	qursˤɑleʔ
ܩܘܪܨܠܐ	qursˤɑlɑʔ
ܩܘܪܨܠܐ	qursˤəleʔ
ܩܘܪܨܠܐ	qursˤəlɑʔ
ܩܘܪܩܒܢܐ	qurqəvɑneʔ
ܩܘܪܩܒܢܐ	qurqəvɑnɑʔ
ܩܘܪܫܐ	qurrɑʃɑʔ
ܩܘܪܫܐ	qurʃɑʔ
ܩܘܫܝܐ	quʃʃɑjɑʔ
ܩܘܫܪܐ	quʃreʔ
ܩܘܫܪܐ	quʃrɑʔ
ܩܘܫܬܐ	qoʃtɑʔ
ܩܘܫܬܐ	quʃtɑʔ
ܩܙ	qaz
ܩܙܙܐ	qazzɑzɑʔ
ܩܛܐ	qatˤtˤeʔ
ܩܛܐ	qatˤtˤɑʔ
ܩܛܐ	qatˤwɑθɑʔ
ܩܛܐ	qɑtˤeʔ
ܩܛܐ	qɑtˤɑʔ
ܩܛܐ	qɛtˤtˤeʔ
ܩܛܐܒܢ	qatˤtˤɑʔbɑn
ܩܛܘ	qatˤtˤu
ܩܛܘܠܐ	qɑtˤoleʔ
ܩܛܘܠܐ	qɑtˤolɑʔ
ܩܛܝܢܝܬܐ	qatˤtˤinjɑθɑʔ
ܩܛܝܢܬܐ	qatˤtˤinjɑθɑʔ
ܩܛܝܢܬܐ	qatˤtˤintɑʔ
ܩܛܝܢܬܐ	qatˤtˤinɑθɑʔ
ܩܛܝܪܐ	qətˤireʔ
ܩܛܝܪܐ	qətˤirɑʔ
ܩܛܠ	qətˤal
ܩܛܠܐ	qɛtˤleʔ
ܩܛܠܐ	qɛtˤlɑʔ
ܩܛܡܐ	qətˤɑmeʔ
ܩܛܡܐ	qətˤɑmɑʔ
ܩܛܡܐ	qɛtˤmeʔ
ܩܛܡܐ	qɛtˤmɑʔ
ܩܛܢܐ	qatˤtˤɑneʔ
ܩܛܢܐ	qatˤtˤɑnɑʔ
ܩܛܥܐ	qətˤɑʕeʔ
ܩܛܥܐ	qətˤɑʕɑʔ
ܩܛܥܐ	qɛtˤʕeʔ
ܩܛܥܐ	qɛtˤʕɑʔ
ܩܛܪܩܐ	qɑtˤarqeʔ
ܩܛܪܩܐ	qɑtˤarqɑʔ
ܩܛܪܩܐ	qɑtˤerqeʔ
ܩܛܪܩܐ	qɑtˤerqɑʔ
ܩܛܪܩܐ	qɑtˤɛrqeʔ
ܩܛܪܩܐ	qɑtˤɛrqɑʔ
ܩܛܪܩܐ	qətˤarqeʔ
ܩܛܪܩܐ	qətˤarqɑʔ
ܩܛܪܩܐ	qətˤerqeʔ
ܩܛܪܩܐ	qətˤerqɑʔ
ܩܛܪܩܐ	qətˤɛrqeʔ
ܩܛܪܩܐ	qətˤɛrqɑʔ
ܩܝܕܐ	qajdeʔ
ܩܝܕܐ	qajdɑʔ
ܩܝܛܐ	qajtˤeʔ
ܩܝܛܐ	qajtˤɑʔ
ܩܝܛܐ	qitˤeʔ
ܩܝܛܐ	qitˤɑʔ
ܩܝܡܬܐ	qjomto
ܩܝܡܬܐ	qjɑmtɑ
ܩܝܡܬܐ	qojɛmto
ܩܝܡܬܐ	qɑjɛmtɑ
ܩܝܡܬܐ	qɑjɪmtɑ
ܩܝܡܬܐ	qəjɑmtɑ
ܩܝܢܝܐ	qajnɑjeʔ
ܩܝܢܝܐ	qajnɑjɑʔ
ܩܝܢܝܘܬܐ	qajnɑjuθɑʔ
ܩܝܢܝܬܐ	qinjɑθɑʔ
ܩܝܢܬܐ	qinjɑθɑʔ
ܩܝܢܬܐ	qintɑʔ
ܩܝܢܬܐ	qinɑθɑʔ
ܩܝܣܐ	qajse
ܩܝܣܐ	qajsɑ
ܩܝܣܘܢܐ	qajsoneʔ
ܩܝܣܘܢܐ	qajsonɑʔ
ܩܝܬܪܐ	qiθɑreʔ
ܩܝܬܪܐ	qiθɑrɑʔ
ܩܠܐ	qalleʔ
ܩܠܐ	qallɑʔ
ܩܠܐ	qɑleʔ
ܩܠܐ	qɑlɑʔ
ܩܠܐ	qɛlleʔ
ܩܠܐ	qɛllɑʔ
ܩܠܒܐ	qaləveʔ
ܩܠܒܐ	qaləvɑʔ
ܩܠܝܕܐ	qəliðeʔ
ܩܠܝܕܐ	qəliðɑʔ
ܩܠܝܡܐ	qəlime
ܩܠܝܡܐ	qəlimɑ
ܩܠܝܡܐ	qəlimɑtˤɑ
ܩܠܝܡܛܐ	qəlimɑtˤɑʔ
ܩܠܝܬܐ	qaljɑθɑʔ
ܩܠܝܬܐ	qalliθɑʔ
ܩܠܝܬܐ	qɑlɑjɑθɑʔ
ܩܠܝܬܐ	qəlɑjtɑʔ
ܩܠܝܬܐ	qəlɑjɑθɑʔ
ܩܠܝܬܐ	qɛljɑθɑʔ
ܩܠܝܬܐ	qɛlleʔ
ܩܠܝܬܐ	qɛlliθɑʔ
ܩܠܝܬܐ	qɛllɑjtɑʔ
ܩܠܝܬܐ	qɛllɑjɑθɑʔ
ܩܠܡܐ	qalmeʔ
ܩܠܡܐ	qalmɑʔ
ܩܠܥܐ	qallɑʕeʔ
ܩܠܥܐ	qallɑʕɑʔ
ܩܠܥܐ	qalʕeʔ
ܩܠܥܐ	qalʕɑʔ
ܩܠܥܐ	qəlɑʕeʔ
ܩܠܥܐ	qəlɑʕɑʔ
ܩܠܥܐ	qɛlʕeʔ
ܩܠܥܐ	qɛlʕɑʔ
ܩܠܦܬܐ	qəlɑfe
ܩܠܦܬܐ	qəlɑftɑ
ܩܠܦܬܐ	qəlɑfɑθɑ
ܩܠܬܐ	qaltɑʔ
ܩܠܬܐ	qɑltɑʔ
ܩܡܚܐ	qamħɑʔ
ܩܡܨܐ	qamsˤeʔ
ܩܡܨܐ	qamsˤɑʔ
ܩܡܪܐ	qamreʔ
ܩܡܪܐ	qamrɑʔ
ܩܡܪܐ	qəmɑreʔ
ܩܡܪܐ	qəmɑrɑʔ
ܩܢܐ	qɛnneʔ
ܩܢܐ	qɛnnɑʔ
ܩܢܘܡܐ	qnomɑ
ܩܢܘܡܐ	qnumo
ܩܢܘܡܐ	qənomɑ
ܩܢܘܢܐ	qɑnonas
ܩܢܘܢܐ	qɑnoneʔ
ܩܢܘܢܐ	qɑnonɑʔ
ܩܢܛܐ	qɛntˤeʔ
ܩܢܛܐ	qɛntˤɑʔ
ܩܢܛܪܘܢܐ	qɛntˤroneʔ
ܩܢܛܪܘܢܐ	qɛntˤronɑʔ
ܩܢܝܐ	qanjɑ
ܩܢܝܐ	qanjɑθɑ
ܩܢܝܐ	qannɑje
ܩܢܝܐ	qannɑjɑ
ܩܢܝܐ	qənajjɑ
ܩܢܝܐ	qɛnjɑ
ܩܢܝܢܐ	qɛnjɑneʔ
ܩܢܝܢܐ	qɛnjɑnɑʔ
ܩܢܦܐ	qannappeʔ
ܩܢܦܐ	qannappɑʔ
ܩܢܦܐ	qanpeʔ
ܩܢܦܐ	qanpɑʔ
ܩܢܦܐ	qənappeʔ
ܩܢܦܐ	qənappɑʔ
ܩܢܦܐ	qənɑfeʔ
ܩܢܦܐ	qənɑfɑʔ
ܩܢܦܐ	qɛnpeʔ
ܩܢܦܐ	qɛnpɑʔ
ܩܢܨܠ	qɑnsˤɑl
ܩܣܛܘܢܪܐ	qastˤonɑreʔ
ܩܣܛܘܢܪܐ	qastˤonɑrɑʔ
ܩܣܛܘܢܪܐ	qɛstˤonɑreʔ
ܩܣܛܘܢܪܐ	qɛstˤonɑrɑʔ
ܩܣܛܘܪ	qastˤor
ܩܣܛܘܪ	qɛstˤor
ܩܣܪ	qesɑr
ܩܥܬܐ	qəʕɑjeʔ
ܩܥܬܐ	qəʕɑθeʔ
ܩܥܬܐ	qəʕɑθɑʔ
ܩܦܘܦܐ	qappufeʔ
ܩܦܘܦܐ	qappufɑʔ
ܩܦܝܐ	qɑfjeʔ
ܩܦܝܐ	qɑfjɑʔ
ܩܦܝܐ	qəfɑjeʔ
ܩܦܝܐ	qəfɑjɑʔ
ܩܦܝܐ	qɛfjeʔ
ܩܦܝܐ	qɛfjɑʔ
ܩܦܠܐ	qafleʔ
ܩܦܠܐ	qaflɑʔ
ܩܦܠܐ	qappeleʔ
ܩܦܠܐ	qappelɑʔ
ܩܦܠܐ	qappɛllas
ܩܦܠܐ	qappɛlleʔ
ܩܦܠܐ	qɑfleʔ
ܩܦܠܐ	qɑflɑʔ
ܩܦܠܐ	qəfɑleʔ
ܩܦܠܐ	qəfɑlɑʔ
ܩܦܠܐ	qɛfleʔ
ܩܦܠܐ	qɛflɑʔ
ܩܦܠܐܘܢ	qɛppalleʔon
ܩܦܣܐ	qafse
ܩܦܣܐ	qafsɑ
ܩܦܣܐ	qufse
ܩܦܣܐ	qufsɑ
ܩܦܣܐ	qɑfse
ܩܦܣܐ	qɑfsɑ
ܩܦܣܐ	qəfɑse
ܩܦܣܐ	qəfɑsɑ
ܩܦܣܐ	qɛfse
ܩܦܣܐ	qɛfsɑ
ܩܦܨܐ	qafsˤe
ܩܦܨܐ	qafsˤɑ
ܩܨܪܐ	qasˤreʔ
ܩܨܪܐ	qasˤrɑʔ
ܩܨܪܐ	qasˤsˤɑreʔ
ܩܨܪܐ	qasˤsˤɑrɑʔ
ܩܨܪܐ	qesˤreʔ
ܩܨܪܐ	qesˤrɑʔ
ܩܨܪܐ	qɑsˤreʔ
ܩܨܪܐ	qɑsˤrɑʔ
ܩܨܪܐ	qəsˤɑreʔ
ܩܨܪܐ	qəsˤɑrɑʔ
ܩܨܪܐ	qɛsˤreʔ
ܩܨܪܐ	qɛsˤrɑʔ
ܩܩܐ	qɑqeʔ
ܩܩܐ	qɑqɑʔ
ܩܪܐܐ	qarʔe
ܩܪܐܐ	qarʔɑ
ܩܪܒܐ	qərɑveʔ
ܩܪܒܐ	qərɑvɑʔ
ܩܪܕܐ	qarde
ܩܪܕܐ	qardɑ
ܩܪܕܐ	qərɑðe
ܩܪܕܐ	qərɑðɑ
ܩܪܕܐ	qɛrde
ܩܪܕܐ	qɛrdɑ
ܩܪܕܚܐ	qardɑħeʔ
ܩܪܕܚܐ	qardɑħɑʔ
ܩܪܘܛܐ	qarotˤe
ܩܪܘܛܐ	qarotˤɑ
ܩܪܘܝܐ	qɑrojeʔ
ܩܪܘܝܐ	qɑrojɑʔ
ܩܪܘܢܘܣ	qəronos
ܩܪܛܠܐ	qartˤɑleʔ
ܩܪܛܠܐ	qartˤɑlɑʔ
ܩܪܝܢܐ	qɛrjɑneʔ
ܩܪܝܢܐ	qɛrjɑnɑʔ
ܩܪܝܬܐ	qurjaʔs
ܩܪܝܬܐ	qurjos
ܩܪܝܬܐ	qurjɑʔ
ܩܪܝܬܐ	qɑriθɑʔ
ܩܪܝܬܐ	qɑrjɑθɑʔ
ܩܪܝܬܐ	qəriθeʔ
ܩܪܝܬܐ	qəriθɑʔ
ܩܪܝܬܐ	qərɑjtɑʔ
ܩܪܝܬܐ	qərɑjɑθɑʔ
ܩܪܝܬܐ	qɛrjɑθɑʔ
ܩܪܢܐ	qarneʔ
ܩܪܢܐ	qarnɑʔ
ܩܪܢܐ	qarnɑθɑʔ
ܩܪܢܐ	qərɑneʔ
ܩܪܢܐ	qərɑnɑʔ
ܩܪܢܬܐ	qarnɑθɑʔ
ܩܪܣܝܐ	qɛɾasije
ܩܪܣܝܐ	qɛɾasijɑ
ܩܪܩܘܪܐ	qarqure
ܩܪܩܘܪܐ	qarqurɑ
ܩܪܩܣܐ	qarqɑseʔ
ܩܪܩܣܐ	qarqɑsɑʔ
ܩܪܩܣܐ	qərɑqseʔ
ܩܪܩܣܐ	qərɑqsɑʔ
ܩܪܩܦܝܬܐ	qarqafjɑθɑʔ
ܩܪܩܦܬܐ	qarqafjɑθɑ
ܩܪܩܦܬܐ	qarqafəθɑ
ܩܪܩܦܬܐ	qarqəfɑθɑ
ܩܪܬܐ	qarrəθeʔ
ܩܪܬܐ	qarrəθɑʔ
ܩܫܒܐ	qaʃbe
ܩܫܒܐ	qaʃbɑ
ܩܫܝܫܐ	qaʃʃiʃe
ܩܫܝܫܐ	qaʃʃiʃɑ
ܩܫܝܫܘܬܐ	qaʃʃiʃuθɑʔ
ܩܫܝܫܘܬܐ	qaʃʃiʃwɑθɑʔ
ܩܫܝܫܬܐ	qaʃʃiʃtɑ
ܩܫܝܫܬܐ	qaʃʃiʃɑθɑ
ܩܫܬܐ	qaʃʃɑθe
ܩܫܬܐ	qaʃʃɑθɑ
ܩܫܬܐ	qɑʃtɑ
ܩܫܬܐ	qɑʃɑθɑ
ܩܫܬܐ	qɛʃte
ܩܫܬܐ	qɛʃtɑ
ܩܫܬܐ	qɛʃtɑθɑ
ܩܫܬܐ	qɛʃʃɑθɑ
ܩܫܬܐ	qɛʃʃəθɑ
ܩܬܐ	qattɑʔ
ܩܬܐ	qɑθeʔ
ܩܬܐ	qɑθɑʔ
ܩܬܘܠܝܩܐ	qattoliqeʔ
ܩܬܘܠܝܩܐ	qattoliqɑʔ
ܩܬܪܝܢܐ	qaθrineʔ
ܩܬܪܝܢܐ	qaθrinɑʔ
ܪ	r
ܪ	rejʃ
ܪܐܬܐ	raʔθɑʔ
ܪܐܬܐ	rɑʔθɑʔ
ܪܒܐ	rabbeʔ
ܪܒܐ	rabbɑneʔ
ܪܒܐ	rabbɑʔ
ܪܒܐ	rawrəvɑneʔ
ܪܒܘܬܐ	rabbuθɑ
ܪܒܘܬܐ	rabbəwɑθɑ
ܪܒܘܬܐ	rɛbbuθɑ
ܪܒܘܬܐ	rɛbbəwɑθɑ
ܪܒܝܐ	rabbɑjeʔ
ܪܒܝܐ	rabbɑjɑʔ
ܪܒܝܐ	rəvɑjɑʔ
ܪܒܝܥܐ	rəviʕeʔ
ܪܒܝܥܐ	rəviʕɑʔ
ܪܒܝܬܐ	rabbajtɑʔ
ܪܒܝܬܐ	rabbɑjtɑʔ
ܪܒܝܬܐ	rabbɑjɑθɑʔ
ܪܒܝܬܐ	rɛbbiθɑʔ
ܪܒܝܬܐ	rɛbbəjɑθɑʔ
ܪܒܨܐ	rəvɑsˤɑʔ
ܪܒܨܐ	rɛvsˤeʔ
ܪܒܨܐ	rɛvsˤɑʔ
ܪܓܠܐ	raɡɡɑle
ܪܓܠܐ	raɡɡɑlɑ
ܪܓܠܐ	rəɣɑle
ܪܓܠܐ	rəɣɑlɑ
ܪܓܠܐ	rɛɣle
ܪܓܠܐ	rɛɣlɑ
ܪܓܠܐ	rɛɣlɑθɑ
ܪܓܡܐ	rəɣɑmeʔ
ܪܓܡܐ	rəɣɑmɑʔ
ܪܓܫܐ	rɛɣʃeʔ
ܪܓܫܐ	rɛɣʃɑʔ
ܪܓܫܬܐ	rəɣɛʃtɑʔ
ܪܓܫܬܐ	rɛɣʃɑθɑʔ
ܪܕܘܦܝܐ	rəðufjeʔ
ܪܕܘܦܝܐ	rəðufjɑʔ
ܪܕܝܐ	rɑðajjɑʔ
ܪܕܝܐ	rɛðjeʔ
ܪܕܝܐ	rɛðjɑʔ
ܪܕܦ	rəðaf
ܪܕܦܐ	rəðɑfeʔ
ܪܕܦܐ	rəðɑfɑʔ
ܪܘܒܐ	rawbeʔ
ܪܘܒܐ	rawbɑʔ
ܪܘܒܐ	rubbeʔ
ܪܘܒܐ	rubbɑʔ
ܪܘܒܥܐ	ruvʕeʔ
ܪܘܒܥܐ	ruvʕɑʔ
ܪܘܓܙܐ	ruɣze
ܪܘܓܙܐ	ruɣzɑ
ܪܘܙܐ	ruzzɑ
ܪܘܙܐ	rəwɑze
ܪܘܙܐ	rəwɑzɑ
ܪܘܚܐ	rawħɑ
ܪܘܚܐ	ruxɑ
ܪܘܚܐ	ruħo
ܪܘܚܐ	ruħɑ
ܪܘܚܐ	rwoħo
ܪܘܚܐ	rwɑxɑ
ܪܘܚܐ	rɑwxɑ
ܪܘܚܐ	rɑwħo
ܪܘܚܐ	rəwɑħɑ
ܪܘܚܩܐ	ruħqɑʔ
ܪܘܝܐ	rawjɑʔ
ܪܘܝܐ	rawwɑjeʔ
ܪܘܝܐ	rawwɑjɑʔ
ܪܘܝܐ	rəwajjɑʔ
ܪܘܟܟܐ	rukkɑxɑʔ
ܪܘܡܐ	rawmeʔ
ܪܘܡܐ	rawmɑʔ
ܪܘܡܐ	romeʔ
ܪܘܡܐ	romɑʔ
ܪܘܡܐ	rumeʔ
ܪܘܡܐ	rumɑʔ
ܪܘܡܐ	rɛwmeʔ
ܪܘܡܐ	rɛwmɑtˤɑʔ
ܪܘܡܐ	rɛwmɑʔ
ܪܘܡܚܐ	rumħeʔ
ܪܘܡܚܐ	rumħɑʔ
ܪܘܡܢܐ	rummɑne
ܪܘܡܢܐ	rummɑnɑ
ܪܘܡܪܡܐ	rumrɑmeʔ
ܪܘܡܪܡܐ	rumrɑmɑʔ
ܪܘܥܢܐ	ruʕɑneʔ
ܪܘܥܢܐ	ruʕɑnɑʔ
ܪܘܥܬܐ	ruʕəθe
ܪܘܥܬܐ	ruʕəθɑ
ܪܘܩܐ	rawqeʔ
ܪܘܩܐ	rawqɑʔ
ܪܘܩܐ	ruqqeʔ
ܪܘܩܐ	ruqqɑʔ
ܪܘܩܥܐ	ruqʕeʔ
ܪܘܫܡܐ	ruʃmeʔ
ܪܘܫܡܐ	ruʃmɑʔ
ܪܘܫܡܐ	ruʃʃɑmeʔ
ܪܘܫܡܐ	ruʃʃɑmɑʔ
ܪܙܩܐ	rɛzqe
ܪܙܩܐ	rɛzqɑ
ܪܚܘܬܐ	rəħawwɑθɑʔ
ܪܚܝܐ	raħjɑʔ
ܪܚܝܐ	raħħɑjeʔ
ܪܚܝܐ	raħħɑjɑʔ
ܪܚܝܐ	rəħawwɑθɑʔ
ܪܚܡܐ	raħmeʔ
ܪܚܡܐ	raħmɑʔ
ܪܚܡܐ	rɑħmeʔ
ܪܚܡܐ	rɑħmɑʔ
ܪܚܡܘܬܐ	raħmuθɑʔ
ܪܚܡܘܬܐ	rɑħmuθɑʔ
ܪܚܡܢܘܬܐ	raħmɑnuθɑʔ
ܪܚܡܬܐ	rɑħmɑθɑ
ܪܚܡܬܐ	rɑħɛmməθɑ
ܪܚܡܬܐ	rɛħmɑθɑ
ܪܚܡܬܐ	rɛħməθɑ
ܪܚܫܐ	raxʃɑ
ܪܚܫܐ	raħʃɑ
ܪܚܫܐ	rxɑʃɑ
ܪܚܫܐ	rħoʃo
ܪܚܫܐ	rɑħʃo
ܪܚܫܐ	rəħɑʃɑ
ܪܛܒܐ	ratˤəvɑʔ
ܪܛܒܐ	rɛtˤəvɑʔ
ܪܛܢܐ	rɛtˤno
ܪܛܢܐ	rɛtˤnɑ
ܪܛܢܐ	rɪtˤnɑ
ܪܝܚܐ	rejħeʔ
ܪܝܚܐ	rejħɑneʔ
ܪܝܚܐ	rejħɑʔ
ܪܝܡܐ	rajmeʔ
ܪܝܡܐ	rajmɑʔ
ܪܝܡܐ	rəjɑmeʔ
ܪܝܡܐ	rəjɑmɑʔ
ܪܝܩܐ	rejqeʔ
ܪܝܩܐ	rejqɑʔ
ܪܝܪܐ	rirɑʔ
ܪܝܫܐ	rejʃeʔ
ܪܝܫܐ	rejʃɑneʔ
ܪܝܫܐ	rejʃɑʔ
ܪܝܫܢܐ	rejʃɑnawwɑθɑ
ܪܝܫܢܐ	rejʃɑne
ܪܝܫܢܐ	rejʃɑnɑ
ܪܝܫܢܘܬܐ	rejʃɑnawwɑθɑʔ
ܪܝܫܢܘܬܐ	rejʃɑnuθɑʔ
ܪܝܫܢܘܬܐ	rejʃɑnwɑθɑʔ
ܪܟܟܐ	rəxɑxeʔ
ܪܟܟܐ	rəxɑxɑʔ
ܪܟܢܐ	rəxɑneʔ
ܪܟܢܐ	rəxɑnɑʔ
ܪܟܢܐ	rɛxneʔ
ܪܟܢܐ	rɛxnɑʔ
ܪܟܫܐ	raxʃeʔ
ܪܟܫܐ	raxʃɑʔ
ܪܟܫܐ	raxʃɑθɑʔ
ܪܟܫܬܐ	raxʃɑθɑʔ
ܪܡܘܬܐ	rɑmuθɑʔ
ܪܡܘܬܐ	rɑmwɑθɑʔ
ܪܡܙܐ	rammɑzeʔ
ܪܡܙܐ	rammɑzɑʔ
ܪܡܙܐ	rɛmzeʔ
ܪܡܙܐ	rɛmzɑʔ
ܪܡܟܐ	rammɑxeʔ
ܪܡܟܐ	rammɑxɑʔ
ܪܡܟܐ	raməxeʔ
ܪܡܟܐ	raməxɑʔ
ܪܡܟܐ	raməxɑθɑʔ
ܪܡܟܬܐ	raməxɑθɑʔ
ܪܡܫܐ	ramʃawwɑθɑʔ
ܪܡܫܐ	ramʃeʔ
ܪܡܫܐ	ramʃɑʔ
ܪܡܫܘܬܐ	ramʃawwɑθɑʔ
ܪܡܬܐ	ramməθɑ
ܪܡܬܐ	rɑmɑθɑ
ܪܡܬܐ	rɑməθɑ
ܪܡܬܐ	rɛmmɑθɑ
ܪܡܬܐ	rɛmməθɑ
ܪܢܝܐ	rɛnjeʔ
ܪܢܝܐ	rɛnjɑʔ
ܪܣܘܓ	rɑsuɣ
ܪܣܘܓ	rəsuɣ
ܪܣܘܠܐ	rassuleʔ
ܪܣܘܠܐ	rassulɑʔ
ܪܥܘܬܐ	rɑʕawwɑθɑʔ
ܪܥܝܐ	rɑʕajjeʔ
ܪܥܝܐ	rɑʕawwɑθɑʔ
ܪܥܝܐ	rɑʕjɑʔ
ܪܥܝܐ	rəʕajjɑʔ
ܪܥܝܐ	rɛʕjɑʔ
ܪܥܝܢܐ	rɛʕjɑneʔ
ܪܥܝܢܐ	rɛʕjɑnɑʔ
ܪܥܠܐ	rəʕɑlɑʔ
ܪܥܠܐ	rɛʕleʔ
ܪܥܠܐ	rɛʕlɑʔ
ܪܥܠܬܐ	rɑʕlɑθɑʔ
ܪܥܠܬܐ	rɑʕɛləθɑʔ
ܪܥܠܬܐ	rəʕɛləθɑʔ
ܪܥܠܬܐ	rɛʕlɑθɑʔ
ܪܥܡܐ	raʕme
ܪܥܡܐ	raʕmɑ
ܪܦܦܐ	rəfɑfeʔ
ܪܦܦܐ	rəfɑfɑʔ
ܪܦܫܐ	rafʃeʔ
ܪܦܫܐ	rafʃɑʔ
ܪܨܝܦܬܐ	rɑsˤiftɑ
ܪܨܝܦܬܐ	rɑsˤifɑθɑ
ܪܨܝܦܬܐ	rəsˤiftɑ
ܪܨܝܦܬܐ	rəsˤifɑθɑ
ܪܨܦܐ	rɑsˤpeʔ
ܪܨܦܐ	rɑsˤpɑʔ
ܪܨܦܐ	rəsˤɑfeʔ
ܪܨܦܐ	rəsˤɑfɑʔ
ܪܨܦܐ	rɛsˤpeʔ
ܪܨܦܐ	rɛsˤpɑʔ
ܪܩܒܐ	raqəve
ܪܩܒܐ	raqəvɑ
ܪܩܕܐ	raqdeʔ
ܪܩܕܐ	raqdɑʔ
ܪܩܕܐ	raqqɑðeʔ
ܪܩܕܐ	raqqɑðɑʔ
ܪܩܕܐ	rəqɑðɑʔ
ܪܩܕܐ	rɛqdeʔ
ܪܩܕܐ	rɛqdɑʔ
ܪܩܕܬܐ	raqqɑðtɑ
ܪܩܕܬܐ	raqqɑðɑθɑ
ܪܩܝܥܐ	rəqiʕe
ܪܩܝܥܐ	rəqiʕɑ
ܪܫܝܢܐ	rɛʃjɑneʔ
ܪܫܝܢܐ	rɛʃjɑnɑʔ
ܪܫܡܐ	raʃmeʔ
ܪܫܡܐ	raʃmɑʔ
ܪܫܡܐ	rəʃɑmeʔ
ܪܫܡܐ	rəʃɑmɑʔ
ܪܫܥܐ	rəʃɑʕɑʔ
ܪܬܝܬܐ	rattiθeʔ
ܪܬܝܬܐ	rattiθɑʔ
ܪܬܝܬܐ	rəθejθeʔ
ܪܬܝܬܐ	rəθejθɑʔ
ܪܬܡܐ	raθmeʔ
ܪܬܡܐ	raθmɑʔ
ܪܬܡܐ	rɑθmeʔ
ܪܬܡܐ	rɑθmɑʔ
ܪܬܡܐ	rɛθmeʔ
ܪܬܡܐ	rɛθmɑʔ
ܫ	ʃ
ܫ	ʃin
ܫܐܕܐ	ʃeʔðeʔ
ܫܐܕܐ	ʃeʔðɑʔ
ܫܐܕܢܐ	ʃeðɑne
ܫܐܕܢܐ	ʃeðɑnɑ
ܫܐܕܢܝܬܐ	ʃeʔðɑniθɑʔ
ܫܐܕܢܝܬܐ	ʃeʔðɑnjɑθɑʔ
ܫܐܘ	ʃaʔw
ܫܐܪܐ	ʃeʔre
ܫܐܪܐ	ʃeʔrɑ
ܫܒܒܐ	ʃəvɑveʔ
ܫܒܒܐ	ʃəvɑvɑʔ
ܫܒܒܘܬܐ	ʃəvɑvuθɑʔ
ܫܒܒܘܬܐ	ʃəvɑvwɑθɑʔ
ܫܒܒܬܐ	ʃəvɑvtɑʔ
ܫܒܒܬܐ	ʃəvɑvɑθɑʔ
ܫܒܘܥܐ	ʃabbuʕeʔ
ܫܒܘܥܐ	ʃabbuʕɑʔ
ܫܒܘܥܐ	ʃɑvoʕeʔ
ܫܒܘܥܐ	ʃɑvoʕɑʔ
ܫܒܘܪܩܢ	ʃɑvurqɑn
ܫܒܛܐ	ʃavtˤeʔ
ܫܒܛܐ	ʃavtˤɑʔ
ܫܒܛܐ	ʃəvɑtˤɑʔ
ܫܒܝܠܐ	ʃəvileʔ
ܫܒܝܠܐ	ʃəvilɑʔ
ܫܒܝܫܬܐ	ʃəvejʃteʔ
ܫܒܝܫܬܐ	ʃəvejʃtɑʔ
ܫܒܠܐ	ʃabbɑleʔ
ܫܒܠܐ	ʃabbɑlɑʔ
ܫܒܠܐ	ʃɛbbəleʔ
ܫܒܠܐ	ʃɛbbəlɑʔ
ܫܒܠܬܐ	ʃabbɑltɑ
ܫܒܠܬܐ	ʃabbɑlɑθɑ
ܫܒܠܬܐ	ʃɛbbaltɑ
ܫܒܠܬܐ	ʃɛbbɛltɑ
ܫܒܠܬܐ	ʃɛvləθɑ
ܫܒܪܐ	ʃabbɑreʔ
ܫܒܪܐ	ʃabbɑrɑʔ
ܫܒܪܐ	ʃavreʔ
ܫܒܪܐ	ʃavrɑʔ
ܫܒܪܘܬܐ	ʃavruθɑʔ
ܫܒܪܘܬܐ	ʃavrəwɑθɑʔ
ܫܒܪܬܐ	ʃavrɑθɑʔ
ܫܒܪܬܐ	ʃəvartɑʔ
ܫܒܬܐ	ʃabbəθɑʔ
ܫܒܬܐ	ʃəvɛttɑʔ
ܫܓܐ	ʃɑɣe
ܫܓܐ	ʃɑɣɑ
ܫܓܕܬܐ	ʃəɣɛðəθɑʔ
ܫܓܕܬܐ	ʃɛɣdəθɑʔ
ܫܓܘܫܝܐ	ʃəɣuʃjeʔ
ܫܓܘܫܝܐ	ʃəɣuʃjɑʔ
ܫܓܠ	ʃəɣal
ܫܓܡܐ	ʃɛɣme
ܫܓܡܐ	ʃɛɣmɑ
ܫܗܕܢܓ	ʃahdɑnɑɣ
ܫܘܐܠܐ	ʃuʔʔɑleʔ
ܫܘܐܠܐ	ʃuʔʔɑlɑʔ
ܫܘܒܗܪܐ	ʃuvhɑreʔ
ܫܘܒܗܪܐ	ʃuvhɑrɑʔ
ܫܘܒܚܐ	ʃuvħeʔ
ܫܘܒܚܐ	ʃuvħɑʔ
ܫܘܒܩܢܐ	ʃuvqɑnɑʔ
ܫܘܓܠܐ	ʃuɣleʔ
ܫܘܓܠܐ	ʃuɣlɑʔ
ܫܘܘܕܥܐ	ʃuwdɑʕe
ܫܘܘܕܥܐ	ʃuwdɑʕɑ
ܫܘܘܚܪܐ	ʃuwħɑreʔ
ܫܘܘܚܪܐ	ʃuwħɑrɑʔ
ܫܘܚܐ	ʃuħe
ܫܘܚܐ	ʃuħɑ
ܫܘܚܕܐ	ʃuħdeʔ
ܫܘܚܕܐ	ʃuħdɑʔ
ܫܘܚܠܦܐ	ʃuħlɑfeʔ
ܫܘܚܠܦܐ	ʃuħlɑfɑʔ
ܫܘܚܬܐ	ʃuħteʔ
ܫܘܚܬܐ	ʃuħtɑʔ
ܫܘܛܐ	ʃawtˤeʔ
ܫܘܛܐ	ʃawtˤɑʔ
ܫܘܟܢܐ	ʃukkɑneʔ
ܫܘܟܢܐ	ʃukkɑnɑʔ
ܫܘܠܛܢܐ	ʃultˤɑneʔ
ܫܘܠܛܢܐ	ʃultˤɑnɑʔ
ܫܘܠܡܐ	ʃullɑmeʔ
ܫܘܠܡܐ	ʃullɑmɑʔ
ܫܘܠܩܐ	ʃullɑqeʔ
ܫܘܠܩܐ	ʃullɑqɑʔ
ܫܘܡܕܐ	ʃummɑðe
ܫܘܡܕܐ	ʃummɑðɑ
ܫܘܡܗܐ	ʃummɑheʔ
ܫܘܡܗܐ	ʃummɑhɑʔ
ܫܘܡܢܐ	ʃumneʔ
ܫܘܡܢܐ	ʃumnɑʔ
ܫܘܡܪܐ	ʃummɑre
ܫܘܡܪܐ	ʃummɑrɑ
ܫܘܡܬܐ	ʃumtɑʔ
ܫܘܡܬܐ	ʃumɑθɑʔ
ܫܘܢܝܐ	ʃunje
ܫܘܢܝܐ	ʃunjɑ
ܫܘܢܝܐ	ʃunnɑje
ܫܘܢܝܐ	ʃunnɑjɑ
ܫܘܢܝܐ	ʃuːnɑje
ܫܘܢܝܐ	ʃuːnɑjɑ
ܫܘܢܪܐ	ʃunnɑre
ܫܘܢܪܐ	ʃunnɑrɑ
ܫܘܥܐ	ʃoʕeʔ
ܫܘܥܐ	ʃoʕɑʔ
ܫܘܦܐ	ʃawpeʔ
ܫܘܦܐ	ʃawpɑʔ
ܫܘܦܐ	ʃofeʔ
ܫܘܦܐ	ʃofɑʔ
ܫܘܦܝܐ	ʃufjeʔ
ܫܘܦܝܐ	ʃufjɑʔ
ܫܘܦܝܐ	ʃuppɑjeʔ
ܫܘܦܝܐ	ʃuppɑjɑʔ
ܫܘܦܢܝܢܐ	ʃufnine
ܫܘܦܢܝܢܐ	ʃufninɑ
ܫܘܦܢܝܢܬܐ	ʃufnintɑ
ܫܘܦܢܝܢܬܐ	ʃufninɑθɑ
ܫܘܦܪܐ	ʃufreʔ
ܫܘܦܪܐ	ʃufrɑʔ
ܫܘܩܐ	ʃuqeʔ
ܫܘܩܐ	ʃuqɑʔ
ܫܘܩܠܐ	ʃuqqɑlɑʔ
ܫܘܪܐ	ʃawreʔ
ܫܘܪܐ	ʃawrɑʔ
ܫܘܪܐ	ʃureʔ
ܫܘܪܐ	ʃurreʔ
ܫܘܪܐ	ʃurrɑʔ
ܫܘܪܐ	ʃurɑʔ
ܫܘܪܐ	ʃəwɑreʔ
ܫܘܪܐ	ʃəwɑrɑʔ
ܫܘܪܛܐ	ʃurtˤeʔ
ܫܘܪܛܐ	ʃurtˤɑʔ
ܫܘܪܝܐ	ʃurrɑjeʔ
ܫܘܪܝܐ	ʃurrɑjɑʔ
ܫܘܪܝܐ	ʃurɑjeʔ
ܫܘܪܝܐ	ʃurɑjɑʔ
ܫܘܪܡܐ	ʃurmeʔ
ܫܘܪܡܐ	ʃurmɑʔ
ܫܘܫܐ	ʃawʃeʔ
ܫܘܫܐ	ʃawʃɑʔ
ܫܘܫܐ	ʃuʃeʔ
ܫܘܫܐ	ʃuʃɑʔ
ܫܘܫܐ	ʃəwɑʃeʔ
ܫܘܫܐ	ʃəwɑʃɑʔ
ܫܘܫܡܐ	ʃuʃʃəmeʔ
ܫܘܫܡܐ	ʃuʃʃəmɑʔ
ܫܘܫܡܢܐ	ʃawʃəmɑneʔ
ܫܘܫܡܢܐ	ʃawʃəmɑnɑʔ
ܫܘܫܡܢܐ	ʃuʃʃəmɑneʔ
ܫܘܫܡܢܐ	ʃuʃʃəmɑnɑʔ
ܫܘܫܢܬܐ	ʃawʃantɑʔ
ܫܘܫܢܬܐ	ʃuʃantɑʔ
ܫܘܫܦܐ	ʃoʃɛppeʔ
ܫܘܫܦܐ	ʃoʃɛppɑʔ
ܫܘܫܦܐ	ʃuʃɛppeʔ
ܫܘܫܦܐ	ʃuʃɛppɑʔ
ܫܘܬܦܐ	ʃawtɑfeʔ
ܫܘܬܦܐ	ʃawtɑfɑʔ
ܫܘܬܦܘܬܐ	ʃawtɑfuθɑʔ
ܫܘܬܦܘܬܐ	ʃawtɑfwɑθɑʔ
ܫܘܬܦܬܐ	ʃawtɑftɑʔ
ܫܘܬܦܬܐ	ʃawtɑfɑθɑʔ
ܫܚܢܐ	ʃəħɑneʔ
ܫܚܢܐ	ʃəħɑnɑʔ
ܫܚܢܐ	ʃɛħneʔ
ܫܚܢܐ	ʃɛħnɑʔ
ܫܚܬܐ	ʃəħɑθeʔ
ܫܚܬܐ	ʃəħɑθɑʔ
ܫܚܬܐ	ʃɛħteʔ
ܫܚܬܐ	ʃɛħtɑʔ
ܫܛܚܐ	ʃətˤɑħeʔ
ܫܛܚܐ	ʃətˤɑħɑʔ
ܫܛܚܐ	ʃɛtˤħeʔ
ܫܛܚܐ	ʃɛtˤħɑʔ
ܫܛܝܦܝܬܐ	ʃɑtˤifjɑθɑʔ
ܫܛܝܦܬܐ	ʃɑtˤifjɑθɑʔ
ܫܛܝܦܬܐ	ʃɑtˤiftɑʔ
ܫܛܝܦܬܐ	ʃɑtˤifɑθɑʔ
ܫܛܝܦܬܐ	ʃətˤiftɑʔ
ܫܛܝܦܬܐ	ʃətˤifɑθɑʔ
ܫܛܪܐ	ʃətˤɑreʔ
ܫܛܪܐ	ʃətˤɑrɑʔ
ܫܝܓܪܐ	ʃiɣreʔ
ܫܝܘܠ	ʃjoːl
ܫܝܘܠ	ʃjuːl
ܫܝܟ	ʃajx
ܫܝܢܐ	ʃajnɑʔ
ܫܝܦܘܪܐ	ʃipporeʔ
ܫܝܦܘܪܐ	ʃipporɑʔ
ܫܝܫܐ	ʃeːʃeʔ
ܫܝܫܐ	ʃeːʃɑʔ
ܫܝܫܐ	ʃiʃeʔ
ܫܝܫܐ	ʃiːʃeʔ
ܫܝܫܐ	ʃiːʃɑʔ
ܫܝܫܠܬܐ	ʃejʃaltɑʔ
ܫܝܫܠܬܐ	ʃejʃleʔ
ܫܝܫܠܬܐ	ʃejʃlɑθɑʔ
ܫܝܫܬܐ	ʃiʃtɑʔ
ܫܟܚ	ʃkaħ
ܫܟܪ	ʃakkar
ܫܟܪ	ʃɑkkɑr
ܫܟܪ	ʃəxar
ܫܟܪ	ʃɛkkar
ܫܟܪܐ	ʃakkərɑʔ
ܫܟܪܐ	ʃaxreʔ
ܫܟܪܐ	ʃaxrɑʔ
ܫܠܒܐ	ʃalbeʔ
ܫܠܒܐ	ʃalbɑʔ
ܫܠܓܡܐ	ʃalɡəmeʔ
ܫܠܓܡܐ	ʃalɡəmɑʔ
ܫܠܕܐ	ʃəladdeʔ
ܫܠܕܐ	ʃəladdɑʔ
ܫܠܗܒܝܬܐ	ʃalheviθɑʔ
ܫܠܗܒܝܬܐ	ʃalhevjɑθɑʔ
ܫܠܗܒܝܬܐ	ʃalhɛbbiθɑʔ
ܫܠܗܒܝܬܐ	ʃalhɛbbəjɑθɑʔ
ܫܠܘܦܚܐ	ʃəlufħeʔ
ܫܠܚ	ʃəlaħ
ܫܠܚܐ	ʃəlɑħɑʔ
ܫܠܚܐ	ʃɛlħeʔ
ܫܠܚܐ	ʃɛlħɑʔ
ܫܠܝܚܐ	ʃəliħeʔ
ܫܠܝܚܐ	ʃəliħɑʔ
ܫܠܝܚܘܬܐ	ʃəliħuθɑʔ
ܫܠܝܡܘܢ	ʃəleːmoːn
ܫܠܝܡܘܢ	ʃəleːmuːn
ܫܠܝܬܐ	ʃaljɑθɑʔ
ܫܠܝܬܐ	ʃəliθɑʔ
ܫܠܝܬܐ	ʃɛljɑθɑʔ
ܫܠܡܐ	ʃalmɑ
ܫܠܡܐ	ʃlomo
ܫܠܡܐ	ʃlɑmɑ
ܫܠܡܐ	ʃolme
ܫܠܡܐ	ʃolmo
ܫܠܡܐ	ʃɑlme
ܫܠܡܐ	ʃɑlmo
ܫܠܡܐ	ʃɑlmɑ
ܫܠܡܐ	ʃəlɑmɑ
ܫܠܦܐ	ʃɑlpe
ܫܠܦܐ	ʃɑlpɑ
ܫܠܦܐ	ʃəlɑfe
ܫܠܦܐ	ʃəlɑfɑ
ܫܠܦܐ	ʃɛlpe
ܫܠܦܐ	ʃɛlpɑ
ܫܠܦܘܚܐ	ʃalpuħeʔ
ܫܠܦܘܚܬܐ	ʃalpuħtɑʔ
ܫܡܐ	ʃəmɑʔ
ܫܡܘܢܐ	ʃɑmoneʔ
ܫܡܘܢܐ	ʃɑmonɑʔ
ܫܡܝܐ	ʃəmajjɑʔ
ܫܡܝܪܐ	ʃɑmireʔ
ܫܡܝܪܐ	ʃɑmirɑʔ
ܫܡܝܪܡ	ʃammirɑm
ܫܡܥ	ʃəmaʕ
ܫܡܥܘܢ	ʃɛmʕon
ܫܡܪܐ	ʃammɑre
ܫܡܪܐ	ʃammɑrɑ
ܫܡܪܐ	ʃəmɑrɑ
ܫܡܪܐ	ʃɛmrɑ
ܫܡܫܐ	ʃammɑʃɑ
ܫܡܫܐ	ʃɑmoʃo
ܫܡܫܐ	ʃɛmʃo
ܫܡܫܐ	ʃɛmʃɑ
ܫܡܫܐ	ʃɪmʃɑ
ܫܢܐ	ʃanneʔ
ܫܢܐ	ʃannɑʔ
ܫܢܐ	ʃəneʔ
ܫܢܐ	ʃənɑʔ
ܫܢܐ	ʃɛnneʔ
ܫܢܐ	ʃɛnnɑʔ
ܫܢܐ	ʃɛnnɑθɑʔ
ܫܢܝܐ	ʃannɑjeʔ
ܫܢܝܐ	ʃannɑjɑʔ
ܫܢܝܐ	ʃənajjɑʔ
ܫܢܝܐ	ʃənɑjeʔ
ܫܢܝܐ	ʃənɑjɑʔ
ܫܢܝܐ	ʃɛnjɑʔ
ܫܢܩܐ	ʃənɑqɑʔ
ܫܢܩܐ	ʃɛnqeʔ
ܫܢܬܐ	ʃanəθɑ
ܫܢܬܐ	ʃattɑ
ܫܢܬܐ	ʃɛnnɑθɑ
ܫܢܬܐ	ʃɛnəθɑ
ܫܥܐ	ʃɑʕeʔ
ܫܥܐ	ʃɑʕɑʔ
ܫܥܐ	ʃəʕɑʔ
ܫܥܘܠܐ	ʃəʕoleʔ
ܫܥܘܠܐ	ʃəʕolɑʔ
ܫܥܘܬܐ	ʃɑʕoθɑʔ
ܫܥܘܬܐ	ʃəʕoθɑʔ
ܫܥܠܐ	ʃəʕɑleʔ
ܫܥܠܐ	ʃəʕɑlɑʔ
ܫܥܬܐ	ʃɑʕeʔ
ܫܥܬܐ	ʃɑʕɑθɑʔ
ܫܥܬܐ	ʃɑʕəθɑʔ
ܫܥܬܐ	ʃəʕɑθɑʔ
ܫܩܐ	ʃaqqe
ܫܩܐ	ʃaqqɑ
ܫܩܐ	ʃqe
ܫܩܐ	ʃɑqe
ܫܩܐ	ʃɑqɑ
ܫܩܝܦܐ	ʃəqifeʔ
ܫܩܝܦܐ	ʃəqifɑʔ
ܫܩܠܐ	ʃəqɑleʔ
ܫܩܠܐ	ʃəqɑlɑʔ
ܫܩܠܐ	ʃɛqleʔ
ܫܩܠܐ	ʃɛqlɑʔ
ܫܩܡܐ	ʃaqme
ܫܩܡܐ	ʃaqmɑ
ܫܩܡܐ	ʃɛqme
ܫܩܡܐ	ʃɛqmɑ
ܫܪܒܐ	ʃarbeʔ
ܫܪܒܐ	ʃarbɑʔ
ܫܪܒܐ	ʃarrɑveʔ
ܫܪܒܐ	ʃarrɑvɑʔ
ܫܪܒܐ	ʃərɑveʔ
ܫܪܒܐ	ʃərɑvɑʔ
ܫܪܒܬܐ	ʃarbəθɑʔ
ܫܪܒܬܐ	ʃarəvɑθɑʔ
ܫܪܓܐ	ʃərɑɣeʔ
ܫܪܓܐ	ʃərɑɣɑʔ
ܫܪܘܪܐ	ʃəroreʔ
ܫܪܘܪܐ	ʃərorɑʔ
ܫܪܘܪܐ	ʃɛrroreʔ
ܫܪܘܪܐ	ʃɛrrorɑʔ
ܫܪܘܬܐ	ʃɑruθɑʔ
ܫܪܘܬܐ	ʃɑrwɑθɑʔ
ܫܪܛܐ	ʃɑrtˤeʔ
ܫܪܛܐ	ʃɑrtˤɑʔ
ܫܪܛܐ	ʃɛrtˤeʔ
ܫܪܛܐ	ʃɛrtˤɑʔ
ܫܪܝܢܐ	ʃɛrjono
ܫܪܝܢܐ	ʃɛrjɑnɑ
ܫܪܝܢܐ	ʃɪrjɑnɑ
ܫܪܝܪܘܬܐ	ʃarriruθɑʔ
ܫܪܝܬܐ	ʃɑriθɑʔ
ܫܪܝܬܐ	ʃɑrjɑθɑʔ
ܫܪܝܬܐ	ʃərɑjtɑʔ
ܫܪܝܬܐ	ʃərɑjɑθɑʔ
ܫܪܟܐ	ʃarkeʔ
ܫܪܟܐ	ʃarkɑʔ
ܫܪܟܐ	ʃərɑxeʔ
ܫܪܟܐ	ʃərɑxɑʔ
ܫܪܩܪܩܐ	ʃəraqrɑqeʔ
ܫܪܩܪܩܐ	ʃəraqrɑqɑʔ
ܫܪܪܐ	ʃərɑrɑʔ
ܫܪܫܐ	ʃɛrʃeʔ
ܫܪܫܐ	ʃɛrʃɑʔ
ܫܬ	ʃɛθ
ܫܬ	ʃɪθ
ܫܬܐ	ʃto
ܫܬܐ	ʃtɑ
ܫܬܐ	ʃətɑ
ܫܬܐܣܬܐ	ʃatteʔstɑʔ
ܫܬܐܣܬܐ	ʃɛtteʔstɑʔ
ܫܬܩܐ	ʃɛθqɑʔ
ܬ	t
ܬ	taw
ܬ	θ
ܬܐܒܝܠ	teve̝l
ܬܐܒܝܠ	tewel
ܬܐܓܪܘܡܬܐ	taʔɣrumtɑʔ
ܬܐܓܪܘܡܬܐ	taʔɣrumɑθɑʔ
ܬܐܓܪܘܡܬܐ	teʔɣrumtɑʔ
ܬܐܓܪܘܡܬܐ	teʔɣrumɑθɑʔ
ܬܐܡܐ	təʔɑme
ܬܐܡܐ	təʔɑmɑ
ܬܐܡܬܐ	tɑʔmtɑʔ
ܬܐܡܬܐ	tɑʔmɑθɑʔ
ܬܐܢܚܬܐ	teʔnaħəθɑʔ
ܬܐܢܚܬܐ	teʔnħɑθɑʔ
ܬܐܢܬܐ	teʔntɑ
ܬܐܢܬܐ	teʔtːɑ
ܬܐܢܬܐ	tɑntɑ
ܬܐܢܬܐ	tɑnɑθɑ
ܬܐܪܬܐ	teʔrtɑʔ
ܬܐܪܬܐ	teʔrɑθɑʔ
ܬܐܬܐ	tettɑʔ
ܬܒܢܐ	tabbɑneʔ
ܬܒܢܐ	tabbɑnɑʔ
ܬܒܢܐ	tɛvnɑʔ
ܬܓܐ	tɑɣeʔ
ܬܓܐ	tɑɣɑʔ
ܬܓܡܐ	tɛɣme
ܬܓܡܐ	tɛɣmɑ
ܬܓܪܐ	taɡɡɑreʔ
ܬܓܪܐ	taɡɡɑrɑʔ
ܬܓܪܐ	tɛɣreʔ
ܬܓܪܐ	tɛɣrɑʔ
ܬܓܪܘܡܬܐ	taɣrumtɑʔ
ܬܓܪܘܡܬܐ	taɣrumɑθɑʔ
ܬܕܐ	tðo
ܬܕܐ	tðɑ
ܬܕܐ	təðɑ
ܬܕܐܐ	taðʔɑʔ
ܬܕܐܐ	tɛðʔɑʔ
ܬܕܝܐ	təðajjɑʔ
ܬܕܝܘܢܐ	tɛðjoneʔ
ܬܕܟܝܬܐ	taðkiθɑ
ܬܕܟܝܬܐ	taðkəjɑθɑ
ܬܕܡܘܪܬܐ	tɛðmurtɑʔ
ܬܕܡܘܪܬܐ	tɛðmurɑθɑʔ
ܬܕܡܘܪܬܐ	tɛðmərɑθɑʔ
ܬܕܡܪܬܐ	tɛðmərɑθɑʔ
ܬܗܘܡܐ	təhomeʔ
ܬܗܘܡܐ	təhomɑʔ
ܬܗܘܡܐ	təhomɑθɑʔ
ܬܗܘܡܬܐ	təhomɑθɑʔ
ܬܘܐ	təwɑʔ
ܬܘܕܝ	tawdi
ܬܘܕܝܬܐ	tawdiθɑʔ
ܬܘܕܝܬܐ	tawdəjɑθɑʔ
ܬܘܗܝܐ	tuhhɑjeʔ
ܬܘܗܝܐ	tuhhɑjɑʔ
ܬܘܗܬܐ	tawhɑθɑʔ
ܬܘܗܬܐ	tawhəθɑʔ
ܬܘܚܡܐ	tuħħɑmeʔ
ܬܘܚܡܐ	tuħħɑmɑʔ
ܬܘܚܪܬܐ	tawħartɑʔ
ܬܘܚܪܬܐ	tawħərɑθɑʔ
ܬܘܚܬܐ	tawħɑθɑʔ
ܬܘܚܬܐ	təwaħtɑʔ
ܬܘܠܥܐ	tawləʕeʔ
ܬܘܠܥܐ	tawləʕɑʔ
ܬܘܠܬܐ	tullɑθeʔ
ܬܘܠܬܐ	tullɑθɑʔ
ܬܘܠܬܐ	tulləθeʔ
ܬܘܠܬܐ	tulləθɑʔ
ܬܘܠܬܐ	tulteʔ
ܬܘܠܬܐ	tultɑʔ
ܬܘܡܐ	tawmeʔ
ܬܘܡܐ	tawmɑʔ
ܬܘܡܐ	tumeʔ
ܬܘܡܐ	tumɑʔ
ܬܘܢܐ	tawwɑneʔ
ܬܘܢܐ	tawwɑnɑʔ
ܬܘܢܐ	tuneʔ
ܬܘܢܐ	tunɑʔ
ܬܘܢܘܣ	tunnos
ܬܘܢܝܐ	tunnɑjeʔ
ܬܘܢܝܐ	tunnɑjɑʔ
ܬܘܣܦܬܐ	tawsaftɑʔ
ܬܘܣܦܬܐ	tawsəfɑθɑʔ
ܬܘܣܦܬܐ	tawsɛftɑʔ
ܬܘܩܢܐ	tuqneʔ
ܬܘܩܢܐ	tuqnɑʔ
ܬܘܩܢܐ	tuqqɑneʔ
ܬܘܩܢܐ	tuqqɑnɑʔ
ܬܘܪܐ	tawreʔ
ܬܘܪܐ	tawrɑʔ
ܬܘܪܐ	təwɑrɑʔ
ܬܘܪܓܡܐ	turɡɑmeʔ
ܬܘܪܓܡܐ	turɡɑmɑʔ
ܬܘܪܘܕܐ	turwɑðeʔ
ܬܘܪܘܕܐ	turwɑðɑʔ
ܬܘܪܣܝܐ	tursɑjɑʔ
ܬܘܪܨܐ	turrɑsˤeʔ
ܬܘܪܨܐ	turrɑsˤɑʔ
ܬܘܪܬܐ	tawrɑθɑʔ
ܬܘܪܬܐ	tawrəθɑʔ
ܬܘܪܬܐ	tortɑʔ
ܬܘܪܬܐ	torɑθɑʔ
ܬܘܫܐ	tawʃeʔ
ܬܘܫܐ	tawʃɑʔ
ܬܘܬܐ	tuθe
ܬܘܬܐ	tuθɑ
ܬܘܬܐ	təwɑθɑ
ܬܘܬܒܐ	tawtɑveʔ
ܬܘܬܒܐ	tawtɑvɑʔ
ܬܘܬܪܐ	tawtɑreʔ
ܬܘܬܪܐ	tawtɑrɑʔ
ܬܚܘܡܐ	təħumeʔ
ܬܚܘܡܐ	təħumɑʔ
ܬܛܠܝܠܐ	tatˤlile
ܬܛܠܝܠܐ	tatˤlilɑ
ܬܛܪܐ	tɛtˤreʔ
ܬܛܪܐ	tɛtˤrɑʔ
ܬܝܟܐ	təjɑxeʔ
ܬܝܟܐ	təjɑxɑʔ
ܬܝܡܢܐ	tajmənɑʔ
ܬܝܢܐ	tineʔ
ܬܝܢܐ	tinɑʔ
ܬܝܢܐ	təjɑneʔ
ܬܝܢܐ	təjɑnɑʔ
ܬܝܢܬܐ	təjɑntɑʔ
ܬܝܫܐ	tajʃeʔ
ܬܝܫܐ	tajʃɑʔ
ܬܟܘܘܪ	takkɑwor
ܬܟܣܝܬܐ	taxsiθɑ
ܬܟܣܝܬܐ	taxsəjɑθɑ
ܬܟܣܝܬܐ	tɑxsɑjtɑ
ܬܟܣܝܬܐ	tɑxsɑjɑθɑ
ܬܠܐ	tɛlleʔ
ܬܠܐ	tɛllɑʔ
ܬܠܓܐ	talɡeʔ
ܬܠܓܐ	talɡɑʔ
ܬܠܝܐ	taljɑʔ
ܬܠܝܐ	təlajjɑʔ
ܬܠܝܐ	təlɑjeʔ
ܬܠܝܐ	təlɑjɑʔ
ܬܠܝܐ	tɛllɑjeʔ
ܬܠܝܐ	tɛllɑjɑʔ
ܬܠܝܦܐ	tallifeʔ
ܬܠܝܦܐ	tallifɑʔ
ܬܠܝܬܝܘܬܐ	təliθɑjuθɑ
ܬܠܝܬܝܘܬܐ	təliθɑjwɑθɑ
ܬܠܡܝܕܐ	talmiðeʔ
ܬܠܡܝܕܐ	talmiðɑʔ
ܬܠܡܝܕܘܬܐ	talmiðuθɑʔ
ܬܠܡܝܕܬܐ	talmiðtɑʔ
ܬܠܡܝܕܬܐ	talmiðɑθɑʔ
ܬܠܬܒܫܒܐ	təlɑθbəʃabbeʔ
ܬܠܬܒܫܒܐ	təlɑθbəʃabbɑʔ
ܬܡܗܐ	tɛmheʔ
ܬܡܗܐ	tɛmhɑʔ
ܬܡܪܐ	tamreʔ
ܬܡܪܐ	tamrɑʔ
ܬܡܪܐ	tɛmreʔ
ܬܡܪܐ	tɛmrɑʔ
ܬܡܪܬܐ	təmarəθɑ
ܬܢܘܪܐ	tannure
ܬܢܘܪܐ	tannurɑ
ܬܢܘܪܐ	tanwɑre
ܬܢܘܪܐ	tanwɑrɑ
ܬܢܚܬܐ	tɛnnaħtɑʔ
ܬܢܚܬܐ	tɛnħɑθɑʔ
ܬܢܝܢܐ	tannine
ܬܢܝܢܐ	tanninɑ
ܬܢܝܢܐ	tɛnjɑne
ܬܢܝܢܐ	tɛnjɑnɑ
ܬܢܢܐ	tɛnnɑneʔ
ܬܢܢܐ	tɛnnɑnɑʔ
ܬܥܠܐ	taʕleʔ
ܬܥܠܐ	taʕlɑʔ
ܬܥܠܬܐ	taʕlɑθɑʔ
ܬܥܠܬܐ	taʕləθɑʔ
ܬܦܐ	tappeʔ
ܬܦܐ	tappɑʔ
ܬܦܘܬܐ	təfawwɑθɑʔ
ܬܦܘܬܐ	təfɑwɑθɑʔ
ܬܦܝܐ	təfajjeʔ
ܬܦܝܐ	təfajjɑʔ
ܬܦܝܐ	təfawwɑθɑʔ
ܬܦܝܐ	təfɑjeʔ
ܬܦܝܐ	təfɑjɑʔ
ܬܦܝܐ	təfɑwɑθɑʔ
ܬܦܫܘܪܬܐ	tafʃurtɑʔ
ܬܩܠܐ	təqɑleʔ
ܬܩܠܐ	təqɑlɑʔ
ܬܩܠܐ	tɛqleʔ
ܬܩܠܐ	tɛqlɑʔ
ܬܪܒܐ	tarbɑʔ
ܬܪܘܕܐ	tarwɑðeʔ
ܬܪܘܕܐ	tarwɑðɑʔ
ܬܪܘܢܘܣ	təronos
ܬܪܘܢܝܘܢ	təronjon
ܬܪܘܨܐ	tɑrosˤeʔ
ܬܪܘܨܐ	tɑrosˤɑʔ
ܬܪܝܢܒܫܒܐ	trejnbəʃabbeʔ
ܬܪܝܢܒܫܒܐ	trejnbəʃabbɑʔ
ܬܪܝܨܘܬܐ	tərisˤuθɑʔ
ܬܪܡܐ	tarrɑmɑ
ܬܪܡܐ	tɑromo
ܬܪܡܝܬܐ	tarmiθɑʔ
ܬܪܡܝܬܐ	tarməjɑθɑʔ
ܬܪܡܠܐ	tarmɑleʔ
ܬܪܡܠܐ	tarmɑlɑʔ
ܬܪܢܓܘܠܬܐ	tarnɑɣuljɑθɑʔ
ܬܪܢܓܘܠܬܐ	tarnɑɣultɑʔ
ܬܪܢܓܘܠܬܐ	tarnɑɣulɑθɑʔ
ܬܪܢܓܠܐ	tarnɑɣleʔ
ܬܪܢܓܠܐ	tarnɑɣlɑʔ
ܬܪܥܐ	tarrɑʕeʔ
ܬܪܥܐ	tarrɑʕɑʔ
ܬܪܥܐ	tarʕeʔ
ܬܪܥܐ	tarʕɑʔ
ܬܪܥܐ	tɑrʕeʔ
ܬܪܥܐ	tɑrʕɑʔ
ܬܪܥܐ	tərɑʕeʔ
ܬܪܥܐ	tərɑʕɑʔ
ܬܪܨ	tərasˤ
ܬܫܒܘܚܬܐ	tɛʃboħtɑʔ
ܬܫܒܚܬܐ	tɛʃbəħɑθɑʔ
ܬܫܡܫܬܐ	tɛʃməʃɑθɑʔ
ܬܫܡܫܬܐ	tɛʃmɛʃtɑʔ
ܬܫܢܝܩܐ	taʃniqeʔ
ܬܫܢܝܩܐ	taʃniqɑʔ
ܬܫܥܝܬܐ	taʃʃɛʕjɑθɑʔ
ܬܫܥܝܬܐ	taʃʕiθɑʔ
ܬܫܥܝܬܐ	taʃʕəjɑθɑʔ
ܬܫܪܝܬܐ	tɛʃrəjɑθɑʔ
ܬܬܐ	tettɑʔ
ܬܬܐ	tɛttɑʔ
